-- MariaDB dump 10.19  Distrib 10.4.32-MariaDB, for Win64 (AMD64)
--
-- Host: localhost    Database: komagin_hr
-- ------------------------------------------------------
-- Server version	10.4.32-MariaDB

/*!40101 SET @OLD_CHARACTER_SET_CLIENT=@@CHARACTER_SET_CLIENT */;
/*!40101 SET @OLD_CHARACTER_SET_RESULTS=@@CHARACTER_SET_RESULTS */;
/*!40101 SET @OLD_COLLATION_CONNECTION=@@COLLATION_CONNECTION */;
/*!40101 SET NAMES utf8mb4 */;
/*!40103 SET @OLD_TIME_ZONE=@@TIME_ZONE */;
/*!40103 SET TIME_ZONE='+00:00' */;
/*!40014 SET @OLD_UNIQUE_CHECKS=@@UNIQUE_CHECKS, UNIQUE_CHECKS=0 */;
/*!40014 SET @OLD_FOREIGN_KEY_CHECKS=@@FOREIGN_KEY_CHECKS, FOREIGN_KEY_CHECKS=0 */;
/*!40101 SET @OLD_SQL_MODE=@@SQL_MODE, SQL_MODE='NO_AUTO_VALUE_ON_ZERO' */;
/*!40111 SET @OLD_SQL_NOTES=@@SQL_NOTES, SQL_NOTES=0 */;

--
-- Table structure for table `approval_stages`
--

DROP TABLE IF EXISTS `approval_stages`;
/*!40101 SET @saved_cs_client     = @@character_set_client */;
/*!40101 SET character_set_client = utf8 */;
CREATE TABLE `approval_stages` (
  `id` int(10) unsigned NOT NULL AUTO_INCREMENT,
  `workflow_id` int(10) unsigned NOT NULL,
  `stage_number` tinyint(4) NOT NULL,
  `stage_name` varchar(100) NOT NULL,
  `approver_role` varchar(50) DEFAULT NULL,
  `approver_user_id` int(10) unsigned DEFAULT NULL,
  `status` enum('pending','approved','rejected','skipped') DEFAULT 'pending',
  `action` enum('approve','reject') DEFAULT NULL,
  `comments` text DEFAULT NULL,
  `acted_at` datetime DEFAULT NULL,
  `created_at` timestamp NOT NULL DEFAULT current_timestamp(),
  PRIMARY KEY (`id`),
  UNIQUE KEY `workflow_stage_unique` (`workflow_id`,`stage_number`),
  KEY `approver_user_id` (`approver_user_id`),
  CONSTRAINT `approval_stages_ibfk_1` FOREIGN KEY (`workflow_id`) REFERENCES `approval_workflows` (`id`) ON DELETE CASCADE,
  CONSTRAINT `approval_stages_ibfk_2` FOREIGN KEY (`approver_user_id`) REFERENCES `users` (`id`) ON DELETE SET NULL
) ENGINE=InnoDB AUTO_INCREMENT=3 DEFAULT CHARSET=utf8mb4 COLLATE=utf8mb4_unicode_ci;
/*!40101 SET character_set_client = @saved_cs_client */;

--
-- Dumping data for table `approval_stages`
--

LOCK TABLES `approval_stages` WRITE;
/*!40000 ALTER TABLE `approval_stages` DISABLE KEYS */;
/*!40000 ALTER TABLE `approval_stages` ENABLE KEYS */;
UNLOCK TABLES;

--
-- Table structure for table `approval_workflows`
--

DROP TABLE IF EXISTS `approval_workflows`;
/*!40101 SET @saved_cs_client     = @@character_set_client */;
/*!40101 SET character_set_client = utf8 */;
CREATE TABLE `approval_workflows` (
  `id` int(10) unsigned NOT NULL AUTO_INCREMENT,
  `workflow_type` enum('leave','payroll_run','promotion','transfer','termination','document','overtime','correction') NOT NULL,
  `reference_id` int(10) unsigned NOT NULL COMMENT 'ID in the source table',
  `reference_table` varchar(100) NOT NULL COMMENT 'Source table name',
  `title` varchar(255) NOT NULL,
  `initiated_by` int(10) unsigned DEFAULT NULL,
  `employee_id` int(10) unsigned DEFAULT NULL COMMENT 'Employee the workflow is about',
  `status` enum('pending','in_review','approved','rejected','cancelled','withdrawn') DEFAULT 'pending',
  `current_stage` tinyint(4) DEFAULT 1,
  `total_stages` tinyint(4) DEFAULT 1,
  `priority` enum('low','normal','high','urgent') DEFAULT 'normal',
  `due_date` date DEFAULT NULL,
  `notes` text DEFAULT NULL,
  `created_at` timestamp NOT NULL DEFAULT current_timestamp(),
  `updated_at` timestamp NOT NULL DEFAULT current_timestamp() ON UPDATE current_timestamp(),
  PRIMARY KEY (`id`),
  KEY `initiated_by` (`initiated_by`),
  KEY `employee_id` (`employee_id`),
  KEY `idx_approval_type` (`workflow_type`),
  KEY `idx_approval_status` (`status`),
  KEY `idx_approval_ref` (`workflow_type`,`reference_id`),
  CONSTRAINT `approval_workflows_ibfk_1` FOREIGN KEY (`initiated_by`) REFERENCES `users` (`id`) ON DELETE SET NULL,
  CONSTRAINT `approval_workflows_ibfk_2` FOREIGN KEY (`employee_id`) REFERENCES `employees` (`id`) ON DELETE CASCADE
) ENGINE=InnoDB AUTO_INCREMENT=2 DEFAULT CHARSET=utf8mb4 COLLATE=utf8mb4_unicode_ci;
/*!40101 SET character_set_client = @saved_cs_client */;

--
-- Dumping data for table `approval_workflows`
--

LOCK TABLES `approval_workflows` WRITE;
/*!40000 ALTER TABLE `approval_workflows` DISABLE KEYS */;
/*!40000 ALTER TABLE `approval_workflows` ENABLE KEYS */;
UNLOCK TABLES;

--
-- Table structure for table `archive_records`
--

DROP TABLE IF EXISTS `archive_records`;
/*!40101 SET @saved_cs_client     = @@character_set_client */;
/*!40101 SET character_set_client = utf8 */;
CREATE TABLE `archive_records` (
  `id` int(10) unsigned NOT NULL AUTO_INCREMENT,
  `archive_type` enum('monthly','quarterly','yearly') NOT NULL,
  `year` year(4) NOT NULL,
  `month` tinyint(2) DEFAULT NULL,
  `quarter` tinyint(1) DEFAULT NULL,
  `document_type` enum('timesheets','attendance','leave_report','overtime_report','payroll_support','hr_summary','employee_list','recruitment_summary','training_summary','disciplinary_summary','compliance') NOT NULL,
  `title` varchar(255) NOT NULL,
  `file_path` varchar(500) DEFAULT NULL,
  `department_id` int(10) unsigned DEFAULT NULL,
  `is_locked` tinyint(1) DEFAULT 0,
  `locked_by` int(10) unsigned DEFAULT NULL,
  `locked_at` datetime DEFAULT NULL,
  `generated_by` int(10) unsigned DEFAULT NULL,
  `generated_at` timestamp NOT NULL DEFAULT current_timestamp(),
  `notes` text DEFAULT NULL,
  PRIMARY KEY (`id`),
  KEY `idx_archive_year_month` (`year`,`month`),
  KEY `idx_archive_type` (`archive_type`,`document_type`)
) ENGINE=InnoDB AUTO_INCREMENT=10 DEFAULT CHARSET=utf8mb4 COLLATE=utf8mb4_unicode_ci;
/*!40101 SET character_set_client = @saved_cs_client */;

--
-- Dumping data for table `archive_records`
--

LOCK TABLES `archive_records` WRITE;
/*!40000 ALTER TABLE `archive_records` DISABLE KEYS */;
INSERT INTO `archive_records` VALUES (1,'monthly',2026,5,NULL,'attendance','Attendance Summary ??? May 2026',NULL,NULL,1,1,'2026-06-02 09:00:00',1,'2026-06-01 22:30:00',NULL),(2,'monthly',2026,5,NULL,'leave_report','Leave Report ??? May 2026',NULL,NULL,1,1,'2026-06-02 09:30:00',1,'2026-06-01 22:45:00',NULL),(3,'monthly',2026,5,NULL,'overtime_report','Overtime Report ??? May 2026',NULL,NULL,1,1,'2026-06-02 10:00:00',1,'2026-06-01 23:00:00',NULL),(4,'monthly',2026,5,NULL,'payroll_support','Payroll Support Pack ??? May 2026',NULL,NULL,1,1,'2026-06-02 10:30:00',1,'2026-06-01 23:30:00',NULL),(5,'monthly',2026,5,NULL,'hr_summary','HR Monthly Summary ??? May 2026',NULL,NULL,1,1,'2026-06-02 11:00:00',1,'2026-06-02 00:00:00',NULL),(6,'quarterly',2026,NULL,NULL,'timesheets','Q1 2026 Timesheet Archive',NULL,NULL,1,1,'2026-04-05 09:00:00',1,'2026-04-04 22:00:00',NULL),(7,'quarterly',2026,NULL,NULL,'attendance','Q1 2026 Attendance Archive',NULL,NULL,1,1,'2026-04-05 10:00:00',1,'2026-04-04 22:30:00',NULL),(8,'yearly',2025,NULL,NULL,'hr_summary','Annual HR Summary 2025',NULL,NULL,1,1,'2026-01-15 09:00:00',1,'2026-01-14 22:00:00',NULL),(9,'yearly',2025,NULL,NULL,'employee_list','Employee Register 2025',NULL,NULL,1,1,'2026-01-15 10:00:00',1,'2026-01-14 22:30:00',NULL);
/*!40000 ALTER TABLE `archive_records` ENABLE KEYS */;
UNLOCK TABLES;

--
-- Table structure for table `asset_assignments`
--

DROP TABLE IF EXISTS `asset_assignments`;
/*!40101 SET @saved_cs_client     = @@character_set_client */;
/*!40101 SET character_set_client = utf8 */;
CREATE TABLE `asset_assignments` (
  `id` int(10) unsigned NOT NULL AUTO_INCREMENT,
  `asset_id` int(10) unsigned NOT NULL,
  `employee_id` int(10) unsigned NOT NULL,
  `issued_date` date NOT NULL,
  `condition_on_issue` enum('excellent','good','fair','poor') DEFAULT 'good',
  `issued_by` int(10) unsigned DEFAULT NULL,
  `acknowledgement` tinyint(1) DEFAULT 0,
  `acknowledgement_date` datetime DEFAULT NULL,
  `expected_return_date` date DEFAULT NULL,
  `actual_return_date` date DEFAULT NULL,
  `condition_on_return` enum('excellent','good','fair','poor','damaged','lost') DEFAULT NULL,
  `return_remarks` text DEFAULT NULL,
  `received_by` int(10) unsigned DEFAULT NULL,
  `is_returned` tinyint(1) DEFAULT 0,
  `created_at` timestamp NOT NULL DEFAULT current_timestamp(),
  PRIMARY KEY (`id`),
  KEY `asset_id` (`asset_id`),
  KEY `employee_id` (`employee_id`),
  CONSTRAINT `asset_assignments_ibfk_1` FOREIGN KEY (`asset_id`) REFERENCES `company_assets` (`id`) ON DELETE CASCADE,
  CONSTRAINT `asset_assignments_ibfk_2` FOREIGN KEY (`employee_id`) REFERENCES `employees` (`id`) ON DELETE CASCADE
) ENGINE=InnoDB AUTO_INCREMENT=19 DEFAULT CHARSET=utf8mb4 COLLATE=utf8mb4_unicode_ci;
/*!40101 SET character_set_client = @saved_cs_client */;

--
-- Dumping data for table `asset_assignments`
--

LOCK TABLES `asset_assignments` WRITE;
/*!40000 ALTER TABLE `asset_assignments` DISABLE KEYS */;
INSERT INTO `asset_assignments` VALUES (1,1,13,'2026-01-15','good',1,1,'2026-01-15 09:00:00',NULL,NULL,NULL,NULL,NULL,0,'2026-06-27 12:10:44'),(2,11,13,'2026-01-15','good',1,1,'2026-01-15 09:00:00',NULL,NULL,NULL,NULL,NULL,0,'2026-06-27 12:10:44'),(4,2,2,'2026-01-15','good',1,1,'2026-01-15 09:00:00',NULL,NULL,NULL,NULL,NULL,0,'2026-06-27 12:10:44'),(5,12,2,'2026-01-15','good',1,1,'2026-01-15 09:00:00',NULL,NULL,NULL,NULL,NULL,0,'2026-06-27 12:10:44'),(7,3,1,'2026-01-15','excellent',1,1,'2026-01-15 09:00:00',NULL,NULL,NULL,NULL,NULL,0,'2026-06-27 12:10:44'),(8,13,1,'2026-01-15','excellent',1,1,'2026-01-15 09:00:00',NULL,NULL,NULL,NULL,NULL,0,'2026-06-27 12:10:44'),(10,4,10,'2026-03-01','good',1,1,'2026-03-01 09:00:00',NULL,NULL,NULL,NULL,NULL,0,'2026-06-27 12:10:44'),(11,15,10,'2026-03-01','good',1,1,'2026-03-01 09:00:00',NULL,NULL,NULL,NULL,NULL,0,'2026-06-27 12:10:44'),(13,5,13,'2026-03-01','good',1,1,'2026-03-01 09:00:00',NULL,NULL,NULL,NULL,NULL,0,'2026-06-27 12:10:44'),(14,16,13,'2026-03-01','good',1,1,'2026-03-01 09:00:00',NULL,NULL,NULL,NULL,NULL,0,'2026-06-27 12:10:44'),(16,8,10,'2026-01-10','good',1,1,'2026-01-10 08:00:00',NULL,NULL,NULL,NULL,NULL,0,'2026-06-27 12:10:44'),(17,19,10,'2026-01-10','good',1,1,'2026-01-10 08:00:00',NULL,NULL,NULL,NULL,NULL,0,'2026-06-27 12:10:44');
/*!40000 ALTER TABLE `asset_assignments` ENABLE KEYS */;
UNLOCK TABLES;

--
-- Table structure for table `attendance`
--

DROP TABLE IF EXISTS `attendance`;
/*!40101 SET @saved_cs_client     = @@character_set_client */;
/*!40101 SET character_set_client = utf8 */;
CREATE TABLE `attendance` (
  `id` int(10) unsigned NOT NULL AUTO_INCREMENT,
  `employee_id` int(10) unsigned NOT NULL,
  `employee_number` varchar(30) NOT NULL,
  `attendance_date` date NOT NULL,
  `sign_in` time DEFAULT NULL,
  `break_out` time DEFAULT NULL,
  `break_in` time DEFAULT NULL,
  `sign_out` time DEFAULT NULL,
  `break_duration_minutes` int(11) DEFAULT 0,
  `total_hours_worked` decimal(5,2) DEFAULT 0.00,
  `normal_hours` decimal(5,2) DEFAULT 0.00,
  `overtime_hours` decimal(5,2) DEFAULT 0.00,
  `is_late` tinyint(1) DEFAULT 0,
  `late_minutes` int(11) DEFAULT 0,
  `is_early_departure` tinyint(1) DEFAULT 0,
  `is_absent` tinyint(1) DEFAULT 0,
  `is_on_leave` tinyint(1) DEFAULT 0,
  `status` enum('present','absent','late','on_leave','half_day','holiday') DEFAULT 'present',
  `is_manually_adjusted` tinyint(1) DEFAULT 0,
  `adjustment_reason` text DEFAULT NULL,
  `adjusted_by` int(10) unsigned DEFAULT NULL,
  `adjusted_at` datetime DEFAULT NULL,
  `hr_remarks` text DEFAULT NULL,
  `is_approved` tinyint(1) DEFAULT 0,
  `approved_by` int(10) unsigned DEFAULT NULL,
  `approved_at` datetime DEFAULT NULL,
  `is_locked` tinyint(1) DEFAULT 0,
  `device_info` varchar(255) DEFAULT NULL,
  `ip_address` varchar(45) DEFAULT NULL,
  `created_at` timestamp NOT NULL DEFAULT current_timestamp(),
  `updated_at` timestamp NOT NULL DEFAULT current_timestamp() ON UPDATE current_timestamp(),
  PRIMARY KEY (`id`),
  UNIQUE KEY `attendance_unique` (`employee_id`,`attendance_date`),
  KEY `idx_att_date` (`attendance_date`),
  KEY `idx_att_emp` (`employee_id`),
  CONSTRAINT `attendance_ibfk_1` FOREIGN KEY (`employee_id`) REFERENCES `employees` (`id`) ON DELETE CASCADE
) ENGINE=InnoDB AUTO_INCREMENT=263 DEFAULT CHARSET=utf8mb4 COLLATE=utf8mb4_unicode_ci;
/*!40101 SET character_set_client = @saved_cs_client */;

--
-- Dumping data for table `attendance`
--

LOCK TABLES `attendance` WRITE;
/*!40000 ALTER TABLE `attendance` DISABLE KEYS */;
INSERT INTO `attendance` VALUES (1,13,'KOM-EMP-2026-0013','2026-06-25','20:11:07',NULL,NULL,'20:11:57',0,0.01,0.01,0.00,1,716,0,0,0,'late',0,NULL,NULL,NULL,NULL,0,NULL,NULL,0,NULL,'::1','2026-06-25 10:11:07','2026-06-25 10:11:57'),(2,1,'KOM-EMP-2026-0001','2026-06-01','08:04:42','12:30:00','13:04:48','17:51:00',66,8.67,8.00,0.67,0,0,0,0,0,'present',0,NULL,NULL,NULL,NULL,1,NULL,NULL,0,NULL,'127.0.0.1','2026-06-27 12:10:43','2026-06-27 12:10:43'),(3,1,'KOM-EMP-2026-0001','2026-06-02','08:04:10','12:30:00','13:08:58','18:28:00',63,9.35,8.00,1.35,0,0,0,0,0,'present',0,NULL,NULL,NULL,NULL,1,NULL,NULL,0,NULL,'127.0.0.1','2026-06-27 12:10:43','2026-06-27 12:10:43'),(4,1,'KOM-EMP-2026-0001','2026-06-03','08:01:48','12:30:00','13:01:45','18:11:00',66,9.05,8.00,1.05,0,0,0,0,0,'present',0,NULL,NULL,NULL,NULL,1,NULL,NULL,0,NULL,'127.0.0.1','2026-06-27 12:10:43','2026-06-27 12:10:43'),(5,1,'KOM-EMP-2026-0001','2026-06-04','08:02:33','12:30:00','13:02:46','18:17:00',66,9.14,8.00,1.14,0,0,0,0,0,'present',0,NULL,NULL,NULL,NULL,1,NULL,NULL,0,NULL,'127.0.0.1','2026-06-27 12:10:43','2026-06-27 12:10:43'),(6,1,'KOM-EMP-2026-0001','2026-06-05','08:01:21','12:30:00','13:01:39','17:01:00',68,7.86,7.86,0.00,0,0,0,0,0,'present',0,NULL,NULL,NULL,NULL,1,NULL,NULL,0,NULL,'127.0.0.1','2026-06-27 12:10:43','2026-06-27 12:10:43'),(7,1,'KOM-EMP-2026-0001','2026-06-08','08:02:49','12:30:00','13:02:26','17:47:00',73,8.52,8.00,0.52,0,0,0,0,0,'present',0,NULL,NULL,NULL,NULL,1,NULL,NULL,0,NULL,'127.0.0.1','2026-06-27 12:10:43','2026-06-27 12:10:43'),(8,1,'KOM-EMP-2026-0001','2026-06-09','08:03:15','12:30:00','13:06:45','17:38:00',61,8.56,8.00,0.56,0,0,0,0,0,'present',0,NULL,NULL,NULL,NULL,1,NULL,NULL,0,NULL,'127.0.0.1','2026-06-27 12:10:43','2026-06-27 12:10:43'),(9,1,'KOM-EMP-2026-0001','2026-06-10','08:02:33','12:30:00','13:00:55','18:24:00',65,9.27,8.00,1.27,0,0,0,0,0,'present',0,NULL,NULL,NULL,NULL,1,NULL,NULL,0,NULL,'127.0.0.1','2026-06-27 12:10:43','2026-06-27 12:10:43'),(10,1,'KOM-EMP-2026-0001','2026-06-11','08:27:04','12:30:00','13:03:34','17:48:00',69,8.20,8.00,0.20,1,25,0,0,0,'late',0,NULL,NULL,NULL,NULL,1,NULL,NULL,0,NULL,'127.0.0.1','2026-06-27 12:10:43','2026-06-27 12:10:43'),(11,1,'KOM-EMP-2026-0001','2026-06-12','08:04:03','12:30:00','13:04:17','18:04:00',64,8.93,8.00,0.93,0,0,0,0,0,'present',0,NULL,NULL,NULL,NULL,1,NULL,NULL,0,NULL,'127.0.0.1','2026-06-27 12:10:43','2026-06-27 12:10:43'),(12,1,'KOM-EMP-2026-0001','2026-06-15','08:02:30','12:30:00','13:06:56','18:26:00',71,9.21,8.00,1.21,0,0,0,0,0,'present',0,NULL,NULL,NULL,NULL,1,NULL,NULL,0,NULL,'127.0.0.1','2026-06-27 12:10:43','2026-06-27 12:10:43'),(13,1,'KOM-EMP-2026-0001','2026-06-16','08:00:04','12:30:00','13:05:07','17:46:00',60,8.77,8.00,0.77,0,0,0,0,0,'present',0,NULL,NULL,NULL,NULL,1,NULL,NULL,0,NULL,'127.0.0.1','2026-06-27 12:10:43','2026-06-27 12:10:43'),(14,1,'KOM-EMP-2026-0001','2026-06-17','08:02:15','12:30:00','13:00:55','17:09:00',63,8.06,8.00,0.06,0,0,0,0,0,'present',0,NULL,NULL,NULL,NULL,1,NULL,NULL,0,NULL,'127.0.0.1','2026-06-27 12:10:43','2026-06-27 12:10:43'),(15,1,'KOM-EMP-2026-0001','2026-06-18','08:02:18','12:30:00','13:08:16','18:07:00',64,9.01,8.00,1.01,0,0,0,0,0,'present',0,NULL,NULL,NULL,NULL,1,NULL,NULL,0,NULL,'127.0.0.1','2026-06-27 12:10:43','2026-06-27 12:10:43'),(16,1,'KOM-EMP-2026-0001','2026-06-19','08:30:02','12:30:00','13:09:18','17:02:00',65,7.45,7.45,0.00,1,29,0,0,0,'late',0,NULL,NULL,NULL,NULL,1,NULL,NULL,0,NULL,'127.0.0.1','2026-06-27 12:10:43','2026-06-27 12:10:43'),(17,1,'KOM-EMP-2026-0001','2026-06-22','08:00:10','12:30:00','13:03:24','17:54:00',74,8.66,8.00,0.66,0,0,0,0,0,'present',0,NULL,NULL,NULL,NULL,1,NULL,NULL,0,NULL,'127.0.0.1','2026-06-27 12:10:43','2026-06-27 12:10:43'),(18,1,'KOM-EMP-2026-0001','2026-06-23','08:27:52','12:30:00','13:01:23','18:27:00',66,8.89,8.00,0.89,1,25,0,0,0,'late',0,NULL,NULL,NULL,NULL,1,NULL,NULL,0,NULL,'127.0.0.1','2026-06-27 12:10:43','2026-06-27 12:10:43'),(19,1,'KOM-EMP-2026-0001','2026-06-24','08:00:16','12:30:00','13:04:29','17:07:00',61,8.10,8.00,0.10,0,0,0,0,0,'present',0,NULL,NULL,NULL,NULL,1,NULL,NULL,0,NULL,'127.0.0.1','2026-06-27 12:10:43','2026-06-27 12:10:43'),(20,1,'KOM-EMP-2026-0001','2026-06-25','08:19:16','12:30:00','13:01:53','17:52:00',65,8.46,8.00,0.46,1,17,0,0,0,'late',0,NULL,NULL,NULL,NULL,1,NULL,NULL,0,NULL,'127.0.0.1','2026-06-27 12:10:43','2026-06-27 12:10:43'),(21,1,'KOM-EMP-2026-0001','2026-06-26','08:09:54','12:30:00','13:08:57','17:48:00',74,8.40,8.00,0.40,1,5,0,0,0,'late',0,NULL,NULL,NULL,NULL,1,NULL,NULL,0,NULL,'127.0.0.1','2026-06-27 12:10:43','2026-06-27 12:10:43'),(22,2,'KOM-EMP-2026-0002','2026-06-01','08:03:45','12:30:00','13:07:11','17:30:00',68,8.30,8.00,0.30,0,0,0,0,0,'present',0,NULL,NULL,NULL,NULL,1,NULL,NULL,0,NULL,'127.0.0.1','2026-06-27 12:10:43','2026-06-27 12:10:43'),(23,2,'KOM-EMP-2026-0002','2026-06-02','08:01:17','12:30:00','13:09:14','18:15:00',66,9.13,8.00,1.13,0,0,0,0,0,'present',0,NULL,NULL,NULL,NULL,1,NULL,NULL,0,NULL,'127.0.0.1','2026-06-27 12:10:43','2026-06-27 12:10:43'),(24,2,'KOM-EMP-2026-0002','2026-06-03','08:00:43','12:30:00','13:06:23','18:08:00',72,8.92,8.00,0.92,0,0,0,0,0,'present',0,NULL,NULL,NULL,NULL,1,NULL,NULL,0,NULL,'127.0.0.1','2026-06-27 12:10:43','2026-06-27 12:10:43'),(25,2,'KOM-EMP-2026-0002','2026-06-04','08:27:39','12:30:00','13:06:57','17:07:00',64,7.59,7.59,0.00,1,27,0,0,0,'late',0,NULL,NULL,NULL,NULL,1,NULL,NULL,0,NULL,'127.0.0.1','2026-06-27 12:10:43','2026-06-27 12:10:43'),(26,2,'KOM-EMP-2026-0002','2026-06-05','08:03:46','12:30:00','13:07:34','17:46:00',64,8.64,8.00,0.64,0,0,0,0,0,'present',0,NULL,NULL,NULL,NULL,1,NULL,NULL,0,NULL,'127.0.0.1','2026-06-27 12:10:43','2026-06-27 12:10:43'),(27,2,'KOM-EMP-2026-0002','2026-06-08','08:19:41','12:30:00','13:06:34','18:00:00',65,8.59,8.00,0.59,1,17,0,0,0,'late',0,NULL,NULL,NULL,NULL,1,NULL,NULL,0,NULL,'127.0.0.1','2026-06-27 12:10:43','2026-06-27 12:10:43'),(28,2,'KOM-EMP-2026-0002','2026-06-09','08:01:05','12:30:00','13:04:49','18:08:00',65,9.03,8.00,1.03,0,0,0,0,0,'present',0,NULL,NULL,NULL,NULL,1,NULL,NULL,0,NULL,'127.0.0.1','2026-06-27 12:10:43','2026-06-27 12:10:43'),(29,2,'KOM-EMP-2026-0002','2026-06-10','08:00:28','12:30:00','13:02:05','18:08:00',62,9.09,8.00,1.09,0,0,0,0,0,'present',0,NULL,NULL,NULL,NULL,1,NULL,NULL,0,NULL,'127.0.0.1','2026-06-27 12:10:43','2026-06-27 12:10:43'),(30,2,'KOM-EMP-2026-0002','2026-06-11','08:03:12','12:30:00','13:02:56','17:48:00',72,8.55,8.00,0.55,0,0,0,0,0,'present',0,NULL,NULL,NULL,NULL,1,NULL,NULL,0,NULL,'127.0.0.1','2026-06-27 12:10:43','2026-06-27 12:10:43'),(31,2,'KOM-EMP-2026-0002','2026-06-12','08:01:09','12:30:00','13:05:05','18:17:00',71,9.08,8.00,1.08,0,0,0,0,0,'present',0,NULL,NULL,NULL,NULL,1,NULL,NULL,0,NULL,'127.0.0.1','2026-06-27 12:10:43','2026-06-27 12:10:43'),(32,2,'KOM-EMP-2026-0002','2026-06-15','08:03:50','12:30:00','13:02:12','18:11:00',65,9.04,8.00,1.04,0,0,0,0,0,'present',0,NULL,NULL,NULL,NULL,1,NULL,NULL,0,NULL,'127.0.0.1','2026-06-27 12:10:43','2026-06-27 12:10:43'),(33,2,'KOM-EMP-2026-0002','2026-06-16','08:01:44','12:30:00','13:09:19','17:55:00',64,8.82,8.00,0.82,0,0,0,0,0,'present',0,NULL,NULL,NULL,NULL,1,NULL,NULL,0,NULL,'127.0.0.1','2026-06-27 12:10:43','2026-06-27 12:10:43'),(34,2,'KOM-EMP-2026-0002','2026-06-17','08:01:24','12:30:00','13:05:02','18:00:00',72,8.78,8.00,0.78,0,0,0,0,0,'present',0,NULL,NULL,NULL,NULL,1,NULL,NULL,0,NULL,'127.0.0.1','2026-06-27 12:10:43','2026-06-27 12:10:43'),(35,2,'KOM-EMP-2026-0002','2026-06-18','08:04:12','12:30:00','13:03:29','17:19:00',60,8.25,8.00,0.25,0,0,0,0,0,'present',0,NULL,NULL,NULL,NULL,1,NULL,NULL,0,NULL,'127.0.0.1','2026-06-27 12:10:43','2026-06-27 12:10:43'),(36,2,'KOM-EMP-2026-0002','2026-06-19','08:04:14','12:30:00','13:04:21','17:57:00',73,8.66,8.00,0.66,0,0,0,0,0,'present',0,NULL,NULL,NULL,NULL,1,NULL,NULL,0,NULL,'127.0.0.1','2026-06-27 12:10:43','2026-06-27 12:10:43'),(37,2,'KOM-EMP-2026-0002','2026-06-22','08:03:13','12:30:00','13:08:44','17:38:00',67,8.46,8.00,0.46,0,0,0,0,0,'present',0,NULL,NULL,NULL,NULL,1,NULL,NULL,0,NULL,'127.0.0.1','2026-06-27 12:10:43','2026-06-27 12:10:43'),(38,2,'KOM-EMP-2026-0002','2026-06-23','08:00:23','12:30:00','13:03:58','18:08:00',69,8.98,8.00,0.98,0,0,0,0,0,'present',0,NULL,NULL,NULL,NULL,1,NULL,NULL,0,NULL,'127.0.0.1','2026-06-27 12:10:43','2026-06-27 12:10:43'),(39,2,'KOM-EMP-2026-0002','2026-06-24','08:04:06','12:30:00','13:09:17','17:16:00',62,8.16,8.00,0.16,0,0,0,0,0,'present',0,NULL,NULL,NULL,NULL,1,NULL,NULL,0,NULL,'127.0.0.1','2026-06-27 12:10:43','2026-06-27 12:10:43'),(40,2,'KOM-EMP-2026-0002','2026-06-25','08:16:52','12:30:00','13:01:45','17:50:00',63,8.50,8.00,0.50,1,13,0,0,0,'late',0,NULL,NULL,NULL,NULL,1,NULL,NULL,0,NULL,'127.0.0.1','2026-06-27 12:10:43','2026-06-27 12:10:43'),(41,2,'KOM-EMP-2026-0002','2026-06-26','08:01:51','12:30:00','13:09:39','18:04:00',70,8.87,8.00,0.87,0,0,0,0,0,'present',0,NULL,NULL,NULL,NULL,1,NULL,NULL,0,NULL,'127.0.0.1','2026-06-27 12:10:43','2026-06-27 12:10:43'),(42,3,'KOM-EMP-2026-0003','2026-06-01','08:01:22','12:30:00','13:05:50','17:08:00',70,7.94,7.94,0.00,0,0,0,0,0,'present',0,NULL,NULL,NULL,NULL,1,NULL,NULL,0,NULL,'127.0.0.1','2026-06-27 12:10:43','2026-06-27 12:10:43'),(43,3,'KOM-EMP-2026-0003','2026-06-02','08:02:08','12:30:00','13:01:52','17:58:00',70,8.76,8.00,0.76,0,0,0,0,0,'present',0,NULL,NULL,NULL,NULL,1,NULL,NULL,0,NULL,'127.0.0.1','2026-06-27 12:10:43','2026-06-27 12:10:43'),(44,3,'KOM-EMP-2026-0003','2026-06-03','08:03:42','12:30:00','13:09:50','18:03:00',68,8.86,8.00,0.86,0,0,0,0,0,'present',0,NULL,NULL,NULL,NULL,1,NULL,NULL,0,NULL,'127.0.0.1','2026-06-27 12:10:43','2026-06-27 12:10:43'),(45,3,'KOM-EMP-2026-0003','2026-06-04','08:03:38','12:30:00','13:06:01','18:14:00',64,9.11,8.00,1.11,0,0,0,0,0,'present',0,NULL,NULL,NULL,NULL,1,NULL,NULL,0,NULL,'127.0.0.1','2026-06-27 12:10:43','2026-06-27 12:10:43'),(46,3,'KOM-EMP-2026-0003','2026-06-05','08:04:29','12:30:00','13:09:33','17:07:00',68,7.91,7.91,0.00,0,0,0,0,0,'present',0,NULL,NULL,NULL,NULL,1,NULL,NULL,0,NULL,'127.0.0.1','2026-06-27 12:10:43','2026-06-27 12:10:43'),(47,3,'KOM-EMP-2026-0003','2026-06-08','08:03:31','12:30:00','13:01:12','17:44:00',61,8.66,8.00,0.66,0,0,0,0,0,'present',0,NULL,NULL,NULL,NULL,1,NULL,NULL,0,NULL,'127.0.0.1','2026-06-27 12:10:43','2026-06-27 12:10:43'),(48,3,'KOM-EMP-2026-0003','2026-06-09','08:32:56','12:30:00','13:07:54','17:16:00',68,7.58,7.58,0.00,1,30,0,0,0,'late',0,NULL,NULL,NULL,NULL,1,NULL,NULL,0,NULL,'127.0.0.1','2026-06-27 12:10:43','2026-06-27 12:10:43'),(49,3,'KOM-EMP-2026-0003','2026-06-10','08:02:32','12:30:00','13:08:14','17:54:00',68,8.72,8.00,0.72,0,0,0,0,0,'present',0,NULL,NULL,NULL,NULL,1,NULL,NULL,0,NULL,'127.0.0.1','2026-06-27 12:10:43','2026-06-27 12:10:43'),(50,3,'KOM-EMP-2026-0003','2026-06-11','08:04:07','12:30:00','13:04:31','18:11:00',68,8.98,8.00,0.98,0,0,0,0,0,'present',0,NULL,NULL,NULL,NULL,1,NULL,NULL,0,NULL,'127.0.0.1','2026-06-27 12:10:43','2026-06-27 12:10:43'),(51,3,'KOM-EMP-2026-0003','2026-06-12','08:01:01','12:30:00','13:02:22','17:51:00',61,8.82,8.00,0.82,0,0,0,0,0,'present',0,NULL,NULL,NULL,NULL,1,NULL,NULL,0,NULL,'127.0.0.1','2026-06-27 12:10:43','2026-06-27 12:10:43'),(52,3,'KOM-EMP-2026-0003','2026-06-15','08:01:03','12:30:00','13:03:08','18:23:00',70,9.20,8.00,1.20,0,0,0,0,0,'present',0,NULL,NULL,NULL,NULL,1,NULL,NULL,0,NULL,'127.0.0.1','2026-06-27 12:10:43','2026-06-27 12:10:43'),(53,3,'KOM-EMP-2026-0003','2026-06-16','08:04:17','12:30:00','13:08:52','18:16:00',69,9.05,8.00,1.05,0,0,0,0,0,'present',0,NULL,NULL,NULL,NULL,1,NULL,NULL,0,NULL,'127.0.0.1','2026-06-27 12:10:43','2026-06-27 12:10:43'),(54,3,'KOM-EMP-2026-0003','2026-06-17','08:03:15','12:30:00','13:07:35','18:16:00',74,8.98,8.00,0.98,0,0,0,0,0,'present',0,NULL,NULL,NULL,NULL,1,NULL,NULL,0,NULL,'127.0.0.1','2026-06-27 12:10:43','2026-06-27 12:10:43'),(55,3,'KOM-EMP-2026-0003','2026-06-18','08:00:51','12:30:00','13:02:27','18:04:00',72,8.85,8.00,0.85,0,0,0,0,0,'present',0,NULL,NULL,NULL,NULL,1,NULL,NULL,0,NULL,'127.0.0.1','2026-06-27 12:10:43','2026-06-27 12:10:43'),(56,3,'KOM-EMP-2026-0003','2026-06-19','08:40:34','12:30:00','13:06:45','18:15:00',62,8.54,8.00,0.54,1,38,0,0,0,'late',0,NULL,NULL,NULL,NULL,1,NULL,NULL,0,NULL,'127.0.0.1','2026-06-27 12:10:43','2026-06-27 12:10:43'),(57,3,'KOM-EMP-2026-0003','2026-06-22','08:04:55','12:30:00','13:00:26','17:23:00',62,8.27,8.00,0.27,0,0,0,0,0,'present',0,NULL,NULL,NULL,NULL,1,NULL,NULL,0,NULL,'127.0.0.1','2026-06-27 12:10:43','2026-06-27 12:10:43'),(58,3,'KOM-EMP-2026-0003','2026-06-23','08:01:14','12:30:00','13:07:27','18:28:00',70,9.28,8.00,1.28,0,0,0,0,0,'present',0,NULL,NULL,NULL,NULL,1,NULL,NULL,0,NULL,'127.0.0.1','2026-06-27 12:10:43','2026-06-27 12:10:43'),(59,3,'KOM-EMP-2026-0003','2026-06-24','08:00:53','12:30:00','13:05:41','17:27:00',72,8.24,8.00,0.24,0,0,0,0,0,'present',0,NULL,NULL,NULL,NULL,1,NULL,NULL,0,NULL,'127.0.0.1','2026-06-27 12:10:43','2026-06-27 12:10:43'),(60,3,'KOM-EMP-2026-0003','2026-06-25','08:02:38','12:30:00','13:00:23','17:55:00',74,8.64,8.00,0.64,0,0,0,0,0,'present',0,NULL,NULL,NULL,NULL,1,NULL,NULL,0,NULL,'127.0.0.1','2026-06-27 12:10:43','2026-06-27 12:10:43'),(61,3,'KOM-EMP-2026-0003','2026-06-26','08:03:53','12:30:00','13:01:01','17:16:00',68,8.07,8.00,0.07,0,0,0,0,0,'present',0,NULL,NULL,NULL,NULL,1,NULL,NULL,0,NULL,'127.0.0.1','2026-06-27 12:10:43','2026-06-27 12:10:43'),(62,4,'KOM-EMP-2026-0004','2026-06-01','08:01:04','12:30:00','13:08:56','18:13:00',66,9.10,8.00,1.10,0,0,0,0,0,'present',0,NULL,NULL,NULL,NULL,1,NULL,NULL,0,NULL,'127.0.0.1','2026-06-27 12:10:43','2026-06-27 12:10:43'),(63,4,'KOM-EMP-2026-0004','2026-06-02','08:00:27','12:30:00','13:04:19','18:20:00',62,9.29,8.00,1.29,0,0,0,0,0,'present',0,NULL,NULL,NULL,NULL,1,NULL,NULL,0,NULL,'127.0.0.1','2026-06-27 12:10:43','2026-06-27 12:10:43'),(64,4,'KOM-EMP-2026-0004','2026-06-03','08:38:50','12:30:00','13:00:56','17:32:00',67,7.77,7.77,0.00,1,37,0,0,0,'late',0,NULL,NULL,NULL,NULL,1,NULL,NULL,0,NULL,'127.0.0.1','2026-06-27 12:10:43','2026-06-27 12:10:43'),(65,4,'KOM-EMP-2026-0004','2026-06-04','08:00:34','12:30:00','13:09:36','17:41:00',66,8.57,8.00,0.57,0,0,0,0,0,'present',0,NULL,NULL,NULL,NULL,1,NULL,NULL,0,NULL,'127.0.0.1','2026-06-27 12:10:43','2026-06-27 12:10:43'),(66,4,'KOM-EMP-2026-0004','2026-06-05','08:01:24','12:30:00','13:02:49','17:51:00',60,8.83,8.00,0.83,0,0,0,0,0,'present',0,NULL,NULL,NULL,NULL,1,NULL,NULL,0,NULL,'127.0.0.1','2026-06-27 12:10:43','2026-06-27 12:10:43'),(67,4,'KOM-EMP-2026-0004','2026-06-08','08:03:53','12:30:00','13:07:57','17:57:00',72,8.69,8.00,0.69,0,0,0,0,0,'present',0,NULL,NULL,NULL,NULL,1,NULL,NULL,0,NULL,'127.0.0.1','2026-06-27 12:10:43','2026-06-27 12:10:43'),(68,4,'KOM-EMP-2026-0004','2026-06-09','08:18:49','12:30:00','13:09:55','17:05:00',65,7.69,7.69,0.00,1,14,0,0,0,'late',0,NULL,NULL,NULL,NULL,1,NULL,NULL,0,NULL,'127.0.0.1','2026-06-27 12:10:43','2026-06-27 12:10:43'),(69,4,'KOM-EMP-2026-0004','2026-06-10','08:03:51','12:30:00','13:01:32','17:41:00',72,8.42,8.00,0.42,0,0,0,0,0,'present',0,NULL,NULL,NULL,NULL,1,NULL,NULL,0,NULL,'127.0.0.1','2026-06-27 12:10:43','2026-06-27 12:10:43'),(70,4,'KOM-EMP-2026-0004','2026-06-11','08:02:21','12:30:00','13:09:47','17:43:00',66,8.58,8.00,0.58,0,0,0,0,0,'present',0,NULL,NULL,NULL,NULL,1,NULL,NULL,0,NULL,'127.0.0.1','2026-06-27 12:10:43','2026-06-27 12:10:43'),(71,4,'KOM-EMP-2026-0004','2026-06-12','08:03:45','12:30:00','13:02:59','17:21:00',64,8.22,8.00,0.22,0,0,0,0,0,'present',0,NULL,NULL,NULL,NULL,1,NULL,NULL,0,NULL,'127.0.0.1','2026-06-27 12:10:43','2026-06-27 12:10:43'),(72,4,'KOM-EMP-2026-0004','2026-06-15','08:04:34','12:30:00','13:02:58','18:06:00',72,8.82,8.00,0.82,0,0,0,0,0,'present',0,NULL,NULL,NULL,NULL,1,NULL,NULL,0,NULL,'127.0.0.1','2026-06-27 12:10:43','2026-06-27 12:10:43'),(73,4,'KOM-EMP-2026-0004','2026-06-16','08:03:20','12:30:00','13:08:53','17:39:00',67,8.48,8.00,0.48,0,0,0,0,0,'present',0,NULL,NULL,NULL,NULL,1,NULL,NULL,0,NULL,'127.0.0.1','2026-06-27 12:10:43','2026-06-27 12:10:43'),(74,4,'KOM-EMP-2026-0004','2026-06-17','08:00:14','12:30:00','13:02:39','17:16:00',61,8.25,8.00,0.25,0,0,0,0,0,'present',0,NULL,NULL,NULL,NULL,1,NULL,NULL,0,NULL,'127.0.0.1','2026-06-27 12:10:43','2026-06-27 12:10:43'),(75,4,'KOM-EMP-2026-0004','2026-06-18','08:02:47','12:30:00','13:08:42','18:01:00',71,8.79,8.00,0.79,0,0,0,0,0,'present',0,NULL,NULL,NULL,NULL,1,NULL,NULL,0,NULL,'127.0.0.1','2026-06-27 12:10:43','2026-06-27 12:10:43'),(76,4,'KOM-EMP-2026-0004','2026-06-19','08:01:13','12:30:00','13:04:29','17:45:00',62,8.70,8.00,0.70,0,0,0,0,0,'present',0,NULL,NULL,NULL,NULL,1,NULL,NULL,0,NULL,'127.0.0.1','2026-06-27 12:10:43','2026-06-27 12:10:43'),(77,4,'KOM-EMP-2026-0004','2026-06-22','08:02:59','12:30:00','13:06:54','17:59:00',63,8.88,8.00,0.88,0,0,0,0,0,'present',0,NULL,NULL,NULL,NULL,1,NULL,NULL,0,NULL,'127.0.0.1','2026-06-27 12:10:43','2026-06-27 12:10:43'),(78,4,'KOM-EMP-2026-0004','2026-06-23','08:38:41','12:30:00','13:08:47','17:33:00',63,7.86,7.86,0.00,1,37,0,0,0,'late',0,NULL,NULL,NULL,NULL,1,NULL,NULL,0,NULL,'127.0.0.1','2026-06-27 12:10:43','2026-06-27 12:10:43'),(79,4,'KOM-EMP-2026-0004','2026-06-24','08:36:45','12:30:00','13:03:05','17:25:00',67,7.69,7.69,0.00,1,33,0,0,0,'late',0,NULL,NULL,NULL,NULL,1,NULL,NULL,0,NULL,'127.0.0.1','2026-06-27 12:10:43','2026-06-27 12:10:43'),(80,4,'KOM-EMP-2026-0004','2026-06-25','08:03:25','12:30:00','13:05:06','17:45:00',74,8.46,8.00,0.46,0,0,0,0,0,'present',0,NULL,NULL,NULL,NULL,1,NULL,NULL,0,NULL,'127.0.0.1','2026-06-27 12:10:43','2026-06-27 12:10:43'),(81,4,'KOM-EMP-2026-0004','2026-06-26','08:01:08','12:30:00','13:08:11','17:37:00',68,8.46,8.00,0.46,0,0,0,0,0,'present',0,NULL,NULL,NULL,NULL,1,NULL,NULL,0,NULL,'127.0.0.1','2026-06-27 12:10:43','2026-06-27 12:10:43'),(82,5,'KOM-EMP-2026-0005','2026-06-01','08:00:06','12:30:00','13:08:06','18:29:00',67,9.36,8.00,1.36,0,0,0,0,0,'present',0,NULL,NULL,NULL,NULL,1,NULL,NULL,0,NULL,'127.0.0.1','2026-06-27 12:10:43','2026-06-27 12:10:43'),(83,5,'KOM-EMP-2026-0005','2026-06-02','08:03:14','12:30:00','13:03:04','17:53:00',60,8.83,8.00,0.83,0,0,0,0,0,'present',0,NULL,NULL,NULL,NULL,1,NULL,NULL,0,NULL,'127.0.0.1','2026-06-27 12:10:43','2026-06-27 12:10:43'),(84,5,'KOM-EMP-2026-0005','2026-06-03','08:00:31','12:30:00','13:01:43','17:49:00',63,8.76,8.00,0.76,0,0,0,0,0,'present',0,NULL,NULL,NULL,NULL,1,NULL,NULL,0,NULL,'127.0.0.1','2026-06-27 12:10:43','2026-06-27 12:10:43'),(85,5,'KOM-EMP-2026-0005','2026-06-04','08:00:57','12:30:00','13:01:58','17:36:00',66,8.48,8.00,0.48,0,0,0,0,0,'present',0,NULL,NULL,NULL,NULL,1,NULL,NULL,0,NULL,'127.0.0.1','2026-06-27 12:10:43','2026-06-27 12:10:43'),(86,5,'KOM-EMP-2026-0005','2026-06-05','08:34:12','12:30:00','13:07:05','17:37:00',74,7.81,7.81,0.00,1,34,0,0,0,'late',0,NULL,NULL,NULL,NULL,1,NULL,NULL,0,NULL,'127.0.0.1','2026-06-27 12:10:43','2026-06-27 12:10:43'),(87,5,'KOM-EMP-2026-0005','2026-06-08','08:01:41','12:30:00','13:07:08','17:49:00',69,8.64,8.00,0.64,0,0,0,0,0,'present',0,NULL,NULL,NULL,NULL,1,NULL,NULL,0,NULL,'127.0.0.1','2026-06-27 12:10:43','2026-06-27 12:10:43'),(88,5,'KOM-EMP-2026-0005','2026-06-09','08:03:00','12:30:00','13:05:02','18:04:00',61,9.00,8.00,1.00,0,0,0,0,0,'present',0,NULL,NULL,NULL,NULL,1,NULL,NULL,0,NULL,'127.0.0.1','2026-06-27 12:10:43','2026-06-27 12:10:43'),(89,5,'KOM-EMP-2026-0005','2026-06-10','08:00:41','12:30:00','13:08:25','18:12:00',67,9.07,8.00,1.07,0,0,0,0,0,'present',0,NULL,NULL,NULL,NULL,1,NULL,NULL,0,NULL,'127.0.0.1','2026-06-27 12:10:43','2026-06-27 12:10:43'),(90,5,'KOM-EMP-2026-0005','2026-06-11','08:35:55','12:30:00','13:02:43','18:12:00',63,8.55,8.00,0.55,1,35,0,0,0,'late',0,NULL,NULL,NULL,NULL,1,NULL,NULL,0,NULL,'127.0.0.1','2026-06-27 12:10:43','2026-06-27 12:10:43'),(91,5,'KOM-EMP-2026-0005','2026-06-12','08:04:02','12:30:00','13:09:28','17:28:00',71,8.22,8.00,0.22,0,0,0,0,0,'present',0,NULL,NULL,NULL,NULL,1,NULL,NULL,0,NULL,'127.0.0.1','2026-06-27 12:10:43','2026-06-27 12:10:43'),(92,5,'KOM-EMP-2026-0005','2026-06-15','08:04:07','12:30:00','13:06:42','18:19:00',65,9.16,8.00,1.16,0,0,0,0,0,'present',0,NULL,NULL,NULL,NULL,1,NULL,NULL,0,NULL,'127.0.0.1','2026-06-27 12:10:43','2026-06-27 12:10:43'),(93,5,'KOM-EMP-2026-0005','2026-06-16','08:01:04','12:30:00','13:02:38','18:00:00',68,8.85,8.00,0.85,0,0,0,0,0,'present',0,NULL,NULL,NULL,NULL,1,NULL,NULL,0,NULL,'127.0.0.1','2026-06-27 12:10:43','2026-06-27 12:10:43'),(94,5,'KOM-EMP-2026-0005','2026-06-17','08:01:56','12:30:00','13:04:57','17:27:00',60,8.42,8.00,0.42,0,0,0,0,0,'present',0,NULL,NULL,NULL,NULL,1,NULL,NULL,0,NULL,'127.0.0.1','2026-06-27 12:10:43','2026-06-27 12:10:43'),(95,5,'KOM-EMP-2026-0005','2026-06-18','08:02:16','12:30:00','13:03:08','17:18:00',61,8.25,8.00,0.25,0,0,0,0,0,'present',0,NULL,NULL,NULL,NULL,1,NULL,NULL,0,NULL,'127.0.0.1','2026-06-27 12:10:43','2026-06-27 12:10:43'),(96,5,'KOM-EMP-2026-0005','2026-06-19','08:00:46','12:30:00','13:00:55','18:29:00',70,9.30,8.00,1.30,0,0,0,0,0,'present',0,NULL,NULL,NULL,NULL,1,NULL,NULL,0,NULL,'127.0.0.1','2026-06-27 12:10:43','2026-06-27 12:10:43'),(97,5,'KOM-EMP-2026-0005','2026-06-22','08:02:56','12:30:00','13:03:06','18:11:00',60,9.13,8.00,1.13,0,0,0,0,0,'present',0,NULL,NULL,NULL,NULL,1,NULL,NULL,0,NULL,'127.0.0.1','2026-06-27 12:10:43','2026-06-27 12:10:43'),(98,5,'KOM-EMP-2026-0005','2026-06-23','08:00:42','12:30:00','13:01:24','17:24:00',74,8.15,8.00,0.15,0,0,0,0,0,'present',0,NULL,NULL,NULL,NULL,1,NULL,NULL,0,NULL,'127.0.0.1','2026-06-27 12:10:43','2026-06-27 12:10:43'),(99,5,'KOM-EMP-2026-0005','2026-06-24','08:03:15','12:30:00','13:05:42','18:20:00',71,9.10,8.00,1.10,0,0,0,0,0,'present',0,NULL,NULL,NULL,NULL,1,NULL,NULL,0,NULL,'127.0.0.1','2026-06-27 12:10:43','2026-06-27 12:10:43'),(100,5,'KOM-EMP-2026-0005','2026-06-25','08:03:04','12:30:00','13:05:04','18:02:00',74,8.75,8.00,0.75,0,0,0,0,0,'present',0,NULL,NULL,NULL,NULL,1,NULL,NULL,0,NULL,'127.0.0.1','2026-06-27 12:10:43','2026-06-27 12:10:43'),(101,5,'KOM-EMP-2026-0005','2026-06-26','08:01:34','12:30:00','13:06:55','17:46:00',67,8.62,8.00,0.62,0,0,0,0,0,'present',0,NULL,NULL,NULL,NULL,1,NULL,NULL,0,NULL,'127.0.0.1','2026-06-27 12:10:43','2026-06-27 12:10:43'),(102,6,'KOM-EMP-2026-0006','2026-06-01','08:01:01','12:30:00','13:02:07','17:40:00',68,8.52,8.00,0.52,0,0,0,0,0,'present',0,NULL,NULL,NULL,NULL,1,NULL,NULL,0,NULL,'127.0.0.1','2026-06-27 12:10:43','2026-06-27 12:10:43'),(103,6,'KOM-EMP-2026-0006','2026-06-02','08:01:28','12:30:00','13:06:22','17:27:00',69,8.28,8.00,0.28,0,0,0,0,0,'present',0,NULL,NULL,NULL,NULL,1,NULL,NULL,0,NULL,'127.0.0.1','2026-06-27 12:10:43','2026-06-27 12:10:43'),(104,6,'KOM-EMP-2026-0006','2026-06-03','08:36:42','12:30:00','13:02:14','18:21:00',72,8.54,8.00,0.54,1,33,0,0,0,'late',0,NULL,NULL,NULL,NULL,1,NULL,NULL,0,NULL,'127.0.0.1','2026-06-27 12:10:43','2026-06-27 12:10:43'),(105,6,'KOM-EMP-2026-0006','2026-06-04','08:04:03','12:30:00','13:06:45','18:24:00',69,9.18,8.00,1.18,0,0,0,0,0,'present',0,NULL,NULL,NULL,NULL,1,NULL,NULL,0,NULL,'127.0.0.1','2026-06-27 12:10:43','2026-06-27 12:10:43'),(106,6,'KOM-EMP-2026-0006','2026-06-05','08:02:28','12:30:00','13:09:51','17:40:00',64,8.56,8.00,0.56,0,0,0,0,0,'present',0,NULL,NULL,NULL,NULL,1,NULL,NULL,0,NULL,'127.0.0.1','2026-06-27 12:10:43','2026-06-27 12:10:43'),(107,6,'KOM-EMP-2026-0006','2026-06-08','08:14:11','12:30:00','13:04:16','17:37:00',72,8.18,8.00,0.18,1,13,0,0,0,'late',0,NULL,NULL,NULL,NULL,1,NULL,NULL,0,NULL,'127.0.0.1','2026-06-27 12:10:43','2026-06-27 12:10:43'),(108,6,'KOM-EMP-2026-0006','2026-06-09','08:03:09','12:30:00','13:07:05','17:58:00',61,8.90,8.00,0.90,0,0,0,0,0,'present',0,NULL,NULL,NULL,NULL,1,NULL,NULL,0,NULL,'127.0.0.1','2026-06-27 12:10:43','2026-06-27 12:10:43'),(109,6,'KOM-EMP-2026-0006','2026-06-10','08:00:06','12:30:00','13:00:43','17:26:00',63,8.38,8.00,0.38,0,0,0,0,0,'present',0,NULL,NULL,NULL,NULL,1,NULL,NULL,0,NULL,'127.0.0.1','2026-06-27 12:10:43','2026-06-27 12:10:43'),(110,6,'KOM-EMP-2026-0006','2026-06-11','08:00:37','12:30:00','13:04:59','17:10:00',61,8.14,8.00,0.14,0,0,0,0,0,'present',0,NULL,NULL,NULL,NULL,1,NULL,NULL,0,NULL,'127.0.0.1','2026-06-27 12:10:43','2026-06-27 12:10:43'),(111,6,'KOM-EMP-2026-0006','2026-06-12','08:23:44','12:30:00','13:04:17','18:20:00',63,8.89,8.00,0.89,1,20,0,0,0,'late',0,NULL,NULL,NULL,NULL,1,NULL,NULL,0,NULL,'127.0.0.1','2026-06-27 12:10:43','2026-06-27 12:10:43'),(112,6,'KOM-EMP-2026-0006','2026-06-15','08:00:13','12:30:00','13:02:18','17:01:00',66,7.91,7.91,0.00,0,0,0,0,0,'present',0,NULL,NULL,NULL,NULL,1,NULL,NULL,0,NULL,'127.0.0.1','2026-06-27 12:10:43','2026-06-27 12:10:43'),(113,6,'KOM-EMP-2026-0006','2026-06-16','08:03:14','12:30:00','13:03:14','18:00:00',66,8.85,8.00,0.85,0,0,0,0,0,'present',0,NULL,NULL,NULL,NULL,1,NULL,NULL,0,NULL,'127.0.0.1','2026-06-27 12:10:43','2026-06-27 12:10:43'),(114,6,'KOM-EMP-2026-0006','2026-06-17','08:03:30','12:30:00','13:05:38','18:04:00',73,8.79,8.00,0.79,0,0,0,0,0,'present',0,NULL,NULL,NULL,NULL,1,NULL,NULL,0,NULL,'127.0.0.1','2026-06-27 12:10:43','2026-06-27 12:10:43'),(115,6,'KOM-EMP-2026-0006','2026-06-18','08:03:32','12:30:00','13:07:17','17:46:00',66,8.61,8.00,0.61,0,0,0,0,0,'present',0,NULL,NULL,NULL,NULL,1,NULL,NULL,0,NULL,'127.0.0.1','2026-06-27 12:10:43','2026-06-27 12:10:43'),(116,6,'KOM-EMP-2026-0006','2026-06-19','08:02:06','12:30:00','13:04:55','17:18:00',68,8.13,8.00,0.13,0,0,0,0,0,'present',0,NULL,NULL,NULL,NULL,1,NULL,NULL,0,NULL,'127.0.0.1','2026-06-27 12:10:43','2026-06-27 12:10:43'),(117,6,'KOM-EMP-2026-0006','2026-06-22','08:38:36','12:30:00','13:00:55','18:02:00',62,8.36,8.00,0.36,1,34,0,0,0,'late',0,NULL,NULL,NULL,NULL,1,NULL,NULL,0,NULL,'127.0.0.1','2026-06-27 12:10:43','2026-06-27 12:10:43'),(118,6,'KOM-EMP-2026-0006','2026-06-23','08:04:28','12:30:00','13:07:53','17:22:00',73,8.08,8.00,0.08,0,0,0,0,0,'present',0,NULL,NULL,NULL,NULL,1,NULL,NULL,0,NULL,'127.0.0.1','2026-06-27 12:10:43','2026-06-27 12:10:43'),(119,6,'KOM-EMP-2026-0006','2026-06-24','08:00:58','12:30:00','13:06:15','17:48:00',72,8.58,8.00,0.58,0,0,0,0,0,'present',0,NULL,NULL,NULL,NULL,1,NULL,NULL,0,NULL,'127.0.0.1','2026-06-27 12:10:43','2026-06-27 12:10:43'),(120,6,'KOM-EMP-2026-0006','2026-06-25','08:03:41','12:30:00','13:03:59','18:10:00',70,8.94,8.00,0.94,0,0,0,0,0,'present',0,NULL,NULL,NULL,NULL,1,NULL,NULL,0,NULL,'127.0.0.1','2026-06-27 12:10:43','2026-06-27 12:10:43'),(121,6,'KOM-EMP-2026-0006','2026-06-26','08:24:41','12:30:00','13:00:36','17:26:00',64,7.96,7.96,0.00,1,23,0,0,0,'late',0,NULL,NULL,NULL,NULL,1,NULL,NULL,0,NULL,'127.0.0.1','2026-06-27 12:10:43','2026-06-27 12:10:43'),(122,7,'KOM-EMP-2026-0007','2026-06-01','08:04:35','12:30:00','13:09:13','18:17:00',67,9.09,8.00,1.09,0,0,0,0,0,'present',0,NULL,NULL,NULL,NULL,1,NULL,NULL,0,NULL,'127.0.0.1','2026-06-27 12:10:43','2026-06-27 12:10:43'),(123,7,'KOM-EMP-2026-0007','2026-06-02','08:29:14','12:30:00','13:02:01','17:23:00',70,7.73,7.73,0.00,1,28,0,0,0,'late',0,NULL,NULL,NULL,NULL,1,NULL,NULL,0,NULL,'127.0.0.1','2026-06-27 12:10:43','2026-06-27 12:10:43'),(124,7,'KOM-EMP-2026-0007','2026-06-03','08:03:14','12:30:00','13:09:43','18:22:00',70,9.15,8.00,1.15,0,0,0,0,0,'present',0,NULL,NULL,NULL,NULL,1,NULL,NULL,0,NULL,'127.0.0.1','2026-06-27 12:10:43','2026-06-27 12:10:43'),(125,7,'KOM-EMP-2026-0007','2026-06-04','08:01:51','12:30:00','13:07:52','18:14:00',71,9.02,8.00,1.02,0,0,0,0,0,'present',0,NULL,NULL,NULL,NULL,1,NULL,NULL,0,NULL,'127.0.0.1','2026-06-27 12:10:43','2026-06-27 12:10:43'),(126,7,'KOM-EMP-2026-0007','2026-06-05','08:01:49','12:30:00','13:08:18','17:05:00',72,7.85,7.85,0.00,0,0,0,0,0,'present',0,NULL,NULL,NULL,NULL,1,NULL,NULL,0,NULL,'127.0.0.1','2026-06-27 12:10:43','2026-06-27 12:10:43'),(127,7,'KOM-EMP-2026-0007','2026-06-08','08:04:56','12:30:00','13:02:50','17:40:00',66,8.48,8.00,0.48,0,0,0,0,0,'present',0,NULL,NULL,NULL,NULL,1,NULL,NULL,0,NULL,'127.0.0.1','2026-06-27 12:10:43','2026-06-27 12:10:43'),(128,7,'KOM-EMP-2026-0007','2026-06-09','08:01:32','12:30:00','13:04:10','17:14:00',68,8.07,8.00,0.07,0,0,0,0,0,'present',0,NULL,NULL,NULL,NULL,1,NULL,NULL,0,NULL,'127.0.0.1','2026-06-27 12:10:43','2026-06-27 12:10:43'),(129,7,'KOM-EMP-2026-0007','2026-06-10','08:03:59','12:30:00','13:01:09','17:16:00',68,8.07,8.00,0.07,0,0,0,0,0,'present',0,NULL,NULL,NULL,NULL,1,NULL,NULL,0,NULL,'127.0.0.1','2026-06-27 12:10:43','2026-06-27 12:10:43'),(130,7,'KOM-EMP-2026-0007','2026-06-11','08:02:05','12:30:00','13:04:29','18:29:00',69,9.30,8.00,1.30,0,0,0,0,0,'present',0,NULL,NULL,NULL,NULL,1,NULL,NULL,0,NULL,'127.0.0.1','2026-06-27 12:10:43','2026-06-27 12:10:43'),(131,7,'KOM-EMP-2026-0007','2026-06-12','08:24:52','12:30:00','13:03:13','17:44:00',67,8.20,8.00,0.20,1,23,0,0,0,'late',0,NULL,NULL,NULL,NULL,1,NULL,NULL,0,NULL,'127.0.0.1','2026-06-27 12:10:43','2026-06-27 12:10:43'),(132,7,'KOM-EMP-2026-0007','2026-06-15','08:01:43','12:30:00','13:08:28','17:18:00',66,8.17,8.00,0.17,0,0,0,0,0,'present',0,NULL,NULL,NULL,NULL,1,NULL,NULL,0,NULL,'127.0.0.1','2026-06-27 12:10:43','2026-06-27 12:10:43'),(133,7,'KOM-EMP-2026-0007','2026-06-16','08:00:19','12:30:00','13:02:36','17:10:00',71,7.98,7.98,0.00,0,0,0,0,0,'present',0,NULL,NULL,NULL,NULL,1,NULL,NULL,0,NULL,'127.0.0.1','2026-06-27 12:10:43','2026-06-27 12:10:43'),(134,7,'KOM-EMP-2026-0007','2026-06-17','08:02:37','12:30:00','13:08:56','18:21:00',72,9.11,8.00,1.11,0,0,0,0,0,'present',0,NULL,NULL,NULL,NULL,1,NULL,NULL,0,NULL,'127.0.0.1','2026-06-27 12:10:43','2026-06-27 12:10:43'),(135,7,'KOM-EMP-2026-0007','2026-06-18','08:02:33','12:30:00','13:03:44','17:30:00',68,8.32,8.00,0.32,0,0,0,0,0,'present',0,NULL,NULL,NULL,NULL,1,NULL,NULL,0,NULL,'127.0.0.1','2026-06-27 12:10:43','2026-06-27 12:10:43'),(136,7,'KOM-EMP-2026-0007','2026-06-19','08:01:44','12:30:00','13:03:10','17:48:00',71,8.59,8.00,0.59,0,0,0,0,0,'present',0,NULL,NULL,NULL,NULL,1,NULL,NULL,0,NULL,'127.0.0.1','2026-06-27 12:10:43','2026-06-27 12:10:43'),(137,7,'KOM-EMP-2026-0007','2026-06-22','08:02:35','12:30:00','13:01:11','17:03:00',72,7.81,7.81,0.00,0,0,0,0,0,'present',0,NULL,NULL,NULL,NULL,1,NULL,NULL,0,NULL,'127.0.0.1','2026-06-27 12:10:43','2026-06-27 12:10:43'),(138,7,'KOM-EMP-2026-0007','2026-06-23','08:10:25','12:30:00','13:02:51','18:09:00',60,8.98,8.00,0.98,1,6,0,0,0,'late',0,NULL,NULL,NULL,NULL,1,NULL,NULL,0,NULL,'127.0.0.1','2026-06-27 12:10:43','2026-06-27 12:10:43'),(139,7,'KOM-EMP-2026-0007','2026-06-24','08:02:29','12:30:00','13:03:49','17:38:00',74,8.36,8.00,0.36,0,0,0,0,0,'present',0,NULL,NULL,NULL,NULL,1,NULL,NULL,0,NULL,'127.0.0.1','2026-06-27 12:10:43','2026-06-27 12:10:43'),(140,7,'KOM-EMP-2026-0007','2026-06-25','08:04:26','12:30:00','13:07:45','17:19:00',71,8.06,8.00,0.06,0,0,0,0,0,'present',0,NULL,NULL,NULL,NULL,1,NULL,NULL,0,NULL,'127.0.0.1','2026-06-27 12:10:43','2026-06-27 12:10:43'),(141,7,'KOM-EMP-2026-0007','2026-06-26','08:09:32','12:30:00','13:05:11','18:18:00',71,8.96,8.00,0.96,1,5,0,0,0,'late',0,NULL,NULL,NULL,NULL,1,NULL,NULL,0,NULL,'127.0.0.1','2026-06-27 12:10:43','2026-06-27 12:10:43'),(142,8,'KOM-EMP-2026-0008','2026-06-01','08:01:57','12:30:00','13:08:57','17:27:00',72,8.22,8.00,0.22,0,0,0,0,0,'present',0,NULL,NULL,NULL,NULL,1,NULL,NULL,0,NULL,'127.0.0.1','2026-06-27 12:10:43','2026-06-27 12:10:43'),(143,8,'KOM-EMP-2026-0008','2026-06-02','08:04:34','12:30:00','13:07:05','18:12:00',73,8.91,8.00,0.91,0,0,0,0,0,'present',0,NULL,NULL,NULL,NULL,1,NULL,NULL,0,NULL,'127.0.0.1','2026-06-27 12:10:43','2026-06-27 12:10:43'),(144,8,'KOM-EMP-2026-0008','2026-06-03','08:01:42','12:30:00','13:07:10','17:50:00',69,8.65,8.00,0.65,0,0,0,0,0,'present',0,NULL,NULL,NULL,NULL,1,NULL,NULL,0,NULL,'127.0.0.1','2026-06-27 12:10:43','2026-06-27 12:10:43'),(145,8,'KOM-EMP-2026-0008','2026-06-04','08:04:38','12:30:00','13:09:07','18:09:00',62,9.04,8.00,1.04,0,0,0,0,0,'present',0,NULL,NULL,NULL,NULL,1,NULL,NULL,0,NULL,'127.0.0.1','2026-06-27 12:10:43','2026-06-27 12:10:43'),(146,8,'KOM-EMP-2026-0008','2026-06-05','08:01:58','12:30:00','13:08:58','17:26:00',72,8.20,8.00,0.20,0,0,0,0,0,'present',0,NULL,NULL,NULL,NULL,1,NULL,NULL,0,NULL,'127.0.0.1','2026-06-27 12:10:43','2026-06-27 12:10:43'),(147,8,'KOM-EMP-2026-0008','2026-06-08','08:10:42','12:30:00','13:03:04','17:46:00',69,8.44,8.00,0.44,1,9,0,0,0,'late',0,NULL,NULL,NULL,NULL,1,NULL,NULL,0,NULL,'127.0.0.1','2026-06-27 12:10:44','2026-06-27 12:10:44'),(148,8,'KOM-EMP-2026-0008','2026-06-09','08:04:01','12:30:00','13:07:26','17:27:00',64,8.32,8.00,0.32,0,0,0,0,0,'present',0,NULL,NULL,NULL,NULL,1,NULL,NULL,0,NULL,'127.0.0.1','2026-06-27 12:10:44','2026-06-27 12:10:44'),(149,8,'KOM-EMP-2026-0008','2026-06-10','08:01:15','12:30:00','13:03:26','18:26:00',71,9.23,8.00,1.23,0,0,0,0,0,'present',0,NULL,NULL,NULL,NULL,1,NULL,NULL,0,NULL,'127.0.0.1','2026-06-27 12:10:44','2026-06-27 12:10:44'),(150,8,'KOM-EMP-2026-0008','2026-06-11','08:37:51','12:30:00','13:01:22','17:51:00',66,8.12,8.00,0.12,1,36,0,0,0,'late',0,NULL,NULL,NULL,NULL,1,NULL,NULL,0,NULL,'127.0.0.1','2026-06-27 12:10:44','2026-06-27 12:10:44'),(151,8,'KOM-EMP-2026-0008','2026-06-12','08:00:51','12:30:00','13:03:37','17:26:00',65,8.34,8.00,0.34,0,0,0,0,0,'present',0,NULL,NULL,NULL,NULL,1,NULL,NULL,0,NULL,'127.0.0.1','2026-06-27 12:10:44','2026-06-27 12:10:44'),(152,8,'KOM-EMP-2026-0008','2026-06-15','08:04:20','12:30:00','13:03:26','17:10:00',68,7.96,7.96,0.00,0,0,0,0,0,'present',0,NULL,NULL,NULL,NULL,1,NULL,NULL,0,NULL,'127.0.0.1','2026-06-27 12:10:44','2026-06-27 12:10:44'),(153,8,'KOM-EMP-2026-0008','2026-06-16','08:00:41','12:30:00','13:06:23','18:10:00',74,8.92,8.00,0.92,0,0,0,0,0,'present',0,NULL,NULL,NULL,NULL,1,NULL,NULL,0,NULL,'127.0.0.1','2026-06-27 12:10:44','2026-06-27 12:10:44'),(154,8,'KOM-EMP-2026-0008','2026-06-17','08:00:22','12:30:00','13:05:24','17:43:00',72,8.51,8.00,0.51,0,0,0,0,0,'present',0,NULL,NULL,NULL,NULL,1,NULL,NULL,0,NULL,'127.0.0.1','2026-06-27 12:10:44','2026-06-27 12:10:44'),(155,8,'KOM-EMP-2026-0008','2026-06-18','08:02:19','12:30:00','13:05:58','17:53:00',62,8.81,8.00,0.81,0,0,0,0,0,'present',0,NULL,NULL,NULL,NULL,1,NULL,NULL,0,NULL,'127.0.0.1','2026-06-27 12:10:44','2026-06-27 12:10:44'),(156,8,'KOM-EMP-2026-0008','2026-06-19','08:37:09','12:30:00','13:07:32','17:24:00',61,7.76,7.76,0.00,1,33,0,0,0,'late',0,NULL,NULL,NULL,NULL,1,NULL,NULL,0,NULL,'127.0.0.1','2026-06-27 12:10:44','2026-06-27 12:10:44'),(157,8,'KOM-EMP-2026-0008','2026-06-22','08:04:53','12:30:00','13:09:26','18:10:00',61,9.07,8.00,1.07,0,0,0,0,0,'present',0,NULL,NULL,NULL,NULL,1,NULL,NULL,0,NULL,'127.0.0.1','2026-06-27 12:10:44','2026-06-27 12:10:44'),(158,8,'KOM-EMP-2026-0008','2026-06-23','08:09:30','12:30:00','13:04:45','18:00:00',74,8.61,8.00,0.61,1,5,0,0,0,'late',0,NULL,NULL,NULL,NULL,1,NULL,NULL,0,NULL,'127.0.0.1','2026-06-27 12:10:44','2026-06-27 12:10:44'),(159,8,'KOM-EMP-2026-0008','2026-06-24','08:02:38','12:30:00','13:06:26','17:56:00',63,8.84,8.00,0.84,0,0,0,0,0,'present',0,NULL,NULL,NULL,NULL,1,NULL,NULL,0,NULL,'127.0.0.1','2026-06-27 12:10:44','2026-06-27 12:10:44'),(160,8,'KOM-EMP-2026-0008','2026-06-25','08:02:40','12:30:00','13:09:28','17:11:00',72,7.94,7.94,0.00,0,0,0,0,0,'present',0,NULL,NULL,NULL,NULL,1,NULL,NULL,0,NULL,'127.0.0.1','2026-06-27 12:10:44','2026-06-27 12:10:44'),(161,8,'KOM-EMP-2026-0008','2026-06-26','08:04:11','12:30:00','13:02:15','17:55:00',66,8.75,8.00,0.75,0,0,0,0,0,'present',0,NULL,NULL,NULL,NULL,1,NULL,NULL,0,NULL,'127.0.0.1','2026-06-27 12:10:44','2026-06-27 12:10:44'),(162,9,'KOM-EMP-2026-0009','2026-06-01','08:04:42','12:30:00','13:09:52','17:10:00',69,7.94,7.94,0.00,0,0,0,0,0,'present',0,NULL,NULL,NULL,NULL,1,NULL,NULL,0,NULL,'127.0.0.1','2026-06-27 12:10:44','2026-06-27 12:10:44'),(163,9,'KOM-EMP-2026-0009','2026-06-02','08:02:38','12:30:00','13:06:28','17:58:00',64,8.86,8.00,0.86,0,0,0,0,0,'present',0,NULL,NULL,NULL,NULL,1,NULL,NULL,0,NULL,'127.0.0.1','2026-06-27 12:10:44','2026-06-27 12:10:44'),(164,9,'KOM-EMP-2026-0009','2026-06-03','08:04:54','12:30:00','13:01:42','18:21:00',60,9.27,8.00,1.27,0,0,0,0,0,'present',0,NULL,NULL,NULL,NULL,1,NULL,NULL,0,NULL,'127.0.0.1','2026-06-27 12:10:44','2026-06-27 12:10:44'),(165,9,'KOM-EMP-2026-0009','2026-06-04','08:04:25','12:30:00','13:02:35','17:57:00',66,8.78,8.00,0.78,0,0,0,0,0,'present',0,NULL,NULL,NULL,NULL,1,NULL,NULL,0,NULL,'127.0.0.1','2026-06-27 12:10:44','2026-06-27 12:10:44'),(166,9,'KOM-EMP-2026-0009','2026-06-05','08:03:16','12:30:00','13:07:15','17:59:00',62,8.90,8.00,0.90,0,0,0,0,0,'present',0,NULL,NULL,NULL,NULL,1,NULL,NULL,0,NULL,'127.0.0.1','2026-06-27 12:10:44','2026-06-27 12:10:44'),(167,9,'KOM-EMP-2026-0009','2026-06-08','08:00:32','12:30:00','13:04:13','18:11:00',70,9.01,8.00,1.01,0,0,0,0,0,'present',0,NULL,NULL,NULL,NULL,1,NULL,NULL,0,NULL,'127.0.0.1','2026-06-27 12:10:44','2026-06-27 12:10:44'),(168,9,'KOM-EMP-2026-0009','2026-06-09','08:16:18','12:30:00','13:07:02','18:23:00',68,8.98,8.00,0.98,1,12,0,0,0,'late',0,NULL,NULL,NULL,NULL,1,NULL,NULL,0,NULL,'127.0.0.1','2026-06-27 12:10:44','2026-06-27 12:10:44'),(169,9,'KOM-EMP-2026-0009','2026-06-10','08:04:13','12:30:00','13:05:36','17:23:00',69,8.16,8.00,0.16,0,0,0,0,0,'present',0,NULL,NULL,NULL,NULL,1,NULL,NULL,0,NULL,'127.0.0.1','2026-06-27 12:10:44','2026-06-27 12:10:44'),(170,9,'KOM-EMP-2026-0009','2026-06-11','08:04:10','12:30:00','13:01:32','17:23:00',72,8.11,8.00,0.11,0,0,0,0,0,'present',0,NULL,NULL,NULL,NULL,1,NULL,NULL,0,NULL,'127.0.0.1','2026-06-27 12:10:44','2026-06-27 12:10:44'),(171,9,'KOM-EMP-2026-0009','2026-06-12','08:04:56','12:30:00','13:03:55','18:29:00',72,9.20,8.00,1.20,0,0,0,0,0,'present',0,NULL,NULL,NULL,NULL,1,NULL,NULL,0,NULL,'127.0.0.1','2026-06-27 12:10:44','2026-06-27 12:10:44'),(172,9,'KOM-EMP-2026-0009','2026-06-15','08:10:43','12:30:00','13:05:42','17:01:00',65,7.75,7.75,0.00,1,6,0,0,0,'late',0,NULL,NULL,NULL,NULL,1,NULL,NULL,0,NULL,'127.0.0.1','2026-06-27 12:10:44','2026-06-27 12:10:44'),(173,9,'KOM-EMP-2026-0009','2026-06-16','08:01:43','12:30:00','13:00:05','17:01:00',60,7.99,7.99,0.00,0,0,0,0,0,'present',0,NULL,NULL,NULL,NULL,1,NULL,NULL,0,NULL,'127.0.0.1','2026-06-27 12:10:44','2026-06-27 12:10:44'),(174,9,'KOM-EMP-2026-0009','2026-06-17','08:29:07','12:30:00','13:02:55','17:52:00',60,8.38,8.00,0.38,1,26,0,0,0,'late',0,NULL,NULL,NULL,NULL,1,NULL,NULL,0,NULL,'127.0.0.1','2026-06-27 12:10:44','2026-06-27 12:10:44'),(175,9,'KOM-EMP-2026-0009','2026-06-18','08:01:57','12:30:00','13:04:18','18:27:00',68,9.28,8.00,1.28,0,0,0,0,0,'present',0,NULL,NULL,NULL,NULL,1,NULL,NULL,0,NULL,'127.0.0.1','2026-06-27 12:10:44','2026-06-27 12:10:44'),(176,9,'KOM-EMP-2026-0009','2026-06-19','08:22:00','12:30:00','13:08:45','18:27:00',63,9.03,8.00,1.03,1,18,0,0,0,'late',0,NULL,NULL,NULL,NULL,1,NULL,NULL,0,NULL,'127.0.0.1','2026-06-27 12:10:44','2026-06-27 12:10:44'),(177,9,'KOM-EMP-2026-0009','2026-06-22','08:01:29','12:30:00','13:09:11','18:02:00',71,8.83,8.00,0.83,0,0,0,0,0,'present',0,NULL,NULL,NULL,NULL,1,NULL,NULL,0,NULL,'127.0.0.1','2026-06-27 12:10:44','2026-06-27 12:10:44'),(178,9,'KOM-EMP-2026-0009','2026-06-23','08:03:34','12:30:00','13:08:15','18:28:00',66,9.31,8.00,1.31,0,0,0,0,0,'present',0,NULL,NULL,NULL,NULL,1,NULL,NULL,0,NULL,'127.0.0.1','2026-06-27 12:10:44','2026-06-27 12:10:44'),(179,9,'KOM-EMP-2026-0009','2026-06-24','08:03:25','12:30:00','13:08:26','17:14:00',64,8.11,8.00,0.11,0,0,0,0,0,'present',0,NULL,NULL,NULL,NULL,1,NULL,NULL,0,NULL,'127.0.0.1','2026-06-27 12:10:44','2026-06-27 12:10:44'),(180,9,'KOM-EMP-2026-0009','2026-06-25','08:04:03','12:30:00','13:02:32','18:15:00',66,9.08,8.00,1.08,0,0,0,0,0,'present',0,NULL,NULL,NULL,NULL,1,NULL,NULL,0,NULL,'127.0.0.1','2026-06-27 12:10:44','2026-06-27 12:10:44'),(181,9,'KOM-EMP-2026-0009','2026-06-26','08:04:21','12:30:00','13:04:33','18:00:00',74,8.69,8.00,0.69,0,0,0,0,0,'present',0,NULL,NULL,NULL,NULL,1,NULL,NULL,0,NULL,'127.0.0.1','2026-06-27 12:10:44','2026-06-27 12:10:44'),(182,10,'KOM-EMP-2026-0010','2026-06-01','08:03:39','12:30:00','13:08:18','18:26:00',64,9.31,8.00,1.31,0,0,0,0,0,'present',0,NULL,NULL,NULL,NULL,1,NULL,NULL,0,NULL,'127.0.0.1','2026-06-27 12:10:44','2026-06-27 12:10:44'),(183,10,'KOM-EMP-2026-0010','2026-06-02','08:01:59','12:30:00','13:09:58','18:11:00',74,8.92,8.00,0.92,0,0,0,0,0,'present',0,NULL,NULL,NULL,NULL,1,NULL,NULL,0,NULL,'127.0.0.1','2026-06-27 12:10:44','2026-06-27 12:10:44'),(184,10,'KOM-EMP-2026-0010','2026-06-03','08:01:50','12:30:00','13:04:53','17:30:00',63,8.42,8.00,0.42,0,0,0,0,0,'present',0,NULL,NULL,NULL,NULL,1,NULL,NULL,0,NULL,'127.0.0.1','2026-06-27 12:10:44','2026-06-27 12:10:44'),(185,10,'KOM-EMP-2026-0010','2026-06-04','08:19:35','12:30:00','13:03:06','17:17:00',60,7.96,7.96,0.00,1,19,0,0,0,'late',0,NULL,NULL,NULL,NULL,1,NULL,NULL,0,NULL,'127.0.0.1','2026-06-27 12:10:44','2026-06-27 12:10:44'),(186,10,'KOM-EMP-2026-0010','2026-06-05','08:00:21','12:30:00','13:04:21','18:26:00',67,9.31,8.00,1.31,0,0,0,0,0,'present',0,NULL,NULL,NULL,NULL,1,NULL,NULL,0,NULL,'127.0.0.1','2026-06-27 12:10:44','2026-06-27 12:10:44'),(187,10,'KOM-EMP-2026-0010','2026-06-08','08:03:13','12:30:00','13:03:20','18:06:00',70,8.88,8.00,0.88,0,0,0,0,0,'present',0,NULL,NULL,NULL,NULL,1,NULL,NULL,0,NULL,'127.0.0.1','2026-06-27 12:10:44','2026-06-27 12:10:44'),(188,10,'KOM-EMP-2026-0010','2026-06-09','08:04:06','12:30:00','13:06:00','17:48:00',73,8.52,8.00,0.52,0,0,0,0,0,'present',0,NULL,NULL,NULL,NULL,1,NULL,NULL,0,NULL,'127.0.0.1','2026-06-27 12:10:44','2026-06-27 12:10:44'),(189,10,'KOM-EMP-2026-0010','2026-06-10','08:03:28','12:30:00','13:08:21','17:08:00',74,7.84,7.84,0.00,0,0,0,0,0,'present',0,NULL,NULL,NULL,NULL,1,NULL,NULL,0,NULL,'127.0.0.1','2026-06-27 12:10:44','2026-06-27 12:10:44'),(190,10,'KOM-EMP-2026-0010','2026-06-11','08:00:25','12:30:00','13:06:02','18:09:00',60,9.14,8.00,1.14,0,0,0,0,0,'present',0,NULL,NULL,NULL,NULL,1,NULL,NULL,0,NULL,'127.0.0.1','2026-06-27 12:10:44','2026-06-27 12:10:44'),(191,10,'KOM-EMP-2026-0010','2026-06-12','08:00:39','12:30:00','13:01:13','17:19:00',71,8.12,8.00,0.12,0,0,0,0,0,'present',0,NULL,NULL,NULL,NULL,1,NULL,NULL,0,NULL,'127.0.0.1','2026-06-27 12:10:44','2026-06-27 12:10:44'),(192,10,'KOM-EMP-2026-0010','2026-06-15','08:39:33','12:30:00','13:08:02','17:43:00',60,8.06,8.00,0.06,1,37,0,0,0,'late',0,NULL,NULL,NULL,NULL,1,NULL,NULL,0,NULL,'127.0.0.1','2026-06-27 12:10:44','2026-06-27 12:10:44'),(193,10,'KOM-EMP-2026-0010','2026-06-16','08:04:07','12:30:00','13:04:15','17:58:00',74,8.66,8.00,0.66,0,0,0,0,0,'present',0,NULL,NULL,NULL,NULL,1,NULL,NULL,0,NULL,'127.0.0.1','2026-06-27 12:10:44','2026-06-27 12:10:44'),(194,10,'KOM-EMP-2026-0010','2026-06-17','08:04:32','12:30:00','13:06:11','17:33:00',74,8.24,8.00,0.24,0,0,0,0,0,'present',0,NULL,NULL,NULL,NULL,1,NULL,NULL,0,NULL,'127.0.0.1','2026-06-27 12:10:44','2026-06-27 12:10:44'),(195,10,'KOM-EMP-2026-0010','2026-06-18','08:02:01','12:30:00','13:03:48','18:01:00',64,8.92,8.00,0.92,0,0,0,0,0,'present',0,NULL,NULL,NULL,NULL,1,NULL,NULL,0,NULL,'127.0.0.1','2026-06-27 12:10:44','2026-06-27 12:10:44'),(196,10,'KOM-EMP-2026-0010','2026-06-19','08:01:35','12:30:00','13:02:35','17:30:00',73,8.26,8.00,0.26,0,0,0,0,0,'present',0,NULL,NULL,NULL,NULL,1,NULL,NULL,0,NULL,'127.0.0.1','2026-06-27 12:10:44','2026-06-27 12:10:44'),(197,10,'KOM-EMP-2026-0010','2026-06-22','08:04:52','12:30:00','13:02:33','17:31:00',74,8.20,8.00,0.20,0,0,0,0,0,'present',0,NULL,NULL,NULL,NULL,1,NULL,NULL,0,NULL,'127.0.0.1','2026-06-27 12:10:44','2026-06-27 12:10:44'),(198,10,'KOM-EMP-2026-0010','2026-06-23','08:00:41','12:30:00','13:02:36','18:20:00',70,9.16,8.00,1.16,0,0,0,0,0,'present',0,NULL,NULL,NULL,NULL,1,NULL,NULL,0,NULL,'127.0.0.1','2026-06-27 12:10:44','2026-06-27 12:10:44'),(199,10,'KOM-EMP-2026-0010','2026-06-24','08:01:43','12:30:00','13:07:12','17:50:00',69,8.65,8.00,0.65,0,0,0,0,0,'present',0,NULL,NULL,NULL,NULL,1,NULL,NULL,0,NULL,'127.0.0.1','2026-06-27 12:10:44','2026-06-27 12:10:44'),(200,10,'KOM-EMP-2026-0010','2026-06-25','08:00:17','12:30:00','13:04:44','17:17:00',67,8.16,8.00,0.16,0,0,0,0,0,'present',0,NULL,NULL,NULL,NULL,1,NULL,NULL,0,NULL,'127.0.0.1','2026-06-27 12:10:44','2026-06-27 12:10:44'),(201,10,'KOM-EMP-2026-0010','2026-06-26','08:32:10','12:30:00','13:00:01','18:04:00',68,8.40,8.00,0.40,1,30,0,0,0,'late',0,NULL,NULL,NULL,NULL,1,NULL,NULL,0,NULL,'127.0.0.1','2026-06-27 12:10:44','2026-06-27 12:10:44'),(202,11,'KOM-EMP-2026-0011','2026-06-01','08:02:39','12:30:00','13:07:26','17:11:00',65,8.06,8.00,0.06,0,0,0,0,0,'present',0,NULL,NULL,NULL,NULL,1,NULL,NULL,0,NULL,'127.0.0.1','2026-06-27 12:10:44','2026-06-27 12:10:44'),(203,11,'KOM-EMP-2026-0011','2026-06-02','08:03:15','12:30:00','13:05:44','18:22:00',72,9.11,8.00,1.11,0,0,0,0,0,'present',0,NULL,NULL,NULL,NULL,1,NULL,NULL,0,NULL,'127.0.0.1','2026-06-27 12:10:44','2026-06-27 12:10:44'),(204,11,'KOM-EMP-2026-0011','2026-06-03','08:04:45','12:30:00','13:02:37','17:41:00',67,8.49,8.00,0.49,0,0,0,0,0,'present',0,NULL,NULL,NULL,NULL,1,NULL,NULL,0,NULL,'127.0.0.1','2026-06-27 12:10:44','2026-06-27 12:10:44'),(205,11,'KOM-EMP-2026-0011','2026-06-04','08:01:16','12:30:00','13:08:08','17:27:00',60,8.43,8.00,0.43,0,0,0,0,0,'present',0,NULL,NULL,NULL,NULL,1,NULL,NULL,0,NULL,'127.0.0.1','2026-06-27 12:10:44','2026-06-27 12:10:44'),(206,11,'KOM-EMP-2026-0011','2026-06-05','08:04:15','12:30:00','13:00:20','17:55:00',74,8.61,8.00,0.61,0,0,0,0,0,'present',0,NULL,NULL,NULL,NULL,1,NULL,NULL,0,NULL,'127.0.0.1','2026-06-27 12:10:44','2026-06-27 12:10:44'),(207,11,'KOM-EMP-2026-0011','2026-06-08','08:29:50','12:30:00','13:09:35','17:43:00',68,8.09,8.00,0.09,1,26,0,0,0,'late',0,NULL,NULL,NULL,NULL,1,NULL,NULL,0,NULL,'127.0.0.1','2026-06-27 12:10:44','2026-06-27 12:10:44'),(208,11,'KOM-EMP-2026-0011','2026-06-09','08:00:35','12:30:00','13:05:02','17:14:00',64,8.16,8.00,0.16,0,0,0,0,0,'present',0,NULL,NULL,NULL,NULL,1,NULL,NULL,0,NULL,'127.0.0.1','2026-06-27 12:10:44','2026-06-27 12:10:44'),(209,11,'KOM-EMP-2026-0011','2026-06-10','08:23:05','12:30:00','13:08:42','18:21:00',73,8.75,8.00,0.75,1,19,0,0,0,'late',0,NULL,NULL,NULL,NULL,1,NULL,NULL,0,NULL,'127.0.0.1','2026-06-27 12:10:44','2026-06-27 12:10:44'),(210,11,'KOM-EMP-2026-0011','2026-06-11','08:01:56','12:30:00','13:04:42','17:17:00',68,8.12,8.00,0.12,0,0,0,0,0,'present',0,NULL,NULL,NULL,NULL,1,NULL,NULL,0,NULL,'127.0.0.1','2026-06-27 12:10:44','2026-06-27 12:10:44'),(211,11,'KOM-EMP-2026-0011','2026-06-12','08:01:52','12:30:00','13:02:26','17:08:00',71,7.92,7.92,0.00,0,0,0,0,0,'present',0,NULL,NULL,NULL,NULL,1,NULL,NULL,0,NULL,'127.0.0.1','2026-06-27 12:10:44','2026-06-27 12:10:44'),(212,11,'KOM-EMP-2026-0011','2026-06-15','08:00:09','12:30:00','13:07:54','18:17:00',73,9.06,8.00,1.06,0,0,0,0,0,'present',0,NULL,NULL,NULL,NULL,1,NULL,NULL,0,NULL,'127.0.0.1','2026-06-27 12:10:44','2026-06-27 12:10:44'),(213,11,'KOM-EMP-2026-0011','2026-06-16','08:01:11','12:30:00','13:02:00','17:26:00',73,8.20,8.00,0.20,0,0,0,0,0,'present',0,NULL,NULL,NULL,NULL,1,NULL,NULL,0,NULL,'127.0.0.1','2026-06-27 12:10:44','2026-06-27 12:10:44'),(214,11,'KOM-EMP-2026-0011','2026-06-17','08:03:50','12:30:00','13:04:08','18:08:00',68,8.94,8.00,0.94,0,0,0,0,0,'present',0,NULL,NULL,NULL,NULL,1,NULL,NULL,0,NULL,'127.0.0.1','2026-06-27 12:10:44','2026-06-27 12:10:44'),(215,11,'KOM-EMP-2026-0011','2026-06-18','08:04:57','12:30:00','13:03:29','18:09:00',72,8.87,8.00,0.87,0,0,0,0,0,'present',0,NULL,NULL,NULL,NULL,1,NULL,NULL,0,NULL,'127.0.0.1','2026-06-27 12:10:44','2026-06-27 12:10:44'),(216,11,'KOM-EMP-2026-0011','2026-06-19','08:01:33','12:30:00','13:03:06','17:55:00',62,8.86,8.00,0.86,0,0,0,0,0,'present',0,NULL,NULL,NULL,NULL,1,NULL,NULL,0,NULL,'127.0.0.1','2026-06-27 12:10:44','2026-06-27 12:10:44'),(217,11,'KOM-EMP-2026-0011','2026-06-22','08:01:14','12:30:00','13:03:58','17:22:00',60,8.35,8.00,0.35,0,0,0,0,0,'present',0,NULL,NULL,NULL,NULL,1,NULL,NULL,0,NULL,'127.0.0.1','2026-06-27 12:10:44','2026-06-27 12:10:44'),(218,11,'KOM-EMP-2026-0011','2026-06-23','08:00:42','12:30:00','13:03:34','17:32:00',70,8.36,8.00,0.36,0,0,0,0,0,'present',0,NULL,NULL,NULL,NULL,1,NULL,NULL,0,NULL,'127.0.0.1','2026-06-27 12:10:44','2026-06-27 12:10:44'),(219,11,'KOM-EMP-2026-0011','2026-06-24','08:03:21','12:30:00','13:06:23','17:16:00',74,7.98,7.98,0.00,0,0,0,0,0,'present',0,NULL,NULL,NULL,NULL,1,NULL,NULL,0,NULL,'127.0.0.1','2026-06-27 12:10:44','2026-06-27 12:10:44'),(220,11,'KOM-EMP-2026-0011','2026-06-25','08:00:21','12:30:00','13:01:19','17:40:00',72,8.46,8.00,0.46,0,0,0,0,0,'present',0,NULL,NULL,NULL,NULL,1,NULL,NULL,0,NULL,'127.0.0.1','2026-06-27 12:10:44','2026-06-27 12:10:44'),(221,11,'KOM-EMP-2026-0011','2026-06-26','08:03:35','12:30:00','13:00:31','17:09:00',65,8.01,8.00,0.01,0,0,0,0,0,'present',0,NULL,NULL,NULL,NULL,1,NULL,NULL,0,NULL,'127.0.0.1','2026-06-27 12:10:44','2026-06-27 12:10:44'),(222,12,'KOM-EMP-2026-0012','2026-06-01','08:03:12','12:30:00','13:05:26','18:11:00',65,9.05,8.00,1.05,0,0,0,0,0,'present',0,NULL,NULL,NULL,NULL,1,NULL,NULL,0,NULL,'127.0.0.1','2026-06-27 12:10:44','2026-06-27 12:10:44'),(223,12,'KOM-EMP-2026-0012','2026-06-02','08:00:10','12:30:00','13:08:55','17:32:00',61,8.51,8.00,0.51,0,0,0,0,0,'present',0,NULL,NULL,NULL,NULL,1,NULL,NULL,0,NULL,'127.0.0.1','2026-06-27 12:10:44','2026-06-27 12:10:44'),(224,12,'KOM-EMP-2026-0012','2026-06-03','08:01:21','12:30:00','13:07:48','17:07:00',61,8.08,8.00,0.08,0,0,0,0,0,'present',0,NULL,NULL,NULL,NULL,1,NULL,NULL,0,NULL,'127.0.0.1','2026-06-27 12:10:44','2026-06-27 12:10:44'),(225,12,'KOM-EMP-2026-0012','2026-06-04','08:04:06','12:30:00','13:04:27','18:08:00',66,8.96,8.00,0.96,0,0,0,0,0,'present',0,NULL,NULL,NULL,NULL,1,NULL,NULL,0,NULL,'127.0.0.1','2026-06-27 12:10:44','2026-06-27 12:10:44'),(226,12,'KOM-EMP-2026-0012','2026-06-05','08:32:36','12:30:00','13:04:39','18:08:00',65,8.51,8.00,0.51,1,30,0,0,0,'late',0,NULL,NULL,NULL,NULL,1,NULL,NULL,0,NULL,'127.0.0.1','2026-06-27 12:10:44','2026-06-27 12:10:44'),(227,12,'KOM-EMP-2026-0012','2026-06-08','08:01:29','12:30:00','13:04:03','17:11:00',66,8.06,8.00,0.06,0,0,0,0,0,'present',0,NULL,NULL,NULL,NULL,1,NULL,NULL,0,NULL,'127.0.0.1','2026-06-27 12:10:44','2026-06-27 12:10:44'),(228,12,'KOM-EMP-2026-0012','2026-06-09','08:02:59','12:30:00','13:06:27','17:39:00',63,8.55,8.00,0.55,0,0,0,0,0,'present',0,NULL,NULL,NULL,NULL,1,NULL,NULL,0,NULL,'127.0.0.1','2026-06-27 12:10:44','2026-06-27 12:10:44'),(229,12,'KOM-EMP-2026-0012','2026-06-10','08:00:17','12:30:00','13:03:58','18:13:00',72,9.01,8.00,1.01,0,0,0,0,0,'present',0,NULL,NULL,NULL,NULL,1,NULL,NULL,0,NULL,'127.0.0.1','2026-06-27 12:10:44','2026-06-27 12:10:44'),(230,12,'KOM-EMP-2026-0012','2026-06-11','08:04:19','12:30:00','13:06:27','17:57:00',63,8.83,8.00,0.83,0,0,0,0,0,'present',0,NULL,NULL,NULL,NULL,1,NULL,NULL,0,NULL,'127.0.0.1','2026-06-27 12:10:44','2026-06-27 12:10:44'),(231,12,'KOM-EMP-2026-0012','2026-06-12','08:04:13','12:30:00','13:02:48','18:17:00',67,9.10,8.00,1.10,0,0,0,0,0,'present',0,NULL,NULL,NULL,NULL,1,NULL,NULL,0,NULL,'127.0.0.1','2026-06-27 12:10:44','2026-06-27 12:10:44'),(232,12,'KOM-EMP-2026-0012','2026-06-15','08:02:50','12:30:00','13:04:27','17:47:00',64,8.67,8.00,0.67,0,0,0,0,0,'present',0,NULL,NULL,NULL,NULL,1,NULL,NULL,0,NULL,'127.0.0.1','2026-06-27 12:10:44','2026-06-27 12:10:44'),(233,12,'KOM-EMP-2026-0012','2026-06-16','08:00:45','12:30:00','13:03:45','17:38:00',60,8.62,8.00,0.62,0,0,0,0,0,'present',0,NULL,NULL,NULL,NULL,1,NULL,NULL,0,NULL,'127.0.0.1','2026-06-27 12:10:44','2026-06-27 12:10:44'),(234,12,'KOM-EMP-2026-0012','2026-06-17','08:03:48','12:30:00','13:05:25','17:38:00',67,8.45,8.00,0.45,0,0,0,0,0,'present',0,NULL,NULL,NULL,NULL,1,NULL,NULL,0,NULL,'127.0.0.1','2026-06-27 12:10:44','2026-06-27 12:10:44'),(235,12,'KOM-EMP-2026-0012','2026-06-18','08:03:05','12:30:00','13:04:16','17:24:00',61,8.33,8.00,0.33,0,0,0,0,0,'present',0,NULL,NULL,NULL,NULL,1,NULL,NULL,0,NULL,'127.0.0.1','2026-06-27 12:10:44','2026-06-27 12:10:44'),(236,12,'KOM-EMP-2026-0012','2026-06-19','08:04:22','12:30:00','13:04:51','18:12:00',68,8.99,8.00,0.99,0,0,0,0,0,'present',0,NULL,NULL,NULL,NULL,1,NULL,NULL,0,NULL,'127.0.0.1','2026-06-27 12:10:44','2026-06-27 12:10:44'),(237,12,'KOM-EMP-2026-0012','2026-06-22','08:03:23','12:30:00','13:09:20','17:57:00',65,8.81,8.00,0.81,0,0,0,0,0,'present',0,NULL,NULL,NULL,NULL,1,NULL,NULL,0,NULL,'127.0.0.1','2026-06-27 12:10:44','2026-06-27 12:10:44'),(238,12,'KOM-EMP-2026-0012','2026-06-23','08:04:15','12:30:00','13:02:39','18:09:00',60,9.08,8.00,1.08,0,0,0,0,0,'present',0,NULL,NULL,NULL,NULL,1,NULL,NULL,0,NULL,'127.0.0.1','2026-06-27 12:10:44','2026-06-27 12:10:44'),(239,12,'KOM-EMP-2026-0012','2026-06-24','08:02:30','12:30:00','13:07:17','17:12:00',67,8.04,8.00,0.04,0,0,0,0,0,'present',0,NULL,NULL,NULL,NULL,1,NULL,NULL,0,NULL,'127.0.0.1','2026-06-27 12:10:44','2026-06-27 12:10:44'),(240,12,'KOM-EMP-2026-0012','2026-06-25','08:38:51','12:30:00','13:03:35','18:19:00',64,8.60,8.00,0.60,1,34,0,0,0,'late',0,NULL,NULL,NULL,NULL,1,NULL,NULL,0,NULL,'127.0.0.1','2026-06-27 12:10:44','2026-06-27 12:10:44'),(241,12,'KOM-EMP-2026-0012','2026-06-26','08:04:34','12:30:00','13:06:23','17:40:00',65,8.51,8.00,0.51,0,0,0,0,0,'present',0,NULL,NULL,NULL,NULL,1,NULL,NULL,0,NULL,'127.0.0.1','2026-06-27 12:10:44','2026-06-27 12:10:44'),(242,13,'KOM-EMP-2026-0013','2026-06-01','08:00:06','12:30:00','13:08:35','17:20:00',68,8.20,8.00,0.20,0,0,0,0,0,'present',0,NULL,NULL,NULL,NULL,1,NULL,NULL,0,NULL,'127.0.0.1','2026-06-27 12:10:44','2026-06-27 12:10:44'),(243,13,'KOM-EMP-2026-0013','2026-06-02','08:33:24','12:30:00','13:01:42','17:36:00',68,7.91,7.91,0.00,1,31,0,0,0,'late',0,NULL,NULL,NULL,NULL,1,NULL,NULL,0,NULL,'127.0.0.1','2026-06-27 12:10:44','2026-06-27 12:10:44'),(244,13,'KOM-EMP-2026-0013','2026-06-03','08:03:18','12:30:00','13:09:27','18:06:00',73,8.83,8.00,0.83,0,0,0,0,0,'present',0,NULL,NULL,NULL,NULL,1,NULL,NULL,0,NULL,'127.0.0.1','2026-06-27 12:10:44','2026-06-27 12:10:44'),(245,13,'KOM-EMP-2026-0013','2026-06-04','08:08:45','12:30:00','13:06:47','17:12:00',70,7.89,7.89,0.00,1,5,0,0,0,'late',0,NULL,NULL,NULL,NULL,1,NULL,NULL,0,NULL,'127.0.0.1','2026-06-27 12:10:44','2026-06-27 12:10:44'),(246,13,'KOM-EMP-2026-0013','2026-06-05','08:03:20','12:30:00','13:05:16','17:56:00',68,8.74,8.00,0.74,0,0,0,0,0,'present',0,NULL,NULL,NULL,NULL,1,NULL,NULL,0,NULL,'127.0.0.1','2026-06-27 12:10:44','2026-06-27 12:10:44'),(247,13,'KOM-EMP-2026-0013','2026-06-08','08:17:13','12:30:00','13:03:24','17:33:00',72,8.06,8.00,0.06,1,15,0,0,0,'late',0,NULL,NULL,NULL,NULL,1,NULL,NULL,0,NULL,'127.0.0.1','2026-06-27 12:10:44','2026-06-27 12:10:44'),(248,13,'KOM-EMP-2026-0013','2026-06-09','08:26:06','12:30:00','13:02:39','17:23:00',67,7.83,7.83,0.00,1,26,0,0,0,'late',0,NULL,NULL,NULL,NULL,1,NULL,NULL,0,NULL,'127.0.0.1','2026-06-27 12:10:44','2026-06-27 12:10:44'),(249,13,'KOM-EMP-2026-0013','2026-06-10','08:00:43','12:30:00','13:05:17','17:19:00',67,8.19,8.00,0.19,0,0,0,0,0,'present',0,NULL,NULL,NULL,NULL,1,NULL,NULL,0,NULL,'127.0.0.1','2026-06-27 12:10:44','2026-06-27 12:10:44'),(250,13,'KOM-EMP-2026-0013','2026-06-11','08:01:28','12:30:00','13:02:22','17:27:00',72,8.23,8.00,0.23,0,0,0,0,0,'present',0,NULL,NULL,NULL,NULL,1,NULL,NULL,0,NULL,'127.0.0.1','2026-06-27 12:10:44','2026-06-27 12:10:44'),(251,13,'KOM-EMP-2026-0013','2026-06-12','08:02:18','12:30:00','13:07:35','17:36:00',71,8.38,8.00,0.38,0,0,0,0,0,'present',0,NULL,NULL,NULL,NULL,1,NULL,NULL,0,NULL,'127.0.0.1','2026-06-27 12:10:44','2026-06-27 12:10:44'),(252,13,'KOM-EMP-2026-0013','2026-06-15','08:01:38','12:30:00','13:01:02','17:48:00',65,8.69,8.00,0.69,0,0,0,0,0,'present',0,NULL,NULL,NULL,NULL,1,NULL,NULL,0,NULL,'127.0.0.1','2026-06-27 12:10:44','2026-06-27 12:10:44'),(253,13,'KOM-EMP-2026-0013','2026-06-16','08:04:42','12:30:00','13:00:55','17:57:00',73,8.65,8.00,0.65,0,0,0,0,0,'present',0,NULL,NULL,NULL,NULL,1,NULL,NULL,0,NULL,'127.0.0.1','2026-06-27 12:10:44','2026-06-27 12:10:44'),(254,13,'KOM-EMP-2026-0013','2026-06-17','08:02:53','12:30:00','13:09:00','18:09:00',62,9.07,8.00,1.07,0,0,0,0,0,'present',0,NULL,NULL,NULL,NULL,1,NULL,NULL,0,NULL,'127.0.0.1','2026-06-27 12:10:44','2026-06-27 12:10:44'),(255,13,'KOM-EMP-2026-0013','2026-06-18','08:02:26','12:30:00','13:02:59','17:03:00',64,7.94,7.94,0.00,0,0,0,0,0,'present',0,NULL,NULL,NULL,NULL,1,NULL,NULL,0,NULL,'127.0.0.1','2026-06-27 12:10:44','2026-06-27 12:10:44'),(256,13,'KOM-EMP-2026-0013','2026-06-19','08:02:11','12:30:00','13:04:23','18:19:00',61,9.26,8.00,1.26,0,0,0,0,0,'present',0,NULL,NULL,NULL,NULL,1,NULL,NULL,0,NULL,'127.0.0.1','2026-06-27 12:10:44','2026-06-27 12:10:44'),(257,13,'KOM-EMP-2026-0013','2026-06-22','08:03:52','12:30:00','13:04:30','18:23:00',64,9.25,8.00,1.25,0,0,0,0,0,'present',0,NULL,NULL,NULL,NULL,1,NULL,NULL,0,NULL,'127.0.0.1','2026-06-27 12:10:44','2026-06-27 12:10:44'),(258,13,'KOM-EMP-2026-0013','2026-06-23','08:00:41','12:30:00','13:09:10','17:15:00',61,8.22,8.00,0.22,0,0,0,0,0,'present',0,NULL,NULL,NULL,NULL,1,NULL,NULL,0,NULL,'127.0.0.1','2026-06-27 12:10:44','2026-06-27 12:10:44'),(259,13,'KOM-EMP-2026-0013','2026-06-24','08:09:25','12:30:00','13:03:34','17:11:00',68,7.89,7.89,0.00,1,5,0,0,0,'late',0,NULL,NULL,NULL,NULL,1,NULL,NULL,0,NULL,'127.0.0.1','2026-06-27 12:10:44','2026-06-27 12:10:44'),(261,13,'KOM-EMP-2026-0013','2026-06-26','08:02:13','12:30:00','13:09:17','17:28:00',71,8.25,8.00,0.25,0,0,0,0,0,'present',0,NULL,NULL,NULL,NULL,1,NULL,NULL,0,NULL,'127.0.0.1','2026-06-27 12:10:44','2026-06-27 12:10:44'),(262,12,'KOM-EMP-2026-0012','2026-06-28','20:49:21',NULL,NULL,NULL,0,0.00,0.00,0.00,1,754,0,0,0,'late',0,NULL,NULL,NULL,NULL,0,NULL,NULL,0,NULL,'::1','2026-06-28 10:49:21','2026-06-28 10:49:21');
/*!40000 ALTER TABLE `attendance` ENABLE KEYS */;
UNLOCK TABLES;

--
-- Table structure for table `audit_logs`
--

DROP TABLE IF EXISTS `audit_logs`;
/*!40101 SET @saved_cs_client     = @@character_set_client */;
/*!40101 SET character_set_client = utf8 */;
CREATE TABLE `audit_logs` (
  `id` bigint(20) unsigned NOT NULL AUTO_INCREMENT,
  `user_id` int(10) unsigned DEFAULT NULL,
  `user_name` varchar(150) DEFAULT NULL,
  `module` varchar(100) NOT NULL,
  `action` varchar(100) NOT NULL,
  `record_id` int(10) unsigned DEFAULT NULL,
  `old_value` text DEFAULT NULL,
  `new_value` text DEFAULT NULL,
  `reason` text DEFAULT NULL,
  `ip_address` varchar(45) DEFAULT NULL,
  `user_agent` text DEFAULT NULL,
  `created_at` timestamp NOT NULL DEFAULT current_timestamp(),
  PRIMARY KEY (`id`),
  KEY `idx_audit_module` (`module`),
  KEY `idx_audit_user` (`user_id`),
  KEY `idx_audit_date` (`created_at`)
) ENGINE=InnoDB AUTO_INCREMENT=467 DEFAULT CHARSET=utf8mb4 COLLATE=utf8mb4_unicode_ci;
/*!40101 SET character_set_client = @saved_cs_client */;

--
-- Dumping data for table `audit_logs`
--

LOCK TABLES `audit_logs` WRITE;
/*!40000 ALTER TABLE `audit_logs` DISABLE KEYS */;
INSERT INTO `audit_logs` VALUES (1,1,'superadmin','auth','login',1,NULL,NULL,'User logged in','::1','Mozilla/5.0 (Windows NT 10.0; Win64; x64) AppleWebKit/537.36 (KHTML, like Gecko) Chrome/148.0.0.0 Safari/537.36','2026-06-09 23:33:54'),(2,1,'superadmin','auth','login',1,NULL,NULL,'User logged in','::1','Mozilla/5.0 (Windows NT 10.0; Win64; x64) AppleWebKit/537.36 (KHTML, like Gecko) Chrome/149.0.0.0 Safari/537.36','2026-06-10 00:36:57'),(3,2,'payroll','auth','login',2,NULL,NULL,'User logged in','::1','Mozilla/5.0 (Windows NT 10.0; Win64; x64) AppleWebKit/537.36 (KHTML, like Gecko) Chrome/149.0.0.0 Safari/537.36','2026-06-10 03:22:03'),(4,2,'payroll','auth','login',2,NULL,NULL,'User logged in','::1','Mozilla/5.0 (Windows NT 10.0; Win64; x64) AppleWebKit/537.36 (KHTML, like Gecko) Chrome/149.0.0.0 Safari/537.36','2026-06-10 03:22:05'),(5,2,'payroll','auth','logout',2,NULL,NULL,'User logged out','::1','Mozilla/5.0 (Windows NT 10.0; Win64; x64) AppleWebKit/537.36 (KHTML, like Gecko) Chrome/149.0.0.0 Safari/537.36','2026-06-10 03:24:08'),(6,2,'payroll','auth','login',2,NULL,NULL,'User logged in','::1','Mozilla/5.0 (Windows NT 10.0; Win64; x64) AppleWebKit/537.36 (KHTML, like Gecko) Chrome/149.0.0.0 Safari/537.36','2026-06-10 03:26:32'),(7,2,'payroll','auth','logout',2,NULL,NULL,'User logged out','::1','Mozilla/5.0 (Windows NT 10.0; Win64; x64) AppleWebKit/537.36 (KHTML, like Gecko) Chrome/149.0.0.0 Safari/537.36','2026-06-10 03:36:29'),(8,2,'payroll','auth','login',2,NULL,NULL,'User logged in','::1','Mozilla/5.0 (Windows NT 10.0; Win64; x64) AppleWebKit/537.36 (KHTML, like Gecko) Chrome/149.0.0.0 Safari/537.36','2026-06-10 03:37:05'),(9,2,'payroll','auth','logout',2,NULL,NULL,'User logged out','::1','Mozilla/5.0 (Windows NT 10.0; Win64; x64) AppleWebKit/537.36 (KHTML, like Gecko) Chrome/149.0.0.0 Safari/537.36','2026-06-10 03:53:40'),(10,2,'payroll','auth','login',2,NULL,NULL,'User logged in','::1','Mozilla/5.0 (Windows NT 10.0; Win64; x64) AppleWebKit/537.36 (KHTML, like Gecko) Chrome/149.0.0.0 Safari/537.36','2026-06-10 03:54:18'),(11,2,'payroll','auth','logout',2,NULL,NULL,'User logged out','::1','Mozilla/5.0 (Windows NT 10.0; Win64; x64) AppleWebKit/537.36 (KHTML, like Gecko) Chrome/149.0.0.0 Safari/537.36','2026-06-10 03:55:44'),(12,1,'superadmin','auth','login',1,NULL,NULL,'User logged in','::1','Mozilla/5.0 (Windows NT 10.0; Win64; x64) AppleWebKit/537.36 (KHTML, like Gecko) Chrome/149.0.0.0 Safari/537.36','2026-06-10 03:56:01'),(13,1,'superadmin','auth','logout',1,NULL,NULL,'User logged out','::1','Mozilla/5.0 (Windows NT 10.0; Win64; x64) AppleWebKit/537.36 (KHTML, like Gecko) Chrome/149.0.0.0 Safari/537.36','2026-06-10 04:01:02'),(14,2,'payroll','auth','login',2,NULL,NULL,'User logged in','::1','Mozilla/5.0 (Windows NT 10.0; Win64; x64) AppleWebKit/537.36 (KHTML, like Gecko) Chrome/149.0.0.0 Safari/537.36','2026-06-10 04:01:37'),(15,2,'payroll','auth','login',2,NULL,NULL,'User logged in','::1','Mozilla/5.0 (Windows NT 10.0; Win64; x64) AppleWebKit/537.36 (KHTML, like Gecko) Chrome/149.0.0.0 Safari/537.36','2026-06-10 04:01:39'),(16,1,'superadmin','auth','login',1,NULL,NULL,'User logged in','::1','Mozilla/5.0 (Windows NT 10.0; Win64; x64) AppleWebKit/537.36 (KHTML, like Gecko) HeadlessChrome/148.0.7778.96 Safari/537.36','2026-06-10 04:08:46'),(17,2,'payroll','auth','login',2,NULL,NULL,'User logged in','::1','Mozilla/5.0 (Windows NT 10.0; Win64; x64) AppleWebKit/537.36 (KHTML, like Gecko) HeadlessChrome/148.0.7778.96 Safari/537.36','2026-06-10 04:08:54'),(18,1,'superadmin','auth','login',1,NULL,NULL,'User logged in','::1','Mozilla/5.0 (Windows NT 10.0; Win64; x64) AppleWebKit/537.36 (KHTML, like Gecko) HeadlessChrome/148.0.7778.96 Safari/537.36','2026-06-10 04:16:48'),(19,2,'payroll','auth','login',2,NULL,NULL,'User logged in','::1','Mozilla/5.0 (Windows NT 10.0; Win64; x64) AppleWebKit/537.36 (KHTML, like Gecko) HeadlessChrome/148.0.7778.96 Safari/537.36','2026-06-10 04:16:55'),(20,2,'payroll','auth','logout',2,NULL,NULL,'User logged out','::1','Mozilla/5.0 (Windows NT 10.0; Win64; x64) AppleWebKit/537.36 (KHTML, like Gecko) Chrome/149.0.0.0 Safari/537.36','2026-06-10 04:18:25'),(21,2,'payroll','auth','login',2,NULL,NULL,'User logged in','::1','Mozilla/5.0 (Windows NT 10.0; Win64; x64) AppleWebKit/537.36 (KHTML, like Gecko) Chrome/149.0.0.0 Safari/537.36','2026-06-10 04:18:41'),(22,2,'payroll','auth','login',2,NULL,NULL,'User logged in','::1','Mozilla/5.0 (Windows NT 10.0; Win64; x64) AppleWebKit/537.36 (KHTML, like Gecko) HeadlessChrome/148.0.7778.96 Safari/537.36','2026-06-10 04:23:25'),(23,1,'superadmin','auth','login',1,NULL,NULL,'User logged in','::1','Mozilla/5.0 (Windows NT 10.0; Win64; x64) AppleWebKit/537.36 (KHTML, like Gecko) Chrome/149.0.0.0 Safari/537.36','2026-06-10 10:19:55'),(24,1,'superadmin','auth','login',1,NULL,NULL,'User logged in','::1','Mozilla/5.0 (Windows NT 10.0; Win64; x64) AppleWebKit/537.36 (KHTML, like Gecko) HeadlessChrome/148.0.7778.96 Safari/537.36','2026-06-11 12:50:33'),(25,1,'superadmin','auth','login',1,NULL,NULL,'User logged in','::1','Mozilla/5.0 (Windows NT 10.0; Win64; x64) AppleWebKit/537.36 (KHTML, like Gecko) HeadlessChrome/148.0.7778.96 Safari/537.36','2026-06-11 13:10:38'),(26,1,'superadmin','auth','login',1,NULL,NULL,'User logged in','::1','Mozilla/5.0 (Windows NT 10.0; Win64; x64) AppleWebKit/537.36 (KHTML, like Gecko) HeadlessChrome/148.0.7778.96 Safari/537.36','2026-06-11 13:17:09'),(27,1,'superadmin','auth','login',1,NULL,NULL,'User logged in','::1','Mozilla/5.0 (Windows NT 10.0; Win64; x64) AppleWebKit/537.36 (KHTML, like Gecko) HeadlessChrome/148.0.7778.96 Safari/537.36','2026-06-11 13:19:29'),(28,1,'superadmin','auth','login',1,NULL,NULL,'User logged in','::1','Mozilla/5.0 (Windows NT 10.0; Win64; x64) AppleWebKit/537.36 (KHTML, like Gecko) Chrome/149.0.0.0 Safari/537.36','2026-06-11 13:22:51'),(29,1,'superadmin','auth','login',1,NULL,NULL,'User logged in','::1','Mozilla/5.0 (Windows NT 10.0; Win64; x64) AppleWebKit/537.36 (KHTML, like Gecko) Chrome/149.0.0.0 Safari/537.36','2026-06-16 07:45:12'),(30,1,'superadmin','auth','login',1,NULL,NULL,'User logged in','::1','Mozilla/5.0 (Windows NT 10.0; Win64; x64) AppleWebKit/537.36 (KHTML, like Gecko) Chrome/149.0.0.0 Safari/537.36','2026-06-23 23:13:43'),(31,1,'superadmin','auth','logout',1,NULL,NULL,'User logged out','::1','Mozilla/5.0 (Windows NT 10.0; Win64; x64) AppleWebKit/537.36 (KHTML, like Gecko) Chrome/149.0.0.0 Safari/537.36','2026-06-23 23:18:57'),(32,2,'payroll','auth','login',2,NULL,NULL,'User logged in','::1','Mozilla/5.0 (Windows NT 10.0; Win64; x64) AppleWebKit/537.36 (KHTML, like Gecko) Chrome/149.0.0.0 Safari/537.36','2026-06-23 23:19:00'),(33,2,'payroll','auth','logout',2,NULL,NULL,'User logged out','::1','Mozilla/5.0 (Windows NT 10.0; Win64; x64) AppleWebKit/537.36 (KHTML, like Gecko) Chrome/149.0.0.0 Safari/537.36','2026-06-24 07:00:50'),(34,1,'superadmin','auth','login',1,NULL,NULL,'User logged in','::1','Mozilla/5.0 (Windows NT 10.0; Win64; x64) AppleWebKit/537.36 (KHTML, like Gecko) Chrome/149.0.0.0 Safari/537.36','2026-06-24 07:00:53'),(36,1,'superadmin','auth','login',1,NULL,NULL,'User logged in','::1','Mozilla/5.0 (Windows NT 10.0; Win64; x64) AppleWebKit/537.36 (KHTML, like Gecko) Chrome/149.0.0.0 Safari/537.36','2026-06-24 07:39:19'),(37,1,'superadmin','auth','login',1,NULL,NULL,'User logged in','::1','Mozilla/5.0 (Windows NT 10.0; Win64; x64) AppleWebKit/537.36 (KHTML, like Gecko) HeadlessChrome/148.0.7778.96 Safari/537.36','2026-06-24 10:14:08'),(38,1,'superadmin','auth','login',1,NULL,NULL,'User logged in','::1','Mozilla/5.0 (Windows NT 10.0; Win64; x64) AppleWebKit/537.36 (KHTML, like Gecko) HeadlessChrome/148.0.7778.96 Safari/537.36','2026-06-24 12:11:55'),(39,1,'superadmin','auth','login',1,NULL,NULL,'User logged in','::1','Mozilla/5.0 (Windows NT 10.0; Win64; x64) AppleWebKit/537.36 (KHTML, like Gecko) HeadlessChrome/148.0.7778.96 Safari/537.36','2026-06-24 12:15:52'),(40,1,'superadmin','auth','login',1,NULL,NULL,'User logged in','::1','Mozilla/5.0 (Windows NT 10.0; Win64; x64) AppleWebKit/537.36 (KHTML, like Gecko) HeadlessChrome/148.0.7778.96 Safari/537.36','2026-06-24 12:33:16'),(41,1,'superadmin','auth','login',1,NULL,NULL,'User logged in','::1','Mozilla/5.0 (Windows NT 10.0; Win64; x64) AppleWebKit/537.36 (KHTML, like Gecko) HeadlessChrome/148.0.7778.96 Safari/537.36','2026-06-24 12:39:28'),(42,1,'superadmin','auth','login',1,NULL,NULL,'User logged in','::1','Mozilla/5.0 (Windows NT 10.0; Win64; x64) AppleWebKit/537.36 (KHTML, like Gecko) HeadlessChrome/148.0.7778.96 Safari/537.36','2026-06-24 12:49:11'),(43,1,'superadmin','auth','login',1,NULL,NULL,'User logged in','::1','Mozilla/5.0 (Windows NT 10.0; Win64; x64) AppleWebKit/537.36 (KHTML, like Gecko) HeadlessChrome/148.0.7778.96 Safari/537.36','2026-06-24 12:58:22'),(44,1,'superadmin','auth','login',1,NULL,NULL,'User logged in','::1','Mozilla/5.0 (Windows NT 10.0; Win64; x64) AppleWebKit/537.36 (KHTML, like Gecko) HeadlessChrome/148.0.7778.96 Safari/537.36','2026-06-24 13:15:45'),(45,1,'superadmin','auth','login',1,NULL,NULL,'User logged in','::1','Mozilla/5.0 (Windows NT 10.0; Win64; x64) AppleWebKit/537.36 (KHTML, like Gecko) HeadlessChrome/148.0.7778.96 Safari/537.36','2026-06-24 13:30:44'),(46,1,'superadmin','auth','login',1,NULL,NULL,'User logged in','::1','Mozilla/5.0 (Windows NT 10.0; Win64; x64) AppleWebKit/537.36 (KHTML, like Gecko) HeadlessChrome/148.0.7778.96 Safari/537.36','2026-06-24 13:39:01'),(47,1,'superadmin','auth','login',1,NULL,NULL,'User logged in','::1','Mozilla/5.0 (Windows NT 10.0; Win64; x64) AppleWebKit/537.36 (KHTML, like Gecko) HeadlessChrome/148.0.7778.96 Safari/537.36','2026-06-24 13:45:29'),(48,1,'superadmin','auth','login',1,NULL,NULL,'User logged in','::1','Mozilla/5.0 (Windows NT 10.0; Win64; x64) AppleWebKit/537.36 (KHTML, like Gecko) HeadlessChrome/148.0.7778.96 Safari/537.36','2026-06-24 13:53:47'),(49,1,'superadmin','auth','login',1,NULL,NULL,'User logged in','::1','Mozilla/5.0 (Windows NT 10.0; Win64; x64) AppleWebKit/537.36 (KHTML, like Gecko) HeadlessChrome/148.0.7778.96 Safari/537.36','2026-06-24 14:00:50'),(50,1,'superadmin','auth','login',1,NULL,NULL,'User logged in','::1','Mozilla/5.0 (Windows NT 10.0; Win64; x64) AppleWebKit/537.36 (KHTML, like Gecko) HeadlessChrome/148.0.7778.96 Safari/537.36','2026-06-24 14:10:06'),(51,1,'superadmin','auth','login',1,NULL,NULL,'User logged in','::1','Mozilla/5.0 (Windows NT 10.0; Win64; x64) AppleWebKit/537.36 (KHTML, like Gecko) HeadlessChrome/148.0.7778.96 Safari/537.36','2026-06-24 14:17:23'),(52,1,'superadmin','auth','logout',1,NULL,NULL,'User logged out','::1','Mozilla/5.0 (Windows NT 10.0; Win64; x64) AppleWebKit/537.36 (KHTML, like Gecko) Chrome/149.0.0.0 Safari/537.36','2026-06-24 14:22:49'),(53,1,'superadmin','auth','login',1,NULL,NULL,'User logged in','::1','Mozilla/5.0 (Windows NT 10.0; Win64; x64) AppleWebKit/537.36 (KHTML, like Gecko) Chrome/149.0.0.0 Safari/537.36','2026-06-24 22:19:14'),(54,1,'superadmin','auth','login',1,NULL,NULL,'User logged in','::1','Mozilla/5.0 (Windows NT 10.0; Win64; x64) AppleWebKit/537.36 (KHTML, like Gecko) HeadlessChrome/148.0.7778.96 Safari/537.36','2026-06-24 22:34:21'),(55,1,'superadmin','auth','login',1,NULL,NULL,'User logged in','::1','Mozilla/5.0 (Windows NT 10.0; Win64; x64) AppleWebKit/537.36 (KHTML, like Gecko) HeadlessChrome/148.0.7778.96 Safari/537.36','2026-06-24 22:41:03'),(56,2,'payroll','auth','login',2,NULL,NULL,'User logged in','::1','Mozilla/5.0 (Windows NT 10.0; Win64; x64) AppleWebKit/537.36 (KHTML, like Gecko) HeadlessChrome/148.0.7778.96 Safari/537.36','2026-06-24 22:41:09'),(57,1,'superadmin','auth','login',1,NULL,NULL,'User logged in','::1','Mozilla/5.0 (Windows NT 10.0; Win64; x64) AppleWebKit/537.36 (KHTML, like Gecko) HeadlessChrome/148.0.7778.96 Safari/537.36','2026-06-24 22:42:39'),(58,2,'payroll','auth','login',2,NULL,NULL,'User logged in','::1','Mozilla/5.0 (Windows NT 10.0; Win64; x64) AppleWebKit/537.36 (KHTML, like Gecko) HeadlessChrome/148.0.7778.96 Safari/537.36','2026-06-24 22:42:52'),(59,1,'superadmin','auth','login',1,NULL,NULL,'User logged in','::1','Mozilla/5.0 (Windows NT 10.0; Win64; x64) AppleWebKit/537.36 (KHTML, like Gecko) HeadlessChrome/148.0.7778.96 Safari/537.36','2026-06-24 22:46:30'),(60,2,'payroll','auth','login',2,NULL,NULL,'User logged in','::1','Mozilla/5.0 (Windows NT 10.0; Win64; x64) AppleWebKit/537.36 (KHTML, like Gecko) HeadlessChrome/148.0.7778.96 Safari/537.36','2026-06-24 22:46:41'),(61,1,'superadmin','auth','login',1,NULL,NULL,'User logged in','::1','Mozilla/5.0 (Windows NT 10.0; Win64; x64) AppleWebKit/537.36 (KHTML, like Gecko) Chrome/149.0.0.0 Safari/537.36 Edg/149.0.0.0','2026-06-24 22:48:32'),(62,1,'superadmin','auth','login',1,NULL,NULL,'User logged in','::1','Mozilla/5.0 (Windows NT 10.0; Win64; x64) AppleWebKit/537.36 (KHTML, like Gecko) HeadlessChrome/148.0.7778.96 Safari/537.36','2026-06-24 22:51:50'),(63,1,'superadmin','auth','login',1,NULL,NULL,'User logged in','::1','Mozilla/5.0 (Windows NT 10.0; Win64; x64) AppleWebKit/537.36 (KHTML, like Gecko) HeadlessChrome/148.0.7778.96 Safari/537.36','2026-06-24 22:56:38'),(64,2,'payroll','auth','login',2,NULL,NULL,'User logged in','::1','Mozilla/5.0 (Windows NT 10.0; Win64; x64) AppleWebKit/537.36 (KHTML, like Gecko) HeadlessChrome/148.0.7778.96 Safari/537.36','2026-06-24 22:56:59'),(65,1,'superadmin','auth','login',1,NULL,NULL,'User logged in','::1','Mozilla/5.0 (Windows NT 10.0; Win64; x64) AppleWebKit/537.36 (KHTML, like Gecko) HeadlessChrome/148.0.7778.96 Safari/537.36','2026-06-24 22:58:53'),(66,3,'hrmanager','auth','login',3,NULL,NULL,'User logged in','::1','Mozilla/5.0 (Windows NT 10.0; Win64; x64) AppleWebKit/537.36 (KHTML, like Gecko) HeadlessChrome/148.0.7778.96 Safari/537.36','2026-06-24 22:59:05'),(67,4,'hrofficer','auth','login',4,NULL,NULL,'User logged in','::1','Mozilla/5.0 (Windows NT 10.0; Win64; x64) AppleWebKit/537.36 (KHTML, like Gecko) HeadlessChrome/148.0.7778.96 Safari/537.36','2026-06-24 22:59:15'),(68,2,'payroll','auth','login',2,NULL,NULL,'User logged in','::1','Mozilla/5.0 (Windows NT 10.0; Win64; x64) AppleWebKit/537.36 (KHTML, like Gecko) HeadlessChrome/148.0.7778.96 Safari/537.36','2026-06-24 22:59:26'),(69,1,'superadmin','auth','logout',1,NULL,NULL,'User logged out','::1','Mozilla/5.0 (Windows NT 10.0; Win64; x64) AppleWebKit/537.36 (KHTML, like Gecko) Chrome/149.0.0.0 Safari/537.36 Edg/149.0.0.0','2026-06-24 23:04:00'),(70,3,'hrmanager','auth','login',3,NULL,NULL,'User logged in','::1','Mozilla/5.0 (Windows NT 10.0; Win64; x64) AppleWebKit/537.36 (KHTML, like Gecko) Chrome/149.0.0.0 Safari/537.36 Edg/149.0.0.0','2026-06-24 23:04:39'),(71,3,'hrmanager','auth','logout',3,NULL,NULL,'User logged out','::1','Mozilla/5.0 (Windows NT 10.0; Win64; x64) AppleWebKit/537.36 (KHTML, like Gecko) Chrome/149.0.0.0 Safari/537.36 Edg/149.0.0.0','2026-06-24 23:05:26'),(72,4,'hrofficer','auth','login',4,NULL,NULL,'User logged in','::1','Mozilla/5.0 (Windows NT 10.0; Win64; x64) AppleWebKit/537.36 (KHTML, like Gecko) Chrome/149.0.0.0 Safari/537.36 Edg/149.0.0.0','2026-06-24 23:05:44'),(73,4,'hrofficer','auth','logout',4,NULL,NULL,'User logged out','::1','Mozilla/5.0 (Windows NT 10.0; Win64; x64) AppleWebKit/537.36 (KHTML, like Gecko) Chrome/149.0.0.0 Safari/537.36 Edg/149.0.0.0','2026-06-24 23:06:46'),(74,2,'payroll','auth','login',2,NULL,NULL,'User logged in','::1','Mozilla/5.0 (Windows NT 10.0; Win64; x64) AppleWebKit/537.36 (KHTML, like Gecko) Chrome/149.0.0.0 Safari/537.36 Edg/149.0.0.0','2026-06-24 23:07:16'),(75,2,'payroll','auth','logout',2,NULL,NULL,'User logged out','::1','Mozilla/5.0 (Windows NT 10.0; Win64; x64) AppleWebKit/537.36 (KHTML, like Gecko) Chrome/149.0.0.0 Safari/537.36 Edg/149.0.0.0','2026-06-24 23:07:39'),(76,3,'hrmanager','auth','login',3,NULL,NULL,'User logged in','::1','Mozilla/5.0 (Windows NT 10.0; Win64; x64) AppleWebKit/537.36 (KHTML, like Gecko) Chrome/149.0.0.0 Safari/537.36 Edg/149.0.0.0','2026-06-24 23:07:54'),(77,3,'hrmanager','auth','logout',3,NULL,NULL,'User logged out','::1','Mozilla/5.0 (Windows NT 10.0; Win64; x64) AppleWebKit/537.36 (KHTML, like Gecko) Chrome/149.0.0.0 Safari/537.36 Edg/149.0.0.0','2026-06-24 23:08:20'),(78,1,'superadmin','auth','login',1,NULL,NULL,'User logged in','::1','Mozilla/5.0 (Windows NT 10.0; Win64; x64) AppleWebKit/537.36 (KHTML, like Gecko) Chrome/149.0.0.0 Safari/537.36 Edg/149.0.0.0','2026-06-24 23:08:35'),(79,1,'superadmin','auth','login',1,NULL,NULL,'User logged in','::1','Mozilla/5.0 (Windows NT 10.0; Win64; x64) AppleWebKit/537.36 (KHTML, like Gecko) HeadlessChrome/148.0.7778.96 Safari/537.36','2026-06-24 23:13:44'),(80,1,'superadmin','auth','login',1,NULL,NULL,'User logged in','::1','Mozilla/5.0 (Windows NT 10.0; Win64; x64) AppleWebKit/537.36 (KHTML, like Gecko) HeadlessChrome/148.0.7778.96 Safari/537.36','2026-06-24 23:17:13'),(81,1,'superadmin','auth','logout',1,NULL,NULL,'User logged out','::1','Mozilla/5.0 (Windows NT 10.0; Win64; x64) AppleWebKit/537.36 (KHTML, like Gecko) Chrome/149.0.0.0 Safari/537.36','2026-06-24 23:18:51'),(82,3,'hrmanager','auth','login',3,NULL,NULL,'User logged in','::1','Mozilla/5.0 (Windows NT 10.0; Win64; x64) AppleWebKit/537.36 (KHTML, like Gecko) Chrome/149.0.0.0 Safari/537.36','2026-06-24 23:19:40'),(83,1,'superadmin','auth','login',1,NULL,NULL,'User logged in','::1','Mozilla/5.0 (Windows NT 10.0; Win64; x64) AppleWebKit/537.36 (KHTML, like Gecko) HeadlessChrome/148.0.7778.96 Safari/537.36','2026-06-24 23:23:40'),(84,3,'hrmanager','auth','login',3,NULL,NULL,'User logged in','::1','Mozilla/5.0 (Windows NT 10.0; Win64; x64) AppleWebKit/537.36 (KHTML, like Gecko) HeadlessChrome/148.0.7778.96 Safari/537.36','2026-06-24 23:25:50'),(85,4,'hrofficer','auth','login',4,NULL,NULL,'User logged in','::1','Mozilla/5.0 (Windows NT 10.0; Win64; x64) AppleWebKit/537.36 (KHTML, like Gecko) HeadlessChrome/148.0.7778.96 Safari/537.36','2026-06-24 23:27:58'),(86,2,'payroll','auth','login',2,NULL,NULL,'User logged in','::1','Mozilla/5.0 (Windows NT 10.0; Win64; x64) AppleWebKit/537.36 (KHTML, like Gecko) HeadlessChrome/148.0.7778.96 Safari/537.36','2026-06-24 23:30:17'),(87,1,'superadmin','auth','login',1,NULL,NULL,'User logged in','::1','Mozilla/5.0 (Windows NT 10.0; Win64; x64) AppleWebKit/537.36 (KHTML, like Gecko) Chrome/149.0.0.0 Safari/537.36','2026-06-24 23:45:09'),(89,1,'superadmin','auth','logout',1,NULL,NULL,'User logged out','::1','Mozilla/5.0 (Windows NT 10.0; Win64; x64) AppleWebKit/537.36 (KHTML, like Gecko) Chrome/149.0.0.0 Safari/537.36','2026-06-24 23:48:43'),(90,4,'hrofficer','auth','login',4,NULL,NULL,'User logged in','::1','Mozilla/5.0 (Windows NT 10.0; Win64; x64) AppleWebKit/537.36 (KHTML, like Gecko) Chrome/149.0.0.0 Safari/537.36','2026-06-24 23:48:46'),(91,4,'hrofficer','auth','logout',4,NULL,NULL,'User logged out','::1','Mozilla/5.0 (Windows NT 10.0; Win64; x64) AppleWebKit/537.36 (KHTML, like Gecko) Chrome/149.0.0.0 Safari/537.36','2026-06-24 23:49:16'),(92,2,'payroll','auth','login',2,NULL,NULL,'User logged in','::1','Mozilla/5.0 (Windows NT 10.0; Win64; x64) AppleWebKit/537.36 (KHTML, like Gecko) Chrome/149.0.0.0 Safari/537.36','2026-06-24 23:49:18'),(93,2,'payroll','auth','logout',2,NULL,NULL,'User logged out','::1','Mozilla/5.0 (Windows NT 10.0; Win64; x64) AppleWebKit/537.36 (KHTML, like Gecko) Chrome/149.0.0.0 Safari/537.36','2026-06-24 23:49:53'),(94,3,'hrmanager','auth','login',3,NULL,NULL,'User logged in','::1','Mozilla/5.0 (Windows NT 10.0; Win64; x64) AppleWebKit/537.36 (KHTML, like Gecko) Chrome/149.0.0.0 Safari/537.36','2026-06-24 23:49:56'),(95,3,'hrmanager','auth','logout',3,NULL,NULL,'User logged out','::1','Mozilla/5.0 (Windows NT 10.0; Win64; x64) AppleWebKit/537.36 (KHTML, like Gecko) Chrome/149.0.0.0 Safari/537.36','2026-06-24 23:55:46'),(96,1,'superadmin','auth','login',1,NULL,NULL,'User logged in','::1','Mozilla/5.0 (Windows NT 10.0; Win64; x64) AppleWebKit/537.36 (KHTML, like Gecko) Chrome/149.0.0.0 Safari/537.36','2026-06-24 23:55:49'),(97,1,'superadmin','auth','logout',1,NULL,NULL,'User logged out','::1','Mozilla/5.0 (Windows NT 10.0; Win64; x64) AppleWebKit/537.36 (KHTML, like Gecko) Chrome/149.0.0.0 Safari/537.36','2026-06-24 23:56:03'),(98,2,'payroll','auth','login',2,NULL,NULL,'User logged in','::1','Mozilla/5.0 (Windows NT 10.0; Win64; x64) AppleWebKit/537.36 (KHTML, like Gecko) Chrome/149.0.0.0 Safari/537.36','2026-06-24 23:56:05'),(99,1,'superadmin','auth','login',1,NULL,NULL,'User logged in','::1','Mozilla/5.0 (Windows NT 10.0; Win64; x64) AppleWebKit/537.36 (KHTML, like Gecko) HeadlessChrome/148.0.7778.96 Safari/537.36','2026-06-25 00:24:08'),(100,1,'superadmin','auth','login',1,NULL,NULL,'User logged in','::1','Mozilla/5.0 (Windows NT 10.0; Win64; x64) AppleWebKit/537.36 (KHTML, like Gecko) HeadlessChrome/148.0.7778.96 Safari/537.36','2026-06-25 00:31:41'),(101,2,'payroll','auth','login',2,NULL,NULL,'User logged in','::1','Mozilla/5.0 (Windows NT 10.0; Win64; x64) AppleWebKit/537.36 (KHTML, like Gecko) HeadlessChrome/148.0.7778.96 Safari/537.36','2026-06-25 00:35:07'),(102,2,'payroll','security','access_denied',NULL,NULL,NULL,'Role \'payroll_officer\' denied: performance.view.view at /HR_Komagin/modules/performance/index.php','::1',NULL,'2026-06-25 00:35:13'),(103,2,'payroll','security','access_denied',NULL,NULL,NULL,'Role \'payroll_officer\' denied: disciplinary.view.view at /HR_Komagin/modules/disciplinary/index.php','::1',NULL,'2026-06-25 00:35:19'),(104,2,'payroll','security','access_denied',NULL,NULL,NULL,'Role \'payroll_officer\' denied: documents.view.view at /HR_Komagin/modules/documents/index.php','::1',NULL,'2026-06-25 00:35:24'),(105,2,'payroll','security','access_denied',NULL,NULL,NULL,'Role \'payroll_officer\' denied: hub.view.view at /HR_Komagin/modules/hub/index.php','::1',NULL,'2026-06-25 00:35:29'),(106,2,'payroll','security','access_denied',NULL,NULL,NULL,'Role \'payroll_officer\' denied: roles.manage.view at /HR_Komagin/modules/roles/index.php','::1',NULL,'2026-06-25 00:35:37'),(107,2,'payroll','security','access_denied',NULL,NULL,NULL,'Role \'payroll_officer\' denied: settings.manage.view at /HR_Komagin/modules/settings/index.php','::1',NULL,'2026-06-25 00:35:41'),(108,2,'payroll','security','access_denied',NULL,NULL,NULL,'Role \'payroll_officer\' denied: users.manage.view at /HR_Komagin/modules/users/index.php','::1',NULL,'2026-06-25 00:35:46'),(109,2,'payroll','auth','login',2,NULL,NULL,'User logged in','::1','Mozilla/5.0 (Windows NT 10.0; Win64; x64) AppleWebKit/537.36 (KHTML, like Gecko) HeadlessChrome/148.0.7778.96 Safari/537.36','2026-06-25 00:37:58'),(110,2,'payroll','security','access_denied',NULL,NULL,NULL,'Role \'payroll_officer\' denied: performance.view.view at /HR_Komagin/modules/performance/index.php','::1',NULL,'2026-06-25 00:38:04'),(111,2,'payroll','security','access_denied',NULL,NULL,NULL,'Role \'payroll_officer\' denied: disciplinary.view.view at /HR_Komagin/modules/disciplinary/index.php','::1',NULL,'2026-06-25 00:38:09'),(112,2,'payroll','security','access_denied',NULL,NULL,NULL,'Role \'payroll_officer\' denied: documents.view.view at /HR_Komagin/modules/documents/index.php','::1',NULL,'2026-06-25 00:38:14'),(113,2,'payroll','security','access_denied',NULL,NULL,NULL,'Role \'payroll_officer\' denied: hub.view.view at /HR_Komagin/modules/hub/index.php','::1',NULL,'2026-06-25 00:38:19'),(114,2,'payroll','security','access_denied',NULL,NULL,NULL,'Role \'payroll_officer\' denied: archive.view.view at /HR_Komagin/modules/archive/monthly.php','::1',NULL,'2026-06-25 00:38:24'),(115,2,'payroll','security','access_denied',NULL,NULL,NULL,'Role \'payroll_officer\' denied: archive.view.view at /HR_Komagin/modules/archive/quarterly.php','::1',NULL,'2026-06-25 00:38:29'),(116,2,'payroll','security','access_denied',NULL,NULL,NULL,'Role \'payroll_officer\' denied: roles.manage.view at /HR_Komagin/modules/roles/index.php','::1',NULL,'2026-06-25 00:38:34'),(117,2,'payroll','security','access_denied',NULL,NULL,NULL,'Role \'payroll_officer\' denied: settings.manage.view at /HR_Komagin/modules/settings/index.php','::1',NULL,'2026-06-25 00:38:40'),(118,2,'payroll','security','access_denied',NULL,NULL,NULL,'Role \'payroll_officer\' denied: users.manage.view at /HR_Komagin/modules/users/index.php','::1',NULL,'2026-06-25 00:38:44'),(119,2,'payroll','security','access_denied',NULL,NULL,NULL,'Role \'payroll_officer\' denied: assets.view.view at /HR_Komagin/modules/assets/index.php','::1',NULL,'2026-06-25 00:38:49'),(120,1,'superadmin','auth','login',1,NULL,NULL,'User logged in','::1','Mozilla/5.0 (Windows NT 10.0; Win64; x64) AppleWebKit/537.36 (KHTML, like Gecko) HeadlessChrome/148.0.7778.96 Safari/537.36','2026-06-25 00:40:15'),(121,1,'superadmin','auth','login',1,NULL,NULL,'User logged in','::1','Mozilla/5.0 (Windows NT 10.0; Win64; x64) AppleWebKit/537.36 (KHTML, like Gecko) HeadlessChrome/148.0.7778.96 Safari/537.36','2026-06-25 00:41:20'),(122,1,'superadmin','auth','login',1,NULL,NULL,'User logged in','::1','Mozilla/5.0 (Windows NT 10.0; Win64; x64) AppleWebKit/537.36 (KHTML, like Gecko) HeadlessChrome/148.0.7778.96 Safari/537.36','2026-06-25 00:55:15'),(123,1,'superadmin','auth','login',1,NULL,NULL,'User logged in','::1','Mozilla/5.0 (Windows NT 10.0; Win64; x64) AppleWebKit/537.36 (KHTML, like Gecko) HeadlessChrome/148.0.7778.96 Safari/537.36','2026-06-25 00:58:24'),(125,1,'superadmin','payroll','publish_run',1,NULL,NULL,'Monthly payroll published','127.0.0.1',NULL,'2026-06-20 01:05:32'),(128,1,'superadmin','auth','login',1,NULL,NULL,NULL,'127.0.0.1',NULL,'2026-06-25 01:05:32'),(129,1,'superadmin','auth','login',1,NULL,NULL,'User logged in','::1','Mozilla/5.0 (Windows NT 10.0; Win64; x64) AppleWebKit/537.36 (KHTML, like Gecko) HeadlessChrome/148.0.7778.96 Safari/537.36','2026-06-25 01:05:59'),(130,1,'superadmin','auth','login',1,NULL,NULL,'User logged in','::1','Mozilla/5.0 (Windows NT 10.0; Win64; x64) AppleWebKit/537.36 (KHTML, like Gecko) HeadlessChrome/148.0.7778.96 Safari/537.36','2026-06-25 01:10:10'),(131,1,'superadmin','auth','login',1,NULL,NULL,'User logged in','::1','Mozilla/5.0 (Windows NT 10.0; Win64; x64) AppleWebKit/537.36 (KHTML, like Gecko) HeadlessChrome/148.0.7778.96 Safari/537.36','2026-06-25 01:17:45'),(132,1,'superadmin','auth','login',1,NULL,NULL,'User logged in','::1','Mozilla/5.0 (Windows NT 10.0; Win64; x64) AppleWebKit/537.36 (KHTML, like Gecko) HeadlessChrome/148.0.7778.96 Safari/537.36','2026-06-25 01:21:07'),(133,1,'superadmin','auth','login',1,NULL,NULL,'User logged in','::1','Mozilla/5.0 (Windows NT 10.0; Win64; x64) AppleWebKit/537.36 (KHTML, like Gecko) HeadlessChrome/148.0.7778.96 Safari/537.36','2026-06-25 01:26:31'),(134,1,'superadmin','auth','login',1,NULL,NULL,'User logged in','::1','Mozilla/5.0 (Windows NT 10.0; Win64; x64) AppleWebKit/537.36 (KHTML, like Gecko) HeadlessChrome/148.0.7778.96 Safari/537.36','2026-06-25 01:30:53'),(135,1,'superadmin','auth','login',1,NULL,NULL,'User logged in','::1','Mozilla/5.0 (Windows NT 10.0; Win64; x64) AppleWebKit/537.36 (KHTML, like Gecko) HeadlessChrome/148.0.7778.96 Safari/537.36','2026-06-25 01:36:33'),(137,3,'hrmanager','auth','login',3,NULL,NULL,'User logged in','::1','Mozilla/5.0 (Windows NT 10.0; Win64; x64) AppleWebKit/537.36 (KHTML, like Gecko) HeadlessChrome/148.0.7778.96 Safari/537.36','2026-06-25 01:38:40'),(138,3,'hrmanager','documents','issue_document',1,NULL,NULL,NULL,'::1','Mozilla/5.0 (Windows NT 10.0; Win64; x64) AppleWebKit/537.36 (KHTML, like Gecko) HeadlessChrome/148.0.7778.96 Safari/537.36','2026-06-25 01:38:52'),(139,2,'payroll','auth','login',2,NULL,NULL,'User logged in','::1','Mozilla/5.0 (Windows NT 10.0; Win64; x64) AppleWebKit/537.36 (KHTML, like Gecko) HeadlessChrome/148.0.7778.96 Safari/537.36','2026-06-25 01:40:57'),(140,2,'payroll','auth','login',2,NULL,NULL,'User logged in','::1','Mozilla/5.0 (Windows NT 10.0; Win64; x64) AppleWebKit/537.36 (KHTML, like Gecko) HeadlessChrome/148.0.7778.96 Safari/537.36','2026-06-25 01:45:54'),(141,1,'superadmin','auth','login',1,NULL,NULL,'User logged in','::1','Mozilla/5.0 (Windows NT 10.0; Win64; x64) AppleWebKit/537.36 (KHTML, like Gecko) HeadlessChrome/148.0.7778.96 Safari/537.36','2026-06-25 01:49:45'),(142,1,'superadmin','auth','login',1,NULL,NULL,'User logged in','::1','Mozilla/5.0 (Windows NT 10.0; Win64; x64) AppleWebKit/537.36 (KHTML, like Gecko) HeadlessChrome/148.0.7778.96 Safari/537.36','2026-06-25 01:52:58'),(143,1,'superadmin','auth','login',1,NULL,NULL,'User logged in','::1','Mozilla/5.0 (Windows NT 10.0; Win64; x64) AppleWebKit/537.36 (KHTML, like Gecko) HeadlessChrome/148.0.7778.96 Safari/537.36','2026-06-25 01:58:34'),(144,3,'hrmanager','auth','logout',3,NULL,NULL,'User logged out','::1','Mozilla/5.0 (Windows NT 10.0; Win64; x64) AppleWebKit/537.36 (KHTML, like Gecko) Chrome/149.0.0.0 Safari/537.36','2026-06-25 02:05:11'),(145,1,'superadmin','auth','login',1,NULL,NULL,'User logged in','::1','Mozilla/5.0 (Windows NT 10.0; Win64; x64) AppleWebKit/537.36 (KHTML, like Gecko) Chrome/149.0.0.0 Safari/537.36','2026-06-25 02:05:45'),(146,1,'superadmin','auth','logout',1,NULL,NULL,'User logged out','::1','Mozilla/5.0 (Windows NT 10.0; Win64; x64) AppleWebKit/537.36 (KHTML, like Gecko) Chrome/149.0.0.0 Safari/537.36 Edg/149.0.0.0','2026-06-25 02:07:44'),(147,2,'payroll','auth','logout',2,NULL,NULL,'User logged out','::1','Mozilla/5.0 (Windows NT 10.0; Win64; x64) AppleWebKit/537.36 (KHTML, like Gecko) Chrome/149.0.0.0 Safari/537.36','2026-06-25 02:10:49'),(148,1,'superadmin','auth','login',1,NULL,NULL,'User logged in','::1','Mozilla/5.0 (Windows NT 10.0; Win64; x64) AppleWebKit/537.36 (KHTML, like Gecko) Chrome/149.0.0.0 Safari/537.36','2026-06-25 02:10:53'),(149,1,'superadmin','auth','logout',1,NULL,NULL,'User logged out','::1','Mozilla/5.0 (Windows NT 10.0; Win64; x64) AppleWebKit/537.36 (KHTML, like Gecko) Chrome/149.0.0.0 Safari/537.36','2026-06-25 02:11:12'),(150,2,'payroll','auth','login',2,NULL,NULL,'User logged in','::1','Mozilla/5.0 (Windows NT 10.0; Win64; x64) AppleWebKit/537.36 (KHTML, like Gecko) Chrome/149.0.0.0 Safari/537.36','2026-06-25 02:11:15'),(151,2,'payroll','security','access_denied',NULL,NULL,NULL,'Role \'payroll_officer\' denied: performance.view.view at /HR_Komagin/modules/performance/index.php','::1',NULL,'2026-06-25 02:11:19'),(152,2,'payroll','security','access_denied',NULL,NULL,NULL,'Role \'payroll_officer\' denied: disciplinary.view.view at /HR_Komagin/modules/disciplinary/index.php','::1',NULL,'2026-06-25 02:11:24'),(153,2,'payroll','security','access_denied',NULL,NULL,NULL,'Role \'payroll_officer\' denied: employees.create.create at /HR_Komagin/modules/employees/add.php','::1',NULL,'2026-06-25 02:11:30'),(154,2,'payroll','security','access_denied',NULL,NULL,NULL,'Role \'payroll_officer\' denied: leave.view.view at /HR_Komagin/modules/leave/index.php','::1',NULL,'2026-06-25 02:11:35'),(155,1,'superadmin','auth','login',1,NULL,NULL,'User logged in','::1','Mozilla/5.0 (Windows NT 10.0; Win64; x64) AppleWebKit/537.36 (KHTML, like Gecko) Chrome/149.0.0.0 Safari/537.36','2026-06-25 02:13:39'),(156,1,'superadmin','auth','login',1,NULL,NULL,'User logged in','::1','Mozilla/5.0 (Windows NT 10.0; Win64; x64) AppleWebKit/537.36 (KHTML, like Gecko) Chrome/149.0.0.0 Safari/537.36','2026-06-25 02:14:58'),(158,1,'superadmin','auth','logout',1,NULL,NULL,'User logged out','::1','Mozilla/5.0 (Windows NT 10.0; Win64; x64) AppleWebKit/537.36 (KHTML, like Gecko) Chrome/149.0.0.0 Safari/537.36','2026-06-25 02:15:21'),(159,2,'payroll','auth','login',2,NULL,NULL,'User logged in','::1','Mozilla/5.0 (Windows NT 10.0; Win64; x64) AppleWebKit/537.36 (KHTML, like Gecko) Chrome/149.0.0.0 Safari/537.36','2026-06-25 02:15:24'),(160,2,'payroll','auth','logout',2,NULL,NULL,'User logged out','::1','Mozilla/5.0 (Windows NT 10.0; Win64; x64) AppleWebKit/537.36 (KHTML, like Gecko) Chrome/149.0.0.0 Safari/537.36','2026-06-25 02:15:28'),(161,4,'hrofficer','auth','login',4,NULL,NULL,'User logged in','::1','Mozilla/5.0 (Windows NT 10.0; Win64; x64) AppleWebKit/537.36 (KHTML, like Gecko) Chrome/149.0.0.0 Safari/537.36','2026-06-25 02:15:31'),(162,1,'superadmin','auth','logout',1,NULL,NULL,'User logged out','::1','Mozilla/5.0 (Windows NT 10.0; Win64; x64) AppleWebKit/537.36 (KHTML, like Gecko) Chrome/149.0.0.0 Safari/537.36','2026-06-25 02:21:19'),(163,1,'superadmin','auth','login',1,NULL,NULL,'User logged in','::1','Mozilla/5.0 (Windows NT 10.0; Win64; x64) AppleWebKit/537.36 (KHTML, like Gecko) Chrome/149.0.0.0 Safari/537.36','2026-06-25 02:21:45'),(164,4,'hrofficer','auth','logout',4,NULL,NULL,'User logged out','::1','Mozilla/5.0 (Windows NT 10.0; Win64; x64) AppleWebKit/537.36 (KHTML, like Gecko) Chrome/149.0.0.0 Safari/537.36','2026-06-25 02:24:49'),(165,1,'superadmin','auth','login',1,NULL,NULL,'User logged in','::1','Mozilla/5.0 (Windows NT 10.0; Win64; x64) AppleWebKit/537.36 (KHTML, like Gecko) Chrome/149.0.0.0 Safari/537.36','2026-06-25 02:24:53'),(166,1,'superadmin','auth','logout',1,NULL,NULL,'User logged out','::1','Mozilla/5.0 (Windows NT 10.0; Win64; x64) AppleWebKit/537.36 (KHTML, like Gecko) Chrome/149.0.0.0 Safari/537.36','2026-06-25 02:28:03'),(167,1,'superadmin','auth','login',1,NULL,NULL,'User logged in','::1','Mozilla/5.0 (Windows NT 10.0; Win64; x64) AppleWebKit/537.36 (KHTML, like Gecko) Chrome/149.0.0.0 Safari/537.36','2026-06-25 02:28:07'),(168,1,'superadmin','auth','logout',1,NULL,NULL,'User logged out','::1','Mozilla/5.0 (Windows NT 10.0; Win64; x64) AppleWebKit/537.36 (KHTML, like Gecko) Chrome/149.0.0.0 Safari/537.36','2026-06-25 02:28:11'),(169,3,'hrmanager','auth','login',3,NULL,NULL,'User logged in','::1','Mozilla/5.0 (Windows NT 10.0; Win64; x64) AppleWebKit/537.36 (KHTML, like Gecko) Chrome/149.0.0.0 Safari/537.36','2026-06-25 02:28:14'),(170,3,'hrmanager','auth','logout',3,NULL,NULL,'User logged out','::1','Mozilla/5.0 (Windows NT 10.0; Win64; x64) AppleWebKit/537.36 (KHTML, like Gecko) Chrome/149.0.0.0 Safari/537.36','2026-06-25 02:28:18'),(171,4,'hrofficer','auth','login',4,NULL,NULL,'User logged in','::1','Mozilla/5.0 (Windows NT 10.0; Win64; x64) AppleWebKit/537.36 (KHTML, like Gecko) Chrome/149.0.0.0 Safari/537.36','2026-06-25 02:28:21'),(172,4,'hrofficer','auth','logout',4,NULL,NULL,'User logged out','::1','Mozilla/5.0 (Windows NT 10.0; Win64; x64) AppleWebKit/537.36 (KHTML, like Gecko) Chrome/149.0.0.0 Safari/537.36','2026-06-25 02:28:26'),(173,2,'payroll','auth','login',2,NULL,NULL,'User logged in','::1','Mozilla/5.0 (Windows NT 10.0; Win64; x64) AppleWebKit/537.36 (KHTML, like Gecko) Chrome/149.0.0.0 Safari/537.36','2026-06-25 02:28:29'),(174,1,'superadmin','auth','login',1,NULL,NULL,'User logged in','::1','Mozilla/5.0 (Windows NT 10.0; Win64; x64) AppleWebKit/537.36 (KHTML, like Gecko) Chrome/149.0.0.0 Safari/537.36','2026-06-25 04:57:36'),(175,1,'superadmin','auth','logout',1,NULL,NULL,'User logged out','::1','Mozilla/5.0 (Windows NT 10.0; Win64; x64) AppleWebKit/537.36 (KHTML, like Gecko) Chrome/149.0.0.0 Safari/537.36','2026-06-25 05:04:11'),(176,2,'payroll','auth','login',2,NULL,NULL,'User logged in','::1','Mozilla/5.0 (Windows NT 10.0; Win64; x64) AppleWebKit/537.36 (KHTML, like Gecko) Chrome/149.0.0.0 Safari/537.36','2026-06-25 05:04:46'),(177,2,'payroll','security','access_denied',NULL,NULL,NULL,'Role \'payroll_officer\' denied: timesheets.edit.edit at /HR_Komagin/modules/timesheets/edit.php?id=231','::1',NULL,'2026-06-25 05:05:55'),(178,2,'payroll','security','access_denied',NULL,NULL,NULL,'Role \'payroll_officer\' denied: documents.missing.view at /HR_Komagin/modules/documents/missing.php','::1',NULL,'2026-06-25 05:06:21'),(179,2,'payroll','auth','logout',2,NULL,NULL,'User logged out','::1','Mozilla/5.0 (Windows NT 10.0; Win64; x64) AppleWebKit/537.36 (KHTML, like Gecko) Chrome/149.0.0.0 Safari/537.36','2026-06-25 05:08:24'),(180,4,'hrofficer','auth','login',4,NULL,NULL,'User logged in','::1','Mozilla/5.0 (Windows NT 10.0; Win64; x64) AppleWebKit/537.36 (KHTML, like Gecko) Chrome/149.0.0.0 Safari/537.36','2026-06-25 05:09:37'),(181,4,'hrofficer','security','access_denied',NULL,NULL,NULL,'Role \'hr_officer\' denied: payroll.deductions.view at /HR_Komagin/modules/payroll/deductions.php','::1',NULL,'2026-06-25 05:10:36'),(182,4,'hrofficer','security','access_denied',NULL,NULL,NULL,'Role \'hr_officer\' denied: payroll.deductions.view at /HR_Komagin/modules/payroll/deductions.php','::1',NULL,'2026-06-25 05:10:38'),(183,4,'hrofficer','security','access_denied',NULL,NULL,NULL,'Role \'hr_officer\' denied: payroll.deductions.view at /HR_Komagin/modules/payroll/deductions.php','::1',NULL,'2026-06-25 05:10:42'),(184,4,'hrofficer','security','access_denied',NULL,NULL,NULL,'Role \'hr_officer\' denied: payroll.deductions.view at /HR_Komagin/modules/payroll/deductions.php','::1',NULL,'2026-06-25 05:10:44'),(185,4,'hrofficer','security','access_denied',NULL,NULL,NULL,'Role \'hr_officer\' denied: payroll.deductions.view at /HR_Komagin/modules/payroll/deductions.php','::1',NULL,'2026-06-25 05:10:53'),(186,4,'hrofficer','security','access_denied',NULL,NULL,NULL,'Role \'hr_officer\' denied: payroll.deductions.view at /HR_Komagin/modules/payroll/deductions.php','::1',NULL,'2026-06-25 05:10:55'),(187,4,'hrofficer','security','access_denied',NULL,NULL,NULL,'Role \'hr_officer\' denied: payroll.deductions.view at /HR_Komagin/modules/payroll/deductions.php','::1',NULL,'2026-06-25 05:11:10'),(188,4,'hrofficer','security','access_denied',NULL,NULL,NULL,'Role \'hr_officer\' denied: payroll.deductions.view at /HR_Komagin/modules/payroll/deductions.php','::1',NULL,'2026-06-25 05:11:12'),(189,4,'hrofficer','security','access_denied',NULL,NULL,NULL,'Role \'hr_officer\' denied: payroll.savings.view at /HR_Komagin/modules/payroll/savings.php','::1',NULL,'2026-06-25 05:11:18'),(190,4,'hrofficer','security','access_denied',NULL,NULL,NULL,'Role \'hr_officer\' denied: payroll.savings.view at /HR_Komagin/modules/payroll/savings.php','::1',NULL,'2026-06-25 05:11:20'),(191,4,'hrofficer','security','access_denied',NULL,NULL,NULL,'Role \'hr_officer\' denied: payroll.deductions.view at /HR_Komagin/modules/payroll/deductions.php','::1',NULL,'2026-06-25 05:15:57'),(192,4,'hrofficer','security','access_denied',NULL,NULL,NULL,'Role \'hr_officer\' denied: payroll.deductions.view at /HR_Komagin/modules/payroll/deductions.php','::1',NULL,'2026-06-25 05:15:59'),(193,4,'hrofficer','auth','logout',4,NULL,NULL,'User logged out','::1','Mozilla/5.0 (Windows NT 10.0; Win64; x64) AppleWebKit/537.36 (KHTML, like Gecko) Chrome/149.0.0.0 Safari/537.36','2026-06-25 05:29:49'),(194,1,'superadmin','auth','login',1,NULL,NULL,'User logged in','::1','Mozilla/5.0 (Windows NT 10.0; Win64; x64) AppleWebKit/537.36 (KHTML, like Gecko) Chrome/149.0.0.0 Safari/537.36','2026-06-25 05:31:35'),(195,1,'superadmin','users','toggle_user',5,NULL,NULL,NULL,'::1','Mozilla/5.0 (Windows NT 10.0; Win64; x64) AppleWebKit/537.36 (KHTML, like Gecko) Chrome/149.0.0.0 Safari/537.36','2026-06-25 05:33:12'),(196,1,'superadmin','users','reset_password',5,NULL,NULL,'Admin reset password','::1','Mozilla/5.0 (Windows NT 10.0; Win64; x64) AppleWebKit/537.36 (KHTML, like Gecko) Chrome/149.0.0.0 Safari/537.36','2026-06-25 05:33:48'),(197,1,'superadmin','users','toggle_user',5,NULL,NULL,NULL,'::1','Mozilla/5.0 (Windows NT 10.0; Win64; x64) AppleWebKit/537.36 (KHTML, like Gecko) Chrome/149.0.0.0 Safari/537.36','2026-06-25 05:34:17'),(198,1,'superadmin','roles','toggle_permission',65,NULL,'{\"role\":\"hr_manager\",\"perm\":\"archive.generate\",\"action\":\"view\",\"granted\":false}',NULL,'::1','Mozilla/5.0 (Windows NT 10.0; Win64; x64) AppleWebKit/537.36 (KHTML, like Gecko) Chrome/149.0.0.0 Safari/537.36','2026-06-25 05:35:02'),(199,1,'superadmin','roles','toggle_permission',65,NULL,'{\"role\":\"hr_manager\",\"perm\":\"archive.generate\",\"action\":\"view\",\"granted\":true}',NULL,'::1','Mozilla/5.0 (Windows NT 10.0; Win64; x64) AppleWebKit/537.36 (KHTML, like Gecko) Chrome/149.0.0.0 Safari/537.36','2026-06-25 05:35:08'),(201,1,'superadmin','auth','login',1,NULL,NULL,'User logged in','::1','Mozilla/5.0 (Windows NT 10.0; Win64; x64) AppleWebKit/537.36 (KHTML, like Gecko) HeadlessChrome/148.0.7778.96 Safari/537.36','2026-06-25 06:10:21'),(202,1,'superadmin','auth','login',1,NULL,NULL,'User logged in','::1','Mozilla/5.0 (Windows NT 10.0; Win64; x64) AppleWebKit/537.36 (KHTML, like Gecko) HeadlessChrome/148.0.7778.96 Safari/537.36','2026-06-25 06:14:57'),(203,1,'superadmin','auth','login',1,NULL,NULL,'User logged in','::1','Mozilla/5.0 (Windows NT 10.0; Win64; x64) AppleWebKit/537.36 (KHTML, like Gecko) HeadlessChrome/148.0.7778.96 Safari/537.36','2026-06-25 06:40:50'),(204,1,'superadmin','auth','login',1,NULL,NULL,'User logged in','::1','Mozilla/5.0 (Windows NT 10.0; Win64; x64) AppleWebKit/537.36 (KHTML, like Gecko) HeadlessChrome/148.0.7778.96 Safari/537.36','2026-06-25 06:42:03'),(205,1,'superadmin','auth','login',1,NULL,NULL,'User logged in','::1','Mozilla/5.0 (Windows NT 10.0; Win64; x64) AppleWebKit/537.36 (KHTML, like Gecko) HeadlessChrome/148.0.7778.96 Safari/537.36','2026-06-25 06:45:25'),(206,1,'superadmin','auth','login',1,NULL,NULL,'User logged in','::1','Mozilla/5.0 (Windows NT 10.0; Win64; x64) AppleWebKit/537.36 (KHTML, like Gecko) Chrome/149.0.0.0 Safari/537.36 Edg/149.0.0.0','2026-06-25 06:53:32'),(207,1,'superadmin','auth','login',1,NULL,NULL,'User logged in','::1','Mozilla/5.0 (Windows NT 10.0; Win64; x64) AppleWebKit/537.36 (KHTML, like Gecko) HeadlessChrome/148.0.7778.96 Safari/537.36','2026-06-25 07:03:31'),(208,1,'superadmin','auth','login',1,NULL,NULL,'User logged in','::1','Mozilla/5.0 (Windows NT 10.0; Win64; x64) AppleWebKit/537.36 (KHTML, like Gecko) HeadlessChrome/148.0.7778.96 Safari/537.36','2026-06-25 07:15:30'),(209,1,'superadmin','auth','login',1,NULL,NULL,'User logged in','::1','Mozilla/5.0 (Windows NT 10.0; Win64; x64) AppleWebKit/537.36 (KHTML, like Gecko) HeadlessChrome/148.0.7778.96 Safari/537.36','2026-06-25 07:36:28'),(210,3,'hrmanager','auth','login',3,NULL,NULL,'User logged in','::1','Mozilla/5.0 (Windows NT 10.0; Win64; x64) AppleWebKit/537.36 (KHTML, like Gecko) HeadlessChrome/148.0.7778.96 Safari/537.36','2026-06-25 07:36:41'),(211,4,'hrofficer','auth','login',4,NULL,NULL,'User logged in','::1','Mozilla/5.0 (Windows NT 10.0; Win64; x64) AppleWebKit/537.36 (KHTML, like Gecko) HeadlessChrome/148.0.7778.96 Safari/537.36','2026-06-25 07:36:52'),(212,2,'payroll','auth','login',2,NULL,NULL,'User logged in','::1','Mozilla/5.0 (Windows NT 10.0; Win64; x64) AppleWebKit/537.36 (KHTML, like Gecko) HeadlessChrome/148.0.7778.96 Safari/537.36','2026-06-25 07:37:03'),(213,1,'superadmin','auth','logout',1,NULL,NULL,'User logged out','::1','Mozilla/5.0 (Windows NT 10.0; Win64; x64) AppleWebKit/537.36 (KHTML, like Gecko) Chrome/149.0.0.0 Safari/537.36 Edg/149.0.0.0','2026-06-25 07:40:17'),(214,3,'hrmanager','auth','login',3,NULL,NULL,'User logged in','::1','Mozilla/5.0 (Windows NT 10.0; Win64; x64) AppleWebKit/537.36 (KHTML, like Gecko) Chrome/149.0.0.0 Safari/537.36','2026-06-25 08:11:38'),(215,3,'hrmanager','auth','login',3,NULL,NULL,'User logged in','::1','Mozilla/5.0 (Windows NT 10.0; Win64; x64) AppleWebKit/537.36 (KHTML, like Gecko) Chrome/149.0.0.0 Safari/537.36','2026-06-25 08:11:40'),(216,3,'hrmanager','auth','logout',3,NULL,NULL,'User logged out','::1','Mozilla/5.0 (Windows NT 10.0; Win64; x64) AppleWebKit/537.36 (KHTML, like Gecko) Chrome/149.0.0.0 Safari/537.36','2026-06-25 08:13:32'),(217,3,'hrmanager','auth','login',3,NULL,NULL,'User logged in','::1','Mozilla/5.0 (Windows NT 10.0; Win64; x64) AppleWebKit/537.36 (KHTML, like Gecko) Chrome/149.0.0.0 Safari/537.36 Edg/149.0.0.0','2026-06-25 08:14:17'),(218,3,'hrmanager','kiosk','open',1,NULL,NULL,'Kiosk opened by hrmanager','::1','Mozilla/5.0 (Windows NT 10.0; Win64; x64) AppleWebKit/537.36 (KHTML, like Gecko) Chrome/149.0.0.0 Safari/537.36 Edg/149.0.0.0','2026-06-25 08:15:09'),(219,1,'superadmin','auth','login',1,NULL,NULL,'User logged in','::1','Mozilla/5.0 (Windows NT 10.0; Win64; x64) AppleWebKit/537.36 (KHTML, like Gecko) HeadlessChrome/148.0.7778.96 Safari/537.36','2026-06-25 08:50:37'),(220,1,'superadmin','auth','login',1,NULL,NULL,'User logged in','::1','Mozilla/5.0 (Windows NT 10.0; Win64; x64) AppleWebKit/537.36 (KHTML, like Gecko) HeadlessChrome/148.0.7778.96 Safari/537.36','2026-06-25 08:56:13'),(221,1,'superadmin','auth','login',1,NULL,NULL,'User logged in','::1','Mozilla/5.0 (Windows NT 10.0; Win64; x64) AppleWebKit/537.36 (KHTML, like Gecko) HeadlessChrome/148.0.7778.96 Safari/537.36','2026-06-25 09:00:02'),(222,3,'hrmanager','kiosk','close',1,NULL,NULL,'Kiosk closed by hrmanager','::1','Mozilla/5.0 (Windows NT 10.0; Win64; x64) AppleWebKit/537.36 (KHTML, like Gecko) Chrome/149.0.0.0 Safari/537.36 Edg/149.0.0.0','2026-06-25 09:05:19'),(223,3,'hrmanager','kiosk','open',1,NULL,NULL,'Kiosk opened by hrmanager','::1','Mozilla/5.0 (Windows NT 10.0; Win64; x64) AppleWebKit/537.36 (KHTML, like Gecko) Chrome/149.0.0.0 Safari/537.36 Edg/149.0.0.0','2026-06-25 09:05:57'),(224,1,'superadmin','auth','login',1,NULL,NULL,'User logged in','::1','Mozilla/5.0 (Windows NT 10.0; Win64; x64) AppleWebKit/537.36 (KHTML, like Gecko) HeadlessChrome/148.0.7778.96 Safari/537.36','2026-06-25 09:13:45'),(225,3,'hrmanager','auth','login',3,NULL,NULL,'User logged in','::1','Mozilla/5.0 (Windows NT 10.0; Win64; x64) AppleWebKit/537.36 (KHTML, like Gecko) HeadlessChrome/148.0.7778.96 Safari/537.36','2026-06-25 09:31:51'),(226,3,'hrmanager','auth','login',3,NULL,NULL,'User logged in','::1','Mozilla/5.0 (Windows NT 10.0; Win64; x64) AppleWebKit/537.36 (KHTML, like Gecko) HeadlessChrome/148.0.7778.96 Safari/537.36','2026-06-25 09:33:49'),(227,3,'hrmanager','employees','create',1,NULL,'{\"name\":\"Taliban David\",\"number\":\"KOM-EMP-2026-0001\"}','New employee registration','::1','Mozilla/5.0 (Windows NT 10.0; Win64; x64) AppleWebKit/537.36 (KHTML, like Gecko) HeadlessChrome/148.0.7778.96 Safari/537.36','2026-06-25 09:35:05'),(228,3,'hrmanager','employees','create',2,NULL,'{\"name\":\"Charles Richard\",\"number\":\"KOM-EMP-2026-0002\"}','New employee registration','::1','Mozilla/5.0 (Windows NT 10.0; Win64; x64) AppleWebKit/537.36 (KHTML, like Gecko) HeadlessChrome/148.0.7778.96 Safari/537.36','2026-06-25 09:36:15'),(229,3,'hrmanager','employees','create',3,NULL,'{\"name\":\"Benson Barua\",\"number\":\"KOM-EMP-2026-0003\"}','New employee registration','::1','Mozilla/5.0 (Windows NT 10.0; Win64; x64) AppleWebKit/537.36 (KHTML, like Gecko) HeadlessChrome/148.0.7778.96 Safari/537.36','2026-06-25 09:37:25'),(230,3,'hrmanager','employees','create',4,NULL,'{\"name\":\"David Max\",\"number\":\"KOM-EMP-2026-0004\"}','New employee registration','::1','Mozilla/5.0 (Windows NT 10.0; Win64; x64) AppleWebKit/537.36 (KHTML, like Gecko) HeadlessChrome/148.0.7778.96 Safari/537.36','2026-06-25 09:38:35'),(231,3,'hrmanager','employees','create',5,NULL,'{\"name\":\"Issac Jim\",\"number\":\"KOM-EMP-2026-0005\"}','New employee registration','::1','Mozilla/5.0 (Windows NT 10.0; Win64; x64) AppleWebKit/537.36 (KHTML, like Gecko) HeadlessChrome/148.0.7778.96 Safari/537.36','2026-06-25 09:39:45'),(232,3,'hrmanager','employees','create',6,NULL,'{\"name\":\"Joe Tengdui\",\"number\":\"KOM-EMP-2026-0006\"}','New employee registration','::1','Mozilla/5.0 (Windows NT 10.0; Win64; x64) AppleWebKit/537.36 (KHTML, like Gecko) HeadlessChrome/148.0.7778.96 Safari/537.36','2026-06-25 09:40:59'),(233,3,'hrmanager','employees','create',7,NULL,'{\"name\":\"Joshua Paul\",\"number\":\"KOM-EMP-2026-0007\"}','New employee registration','::1','Mozilla/5.0 (Windows NT 10.0; Win64; x64) AppleWebKit/537.36 (KHTML, like Gecko) HeadlessChrome/148.0.7778.96 Safari/537.36','2026-06-25 09:42:11'),(234,3,'hrmanager','employees','create',8,NULL,'{\"name\":\"Frank David\",\"number\":\"KOM-EMP-2026-0008\"}','New employee registration','::1','Mozilla/5.0 (Windows NT 10.0; Win64; x64) AppleWebKit/537.36 (KHTML, like Gecko) HeadlessChrome/148.0.7778.96 Safari/537.36','2026-06-25 09:43:22'),(235,3,'hrmanager','employees','create',9,NULL,'{\"name\":\"Mathew Jonathan\",\"number\":\"KOM-EMP-2026-0009\"}','New employee registration','::1','Mozilla/5.0 (Windows NT 10.0; Win64; x64) AppleWebKit/537.36 (KHTML, like Gecko) HeadlessChrome/148.0.7778.96 Safari/537.36','2026-06-25 09:44:32'),(236,3,'hrmanager','employees','create',10,NULL,'{\"name\":\"Kohn Digan\",\"number\":\"KOM-EMP-2026-0010\"}','New employee registration','::1','Mozilla/5.0 (Windows NT 10.0; Win64; x64) AppleWebKit/537.36 (KHTML, like Gecko) HeadlessChrome/148.0.7778.96 Safari/537.36','2026-06-25 09:45:42'),(237,3,'hrmanager','employees','create',11,NULL,'{\"name\":\"Norman Simon\",\"number\":\"KOM-EMP-2026-0011\"}','New employee registration','::1','Mozilla/5.0 (Windows NT 10.0; Win64; x64) AppleWebKit/537.36 (KHTML, like Gecko) HeadlessChrome/148.0.7778.96 Safari/537.36','2026-06-25 09:46:52'),(238,3,'hrmanager','employees','create',12,NULL,'{\"name\":\"David Komane\",\"number\":\"KOM-EMP-2026-0012\"}','New employee registration','::1','Mozilla/5.0 (Windows NT 10.0; Win64; x64) AppleWebKit/537.36 (KHTML, like Gecko) HeadlessChrome/148.0.7778.96 Safari/537.36','2026-06-25 09:48:02'),(239,3,'hrmanager','employees','create',13,NULL,'{\"name\":\"Zianna Koma\",\"number\":\"KOM-EMP-2026-0013\"}','New employee registration','::1','Mozilla/5.0 (Windows NT 10.0; Win64; x64) AppleWebKit/537.36 (KHTML, like Gecko) HeadlessChrome/148.0.7778.96 Safari/537.36','2026-06-25 09:49:12'),(240,1,'superadmin','auth','login',1,NULL,NULL,'User logged in','::1','Mozilla/5.0 (Windows NT 10.0; Win64; x64) AppleWebKit/537.36 (KHTML, like Gecko) HeadlessChrome/148.0.7778.96 Safari/537.36','2026-06-25 09:51:19'),(241,3,'hrmanager','auth','logout',3,NULL,NULL,'User logged out','::1','Mozilla/5.0 (Windows NT 10.0; Win64; x64) AppleWebKit/537.36 (KHTML, like Gecko) Chrome/149.0.0.0 Safari/537.36 Edg/149.0.0.0','2026-06-25 09:55:28'),(242,1,'superadmin','auth','login',1,NULL,NULL,'User logged in','::1','Mozilla/5.0 (Windows NT 10.0; Win64; x64) AppleWebKit/537.36 (KHTML, like Gecko) Chrome/149.0.0.0 Safari/537.36 Edg/149.0.0.0','2026-06-25 09:55:56'),(243,1,'superadmin','auth','logout',1,NULL,NULL,'User logged out','::1','Mozilla/5.0 (Windows NT 10.0; Win64; x64) AppleWebKit/537.36 (KHTML, like Gecko) Chrome/149.0.0.0 Safari/537.36 Edg/149.0.0.0','2026-06-25 10:00:36'),(244,1,'superadmin','auth','logout',1,NULL,NULL,'User logged out','::1','Mozilla/5.0 (Windows NT 10.0; Win64; x64) AppleWebKit/537.36 (KHTML, like Gecko) Chrome/149.0.0.0 Safari/537.36','2026-06-25 10:00:51'),(245,3,'hrmanager','auth','login',3,NULL,NULL,'User logged in','::1','Mozilla/5.0 (Windows NT 10.0; Win64; x64) AppleWebKit/537.36 (KHTML, like Gecko) Chrome/149.0.0.0 Safari/537.36','2026-06-25 10:02:56'),(246,3,'hrmanager','kiosk','close',1,NULL,NULL,'Kiosk closed by hrmanager','::1','Mozilla/5.0 (Windows NT 10.0; Win64; x64) AppleWebKit/537.36 (KHTML, like Gecko) Chrome/149.0.0.0 Safari/537.36','2026-06-25 10:08:44'),(247,3,'hrmanager','kiosk','open',1,NULL,NULL,'Kiosk opened by hrmanager','::1','Mozilla/5.0 (Windows NT 10.0; Win64; x64) AppleWebKit/537.36 (KHTML, like Gecko) Chrome/149.0.0.0 Safari/537.36','2026-06-25 10:09:11'),(248,3,'hrmanager','security','access_denied',NULL,NULL,NULL,'Role \'hr_manager\' denied: payroll.run.create at /HR_Komagin/modules/payroll/run_save.php','::1',NULL,'2026-06-25 10:14:44'),(249,3,'hrmanager','auth','logout',3,NULL,NULL,'User logged out','::1','Mozilla/5.0 (Windows NT 10.0; Win64; x64) AppleWebKit/537.36 (KHTML, like Gecko) Chrome/149.0.0.0 Safari/537.36','2026-06-25 10:15:04'),(250,2,'payroll','auth','login',2,NULL,NULL,'User logged in','::1','Mozilla/5.0 (Windows NT 10.0; Win64; x64) AppleWebKit/537.36 (KHTML, like Gecko) Chrome/149.0.0.0 Safari/537.36','2026-06-25 10:15:20'),(251,2,'payroll','auth','login',2,NULL,NULL,'User logged in','::1','Mozilla/5.0 (Windows NT 10.0; Win64; x64) AppleWebKit/537.36 (KHTML, like Gecko) Chrome/149.0.0.0 Safari/537.36','2026-06-25 10:15:23'),(252,2,'payroll','security','access_denied',NULL,NULL,NULL,'Role \'payroll_officer\' denied: payroll.run.create at /HR_Komagin/modules/payroll/run_save.php','::1',NULL,'2026-06-25 10:15:37'),(253,2,'payroll','security','access_denied',NULL,NULL,NULL,'Role \'payroll_officer\' denied: payroll.run.create at /HR_Komagin/modules/payroll/run_save.php','::1',NULL,'2026-06-25 10:15:59'),(254,2,'payroll','security','access_denied',NULL,NULL,NULL,'Role \'payroll_officer\' denied: payroll.run.create at /HR_Komagin/modules/payroll/run_save.php','::1',NULL,'2026-06-25 10:16:27'),(255,2,'payroll','payslips','create',1,NULL,NULL,'Created payslip 6/2026 for emp 13','::1','Mozilla/5.0 (Windows NT 10.0; Win64; x64) AppleWebKit/537.36 (KHTML, like Gecko) Chrome/149.0.0.0 Safari/537.36','2026-06-25 10:20:03'),(256,2,'payroll','security','access_denied',NULL,NULL,NULL,'Role \'payroll_officer\' denied: payroll.finalize.publish at /HR_Komagin/modules/payroll/payslip_finalize.php','::1',NULL,'2026-06-25 10:20:37'),(257,2,'payroll','security','access_denied',NULL,NULL,NULL,'Role \'payroll_officer\' denied: payroll.finalize.publish at /HR_Komagin/modules/payroll/payslip_finalize.php','::1',NULL,'2026-06-25 10:22:36'),(258,1,'superadmin','auth','login',1,NULL,NULL,'User logged in','::1','Mozilla/5.0 (Windows NT 10.0; Win64; x64) AppleWebKit/537.36 (KHTML, like Gecko) Chrome/149.0.0.0 Safari/537.36','2026-06-25 10:25:25'),(259,1,'superadmin','auth','login',1,NULL,NULL,'User logged in','::1','Mozilla/5.0 (Windows NT 10.0; Win64; x64) AppleWebKit/537.36 (KHTML, like Gecko) Chrome/149.0.0.0 Safari/537.36','2026-06-25 10:25:28'),(260,1,'superadmin','auth','login',1,NULL,NULL,'User logged in','::1','Mozilla/5.0 (Windows NT 10.0; Win64; x64) AppleWebKit/537.36 (KHTML, like Gecko) Chrome/149.0.0.0 Safari/537.36','2026-06-25 10:31:26'),(261,1,'superadmin','auth','login',1,NULL,NULL,'User logged in','::1','Mozilla/5.0 (Windows NT 10.0; Win64; x64) AppleWebKit/537.36 (KHTML, like Gecko) HeadlessChrome/148.0.7778.96 Safari/537.36','2026-06-25 12:56:41'),(262,1,'superadmin','documents','generate_document',1,NULL,'{\"template\":\"Confidentiality Agreement\",\"employee\":\"KOM-EMP-2026-0009\"}',NULL,'::1','Mozilla/5.0 (Windows NT 10.0; Win64; x64) AppleWebKit/537.36 (KHTML, like Gecko) Chrome/149.0.0.0 Safari/537.36','2026-06-25 13:11:10'),(263,3,'hrmanager','auth','login',3,NULL,NULL,'User logged in','::1','Mozilla/5.0 (Windows NT 10.0; Win64; x64) AppleWebKit/537.36 (KHTML, like Gecko) HeadlessChrome/148.0.7778.96 Safari/537.36','2026-06-25 13:21:54'),(264,1,'superadmin','auth','login',1,NULL,NULL,'User logged in','::1','Mozilla/5.0 (Windows NT 10.0; Win64; x64) AppleWebKit/537.36 (KHTML, like Gecko) HeadlessChrome/148.0.7778.96 Safari/537.36','2026-06-25 13:23:52'),(265,3,'hrmanager','auth','login',3,NULL,NULL,'User logged in','::1','Mozilla/5.0 (Windows NT 10.0; Win64; x64) AppleWebKit/537.36 (KHTML, like Gecko) HeadlessChrome/148.0.7778.96 Safari/537.36','2026-06-25 13:51:02'),(266,3,'hrmanager','auth','login',3,NULL,NULL,'User logged in','::1','Mozilla/5.0 (Windows NT 10.0; Win64; x64) AppleWebKit/537.36 (KHTML, like Gecko) HeadlessChrome/148.0.7778.96 Safari/537.36','2026-06-25 13:55:30'),(267,3,'hrmanager','auth','login',3,NULL,NULL,'User logged in','::1','Mozilla/5.0 (Windows NT 10.0; Win64; x64) AppleWebKit/537.36 (KHTML, like Gecko) HeadlessChrome/148.0.7778.96 Safari/537.36','2026-06-25 14:00:55'),(268,3,'hrmanager','auth','login',3,NULL,NULL,'User logged in','::1','Mozilla/5.0 (Windows NT 10.0; Win64; x64) AppleWebKit/537.36 (KHTML, like Gecko) HeadlessChrome/148.0.7778.96 Safari/537.36','2026-06-25 14:05:26'),(269,1,'superadmin','auth','login',1,NULL,NULL,'User logged in','::1','Mozilla/5.0 (Windows NT 10.0; Win64; x64) AppleWebKit/537.36 (KHTML, like Gecko) HeadlessChrome/148.0.7778.96 Safari/537.36','2026-06-25 14:14:11'),(270,1,'superadmin','settings','update_company',1,NULL,'{\"name\":\"Komagin Limited\"}',NULL,'::1','Mozilla/5.0 (Windows NT 10.0; Win64; x64) AppleWebKit/537.36 (KHTML, like Gecko) Chrome/149.0.0.0 Safari/537.36','2026-06-25 14:21:18'),(271,1,'superadmin','auth','logout',1,NULL,NULL,'User logged out','::1','Mozilla/5.0 (Windows NT 10.0; Win64; x64) AppleWebKit/537.36 (KHTML, like Gecko) Chrome/149.0.0.0 Safari/537.36','2026-06-25 14:21:52'),(272,3,'hrmanager','auth','login',3,NULL,NULL,'User logged in','::1','Mozilla/5.0 (Windows NT 10.0; Win64; x64) AppleWebKit/537.36 (KHTML, like Gecko) HeadlessChrome/148.0.7778.96 Safari/537.36','2026-06-25 22:13:45'),(273,4,'hrofficer','auth','login',4,NULL,NULL,'User logged in','::1','Mozilla/5.0 (Windows NT 10.0; Win64; x64) AppleWebKit/537.36 (KHTML, like Gecko) Chrome/149.0.0.0 Safari/537.36','2026-06-25 22:24:56'),(274,4,'hrofficer','kiosk','close',1,NULL,NULL,'Kiosk closed by hrofficer','::1','Mozilla/5.0 (Windows NT 10.0; Win64; x64) AppleWebKit/537.36 (KHTML, like Gecko) Chrome/149.0.0.0 Safari/537.36','2026-06-25 22:26:16'),(275,4,'hrofficer','auth','logout',4,NULL,NULL,'User logged out','::1','Mozilla/5.0 (Windows NT 10.0; Win64; x64) AppleWebKit/537.36 (KHTML, like Gecko) Chrome/149.0.0.0 Safari/537.36','2026-06-25 22:53:12'),(276,1,'superadmin','auth','login',1,NULL,NULL,'User logged in','::1','Mozilla/5.0 (Windows NT 10.0; Win64; x64) AppleWebKit/537.36 (KHTML, like Gecko) HeadlessChrome/148.0.7778.96 Safari/537.36','2026-06-26 06:20:34'),(277,1,'superadmin','auth','login',1,NULL,NULL,'User logged in','::1','Mozilla/5.0 (Windows NT 10.0; Win64; x64) AppleWebKit/537.36 (KHTML, like Gecko) Chrome/149.0.0.0 Safari/537.36 Edg/149.0.0.0','2026-06-26 06:24:15'),(278,1,'superadmin','auth','login',1,NULL,NULL,'User logged in','::1','Mozilla/5.0 (Windows NT 10.0; Win64; x64) AppleWebKit/537.36 (KHTML, like Gecko) Chrome/149.0.0.0 Safari/537.36','2026-06-26 06:29:21'),(279,1,'superadmin','settings','update_company',1,NULL,'{\"name\":\"Komagin Limited\"}',NULL,'::1','Mozilla/5.0 (Windows NT 10.0; Win64; x64) AppleWebKit/537.36 (KHTML, like Gecko) Chrome/149.0.0.0 Safari/537.36','2026-06-26 06:30:03'),(280,1,'superadmin','auth','logout',1,NULL,NULL,'User logged out','::1','Mozilla/5.0 (Windows NT 10.0; Win64; x64) AppleWebKit/537.36 (KHTML, like Gecko) Chrome/149.0.0.0 Safari/537.36','2026-06-26 06:30:20'),(281,1,'superadmin','auth','login',1,NULL,NULL,'User logged in','127.0.0.1','Mozilla/5.0 (Windows NT 10.0; Win64; x64) AppleWebKit/537.36 (KHTML, like Gecko) HeadlessChrome/148.0.7778.96 Safari/537.36','2026-06-26 06:36:30'),(282,1,'superadmin','auth','login',1,NULL,NULL,'User logged in','::1','Mozilla/5.0 (Windows NT 10.0; Win64; x64) AppleWebKit/537.36 (KHTML, like Gecko) Chrome/149.0.0.0 Safari/537.36','2026-06-26 06:38:23'),(283,1,'superadmin','auth','login',1,NULL,NULL,'User logged in','::1','Mozilla/5.0 (Windows NT 10.0; Win64; x64) AppleWebKit/537.36 (KHTML, like Gecko) Chrome/149.0.0.0 Safari/537.36','2026-06-26 06:38:25'),(284,1,'superadmin','settings','update_company',1,NULL,'{\"name\":\"Komagin Limited\"}',NULL,'::1','Mozilla/5.0 (Windows NT 10.0; Win64; x64) AppleWebKit/537.36 (KHTML, like Gecko) Chrome/149.0.0.0 Safari/537.36','2026-06-26 06:39:23'),(285,1,'superadmin','auth','logout',1,NULL,NULL,'User logged out','::1','Mozilla/5.0 (Windows NT 10.0; Win64; x64) AppleWebKit/537.36 (KHTML, like Gecko) Chrome/149.0.0.0 Safari/537.36','2026-06-26 06:39:42'),(286,1,'superadmin','auth','login',1,NULL,NULL,'User logged in','::1','Mozilla/5.0 (Windows NT 10.0; Win64; x64) AppleWebKit/537.36 (KHTML, like Gecko) Chrome/149.0.0.0 Safari/537.36','2026-06-26 06:41:40'),(287,1,'superadmin','settings','update_company',1,NULL,'{\"name\":\"Komagin Limited\"}',NULL,'::1','Mozilla/5.0 (Windows NT 10.0; Win64; x64) AppleWebKit/537.36 (KHTML, like Gecko) Chrome/149.0.0.0 Safari/537.36','2026-06-26 06:42:44'),(288,1,'superadmin','auth','logout',1,NULL,NULL,'User logged out','::1','Mozilla/5.0 (Windows NT 10.0; Win64; x64) AppleWebKit/537.36 (KHTML, like Gecko) Chrome/149.0.0.0 Safari/537.36','2026-06-26 06:42:59'),(289,1,'superadmin','auth','login',1,NULL,NULL,'User logged in','::1','Mozilla/5.0 (Windows NT 10.0; Win64; x64) AppleWebKit/537.36 (KHTML, like Gecko) Chrome/149.0.0.0 Safari/537.36','2026-06-26 07:04:33'),(290,1,'superadmin','auth','logout',1,NULL,NULL,'User logged out','::1','Mozilla/5.0 (Windows NT 10.0; Win64; x64) AppleWebKit/537.36 (KHTML, like Gecko) Chrome/149.0.0.0 Safari/537.36','2026-06-26 07:10:02'),(291,1,'superadmin','auth','login',1,NULL,NULL,'User logged in','::1','Mozilla/5.0 (Windows NT 10.0; Win64; x64) AppleWebKit/537.36 (KHTML, like Gecko) Chrome/149.0.0.0 Safari/537.36 Edg/149.0.0.0','2026-06-26 07:25:16'),(292,1,'superadmin','auth','login',1,NULL,NULL,'User logged in','::1','Mozilla/5.0 (Windows NT 10.0; Win64; x64) AppleWebKit/537.36 (KHTML, like Gecko) Chrome/149.0.0.0 Safari/537.36','2026-06-26 08:03:20'),(293,1,'superadmin','auth','logout',1,NULL,NULL,'User logged out','::1','Mozilla/5.0 (Windows NT 10.0; Win64; x64) AppleWebKit/537.36 (KHTML, like Gecko) Chrome/149.0.0.0 Safari/537.36 Edg/149.0.0.0','2026-06-26 08:12:53'),(294,1,'superadmin','auth','login',1,NULL,NULL,'User logged in','::1','Mozilla/5.0 (Windows NT 10.0; Win64; x64) AppleWebKit/537.36 (KHTML, like Gecko) Chrome/149.0.0.0 Safari/537.36','2026-06-26 08:16:22'),(295,1,'superadmin','auth','login',1,NULL,NULL,'User logged in','::1','Mozilla/5.0 (Windows NT 10.0; Win64; x64) AppleWebKit/537.36 (KHTML, like Gecko) HeadlessChrome/148.0.7778.96 Safari/537.36','2026-06-27 08:55:41'),(296,1,'superadmin','auth','login',1,NULL,NULL,'User logged in','::1','Mozilla/5.0 (Windows NT 10.0; Win64; x64) AppleWebKit/537.36 (KHTML, like Gecko) Chrome/149.0.0.0 Safari/537.36','2026-06-27 09:04:40'),(297,1,'superadmin','auth','login',1,NULL,NULL,'User logged in','::1','Mozilla/5.0 (Windows NT 10.0; Win64; x64) AppleWebKit/537.36 (KHTML, like Gecko) Chrome/149.0.0.0 Safari/537.36','2026-06-27 10:47:57'),(298,1,'superadmin','auth','login',1,NULL,NULL,'User logged in','::1','Mozilla/5.0 (Windows NT 10.0; Win64; x64) AppleWebKit/537.36 (KHTML, like Gecko) Chrome/149.0.0.0 Safari/537.36 Edg/149.0.0.0','2026-06-27 10:50:39'),(299,1,'superadmin','auth','login',1,NULL,NULL,'User logged in','::1','Mozilla/5.0 (Windows NT 10.0; Win64; x64) AppleWebKit/537.36 (KHTML, like Gecko) Chrome/149.0.0.0 Safari/537.36','2026-06-27 10:53:26'),(300,1,'superadmin','auth','login',1,NULL,NULL,'User logged in','::1','Mozilla/5.0 (Windows NT 10.0; Win64; x64) AppleWebKit/537.36 (KHTML, like Gecko) Chrome/149.0.0.0 Safari/537.36','2026-06-27 10:58:26'),(301,1,'superadmin','auth','login',1,NULL,NULL,'User logged in','::1','Mozilla/5.0 (Windows NT 10.0; Win64; x64) AppleWebKit/537.36 (KHTML, like Gecko) HeadlessChrome/148.0.7778.96 Safari/537.36','2026-06-27 11:20:41'),(302,1,'superadmin','auth','login',1,NULL,NULL,'User logged in','::1','Mozilla/5.0 (Windows NT; Windows NT 10.0; en-US) WindowsPowerShell/5.1.26100.8737','2026-06-27 11:31:52'),(303,2,'payroll','auth','login',2,NULL,NULL,'User logged in','::1','Mozilla/5.0 (Windows NT; Windows NT 10.0; en-US) WindowsPowerShell/5.1.26100.8737','2026-06-27 11:31:59'),(304,4,'hrofficer','auth','login',4,NULL,NULL,'User logged in','::1','Mozilla/5.0 (Windows NT; Windows NT 10.0; en-US) WindowsPowerShell/5.1.26100.8737','2026-06-27 11:32:05'),(305,2,'payroll','security','access_denied',NULL,NULL,NULL,'Role \'payroll_officer\' denied: performance.view.view at /HR_Komagin/modules/performance/index.php','::1',NULL,'2026-06-27 11:32:29'),(306,2,'payroll','security','access_denied',NULL,NULL,NULL,'Role \'payroll_officer\' denied: recruitment.view.view at /HR_Komagin/modules/recruitment/index.php','::1',NULL,'2026-06-27 11:32:33'),(307,2,'payroll','security','access_denied',NULL,NULL,NULL,'Role \'payroll_officer\' denied: documents.view.view at /HR_Komagin/modules/documents/index.php','::1',NULL,'2026-06-27 11:32:37'),(308,4,'hrofficer','security','access_denied',NULL,NULL,NULL,'Role \'hr_officer\' denied: roles.manage.view at /HR_Komagin/modules/roles/index.php','::1',NULL,'2026-06-27 11:32:45'),(309,1,'superadmin','auth','login',1,NULL,NULL,'User logged in','::1','Mozilla/5.0 (Windows NT 10.0; Win64; x64) AppleWebKit/537.36 (KHTML, like Gecko) HeadlessChrome/148.0.7778.96 Safari/537.36','2026-06-27 11:46:38'),(310,1,'superadmin','auth','login',1,NULL,NULL,'User logged in','::1','Mozilla/5.0 (Windows NT 10.0; Win64; x64) AppleWebKit/537.36 (KHTML, like Gecko) HeadlessChrome/148.0.7778.96 Safari/537.36','2026-06-27 11:48:50'),(311,1,'superadmin','auth','logout',1,NULL,NULL,'User logged out','::1','Mozilla/5.0 (Windows NT 10.0; Win64; x64) AppleWebKit/537.36 (KHTML, like Gecko) HeadlessChrome/148.0.7778.96 Safari/537.36','2026-06-27 11:49:04'),(312,3,'hrmanager','auth','login',3,NULL,NULL,'User logged in','::1','Mozilla/5.0 (Windows NT 10.0; Win64; x64) AppleWebKit/537.36 (KHTML, like Gecko) HeadlessChrome/148.0.7778.96 Safari/537.36','2026-06-27 11:49:11'),(313,3,'hrmanager','auth','logout',3,NULL,NULL,'User logged out','::1','Mozilla/5.0 (Windows NT 10.0; Win64; x64) AppleWebKit/537.36 (KHTML, like Gecko) HeadlessChrome/148.0.7778.96 Safari/537.36','2026-06-27 11:49:28'),(314,4,'hrofficer','auth','login',4,NULL,NULL,'User logged in','::1','Mozilla/5.0 (Windows NT 10.0; Win64; x64) AppleWebKit/537.36 (KHTML, like Gecko) HeadlessChrome/148.0.7778.96 Safari/537.36','2026-06-27 11:49:34'),(315,4,'hrofficer','security','access_denied',NULL,NULL,NULL,'Role \'hr_officer\' denied: roles.manage.view at /HR_Komagin/modules/roles/index.php','::1',NULL,'2026-06-27 11:49:49'),(316,4,'hrofficer','security','access_denied',NULL,NULL,NULL,'Role \'hr_officer\' denied: settings.manage.view at /HR_Komagin/modules/settings/index.php','::1',NULL,'2026-06-27 11:49:53'),(317,4,'hrofficer','security','access_denied',NULL,NULL,NULL,'Role \'hr_officer\' denied: users.manage.view at /HR_Komagin/modules/users/index.php','::1',NULL,'2026-06-27 11:49:58'),(318,4,'hrofficer','auth','logout',4,NULL,NULL,'User logged out','::1','Mozilla/5.0 (Windows NT 10.0; Win64; x64) AppleWebKit/537.36 (KHTML, like Gecko) HeadlessChrome/148.0.7778.96 Safari/537.36','2026-06-27 11:50:03'),(319,2,'payroll','auth','login',2,NULL,NULL,'User logged in','::1','Mozilla/5.0 (Windows NT 10.0; Win64; x64) AppleWebKit/537.36 (KHTML, like Gecko) HeadlessChrome/148.0.7778.96 Safari/537.36','2026-06-27 11:50:09'),(320,2,'payroll','security','access_denied',NULL,NULL,NULL,'Role \'payroll_officer\' denied: performance.view.view at /HR_Komagin/modules/performance/index.php','::1',NULL,'2026-06-27 11:50:23'),(321,2,'payroll','security','access_denied',NULL,NULL,NULL,'Role \'payroll_officer\' denied: recruitment.view.view at /HR_Komagin/modules/recruitment/index.php','::1',NULL,'2026-06-27 11:50:28'),(322,2,'payroll','security','access_denied',NULL,NULL,NULL,'Role \'payroll_officer\' denied: documents.view.view at /HR_Komagin/modules/documents/index.php','::1',NULL,'2026-06-27 11:50:33'),(323,2,'payroll','security','access_denied',NULL,NULL,NULL,'Role \'payroll_officer\' denied: roles.manage.view at /HR_Komagin/modules/roles/index.php','::1',NULL,'2026-06-27 11:50:37'),(324,2,'payroll','security','access_denied',NULL,NULL,NULL,'Role \'payroll_officer\' denied: archive.view.view at /HR_Komagin/modules/archive/monthly.php','::1',NULL,'2026-06-27 11:50:42'),(325,2,'payroll','auth','logout',2,NULL,NULL,'User logged out','::1','Mozilla/5.0 (Windows NT 10.0; Win64; x64) AppleWebKit/537.36 (KHTML, like Gecko) HeadlessChrome/148.0.7778.96 Safari/537.36','2026-06-27 11:50:46'),(326,1,'superadmin','auth','login',1,NULL,NULL,'User logged in','::1','Mozilla/5.0 (Windows NT 10.0; Win64; x64) AppleWebKit/537.36 (KHTML, like Gecko) HeadlessChrome/148.0.7778.96 Safari/537.36','2026-06-27 11:56:50'),(327,1,'superadmin','auth','login',1,NULL,NULL,'User logged in','::1','Mozilla/5.0 (Windows NT 10.0; Win64; x64) AppleWebKit/537.36 (KHTML, like Gecko) HeadlessChrome/148.0.7778.96 Safari/537.36','2026-06-27 11:58:57'),(328,1,'superadmin','auth','logout',1,NULL,NULL,'User logged out','::1','Mozilla/5.0 (Windows NT 10.0; Win64; x64) AppleWebKit/537.36 (KHTML, like Gecko) HeadlessChrome/148.0.7778.96 Safari/537.36','2026-06-27 11:59:11'),(329,3,'hrmanager','auth','login',3,NULL,NULL,'User logged in','::1','Mozilla/5.0 (Windows NT 10.0; Win64; x64) AppleWebKit/537.36 (KHTML, like Gecko) HeadlessChrome/148.0.7778.96 Safari/537.36','2026-06-27 11:59:18'),(330,3,'hrmanager','auth','logout',3,NULL,NULL,'User logged out','::1','Mozilla/5.0 (Windows NT 10.0; Win64; x64) AppleWebKit/537.36 (KHTML, like Gecko) HeadlessChrome/148.0.7778.96 Safari/537.36','2026-06-27 11:59:34'),(331,4,'hrofficer','auth','login',4,NULL,NULL,'User logged in','::1','Mozilla/5.0 (Windows NT 10.0; Win64; x64) AppleWebKit/537.36 (KHTML, like Gecko) HeadlessChrome/148.0.7778.96 Safari/537.36','2026-06-27 11:59:41'),(332,4,'hrofficer','security','access_denied',NULL,NULL,NULL,'Role \'hr_officer\' denied: roles.manage.view at /HR_Komagin/modules/roles/index.php','::1',NULL,'2026-06-27 11:59:55'),(333,4,'hrofficer','security','access_denied',NULL,NULL,NULL,'Role \'hr_officer\' denied: settings.manage.view at /HR_Komagin/modules/settings/index.php','::1',NULL,'2026-06-27 11:59:59'),(334,4,'hrofficer','security','access_denied',NULL,NULL,NULL,'Role \'hr_officer\' denied: users.manage.view at /HR_Komagin/modules/users/index.php','::1',NULL,'2026-06-27 12:00:04'),(335,4,'hrofficer','auth','logout',4,NULL,NULL,'User logged out','::1','Mozilla/5.0 (Windows NT 10.0; Win64; x64) AppleWebKit/537.36 (KHTML, like Gecko) HeadlessChrome/148.0.7778.96 Safari/537.36','2026-06-27 12:00:09'),(336,2,'payroll','auth','login',2,NULL,NULL,'User logged in','::1','Mozilla/5.0 (Windows NT 10.0; Win64; x64) AppleWebKit/537.36 (KHTML, like Gecko) HeadlessChrome/148.0.7778.96 Safari/537.36','2026-06-27 12:00:16'),(337,2,'payroll','security','access_denied',NULL,NULL,NULL,'Role \'payroll_officer\' denied: performance.view.view at /HR_Komagin/modules/performance/index.php','::1',NULL,'2026-06-27 12:00:30'),(338,2,'payroll','security','access_denied',NULL,NULL,NULL,'Role \'payroll_officer\' denied: recruitment.view.view at /HR_Komagin/modules/recruitment/index.php','::1',NULL,'2026-06-27 12:00:34'),(339,2,'payroll','security','access_denied',NULL,NULL,NULL,'Role \'payroll_officer\' denied: documents.view.view at /HR_Komagin/modules/documents/index.php','::1',NULL,'2026-06-27 12:00:39'),(340,2,'payroll','security','access_denied',NULL,NULL,NULL,'Role \'payroll_officer\' denied: roles.manage.view at /HR_Komagin/modules/roles/index.php','::1',NULL,'2026-06-27 12:00:43'),(341,2,'payroll','security','access_denied',NULL,NULL,NULL,'Role \'payroll_officer\' denied: archive.view.view at /HR_Komagin/modules/archive/monthly.php','::1',NULL,'2026-06-27 12:00:48'),(342,2,'payroll','auth','logout',2,NULL,NULL,'User logged out','::1','Mozilla/5.0 (Windows NT 10.0; Win64; x64) AppleWebKit/537.36 (KHTML, like Gecko) HeadlessChrome/148.0.7778.96 Safari/537.36','2026-06-27 12:00:52'),(343,1,'superadmin','auth','logout',1,NULL,NULL,'User logged out','::1','Mozilla/5.0 (Windows NT 10.0; Win64; x64) AppleWebKit/537.36 (KHTML, like Gecko) HeadlessChrome/148.0.7778.96 Safari/537.36','2026-06-27 12:00:57'),(344,1,'superadmin','auth','login',1,NULL,NULL,'User logged in','::1','Mozilla/5.0 (Windows NT 10.0; Win64; x64) AppleWebKit/537.36 (KHTML, like Gecko) HeadlessChrome/148.0.7778.96 Safari/537.36','2026-06-27 12:01:05'),(345,1,'superadmin','payroll','publish_run',1,NULL,NULL,'May 2026 payroll published ??? all 13 payslips sent','127.0.0.1',NULL,'2026-05-30 12:10:44'),(346,1,'superadmin','employees','create',1,NULL,NULL,'New employee onboarded ??? Taliban David','127.0.0.1',NULL,'2026-01-13 12:10:44'),(347,1,'superadmin','employees','create',2,NULL,NULL,'New employee onboarded ??? Charles Richard','127.0.0.1',NULL,'2026-03-04 12:10:44'),(348,1,'superadmin','leave','approve',1,NULL,NULL,'Leave approved ??? Taliban David ??? 3 days annual','127.0.0.1',NULL,'2026-05-10 12:10:44'),(349,1,'superadmin','disciplinary','create',1,NULL,NULL,'Verbal warning issued ??? Benson Barua ??? late arrivals','127.0.0.1',NULL,'2026-04-15 12:10:44'),(350,1,'superadmin','documents','generate_document',1,NULL,NULL,'Employment cert generated for Frank David','127.0.0.1',NULL,'2026-06-15 12:10:44'),(351,1,'superadmin','recruitment','manage_recruitment',1,NULL,NULL,'New vacancy posted ??? Quantity Surveyor','127.0.0.1',NULL,'2026-05-28 12:10:44'),(352,1,'superadmin','settings','update_theme',1,NULL,NULL,'System theme updated ??? sidebar colour adjusted','127.0.0.1',NULL,'2026-06-25 12:10:44'),(353,1,'superadmin','auth','login',1,NULL,NULL,'User logged in','::1','Mozilla/5.0 (Windows NT 10.0; Win64; x64) AppleWebKit/537.36 (KHTML, like Gecko) HeadlessChrome/148.0.7778.96 Safari/537.36','2026-06-27 12:11:38'),(354,1,'superadmin','auth','login',1,NULL,NULL,'User logged in','::1','Mozilla/5.0 (Windows NT 10.0; Win64; x64) AppleWebKit/537.36 (KHTML, like Gecko) HeadlessChrome/148.0.7778.96 Safari/537.36','2026-06-27 12:14:56'),(355,1,'superadmin','auth','login',1,NULL,NULL,'User logged in','::1','Mozilla/5.0 (Windows NT 10.0; Win64; x64) AppleWebKit/537.36 (KHTML, like Gecko) Chrome/149.0.0.0 Safari/537.36','2026-06-28 10:46:36'),(356,1,'superadmin','kiosk','open',1,NULL,NULL,'Kiosk opened by superadmin','::1','Mozilla/5.0 (Windows NT 10.0; Win64; x64) AppleWebKit/537.36 (KHTML, like Gecko) Chrome/149.0.0.0 Safari/537.36','2026-06-28 10:48:14'),(357,1,'superadmin','kiosk','close',1,NULL,NULL,'Kiosk closed by superadmin','::1','Mozilla/5.0 (Windows NT 10.0; Win64; x64) AppleWebKit/537.36 (KHTML, like Gecko) Chrome/149.0.0.0 Safari/537.36','2026-06-28 10:50:17'),(358,1,'superadmin','auth','login',1,NULL,NULL,'User logged in','::1','Mozilla/5.0 (Windows NT 10.0; Win64; x64) AppleWebKit/537.36 (KHTML, like Gecko) Chrome/149.0.0.0 Safari/537.36','2026-06-28 11:10:10'),(359,1,'superadmin','auth','login',1,NULL,NULL,'User logged in','::1','Mozilla/5.0 (Windows NT 10.0; Win64; x64) AppleWebKit/537.36 (KHTML, like Gecko) Chrome/149.0.0.0 Safari/537.36','2026-06-28 21:15:01'),(360,1,'superadmin','auth','login',1,NULL,NULL,'User logged in','::1','curl/8.20.0','2026-07-02 09:52:17'),(361,1,'superadmin','auth','login',1,NULL,NULL,'User logged in','::1','Mozilla/5.0 (Windows NT 10.0; Win64; x64) AppleWebKit/537.36 (KHTML, like Gecko) Chrome/150.0.0.0 Safari/537.36','2026-07-09 21:41:27'),(362,1,'superadmin','auth','login',1,NULL,NULL,'User logged in','::1','Mozilla/5.0 (Windows NT 10.0; Win64; x64) AppleWebKit/537.36 (KHTML, like Gecko) Chrome/150.0.0.0 Safari/537.36','2026-07-09 21:43:24'),(363,1,'superadmin','auth','login',1,NULL,NULL,'User logged in','::1','curl/8.20.0','2026-07-09 21:53:33'),(364,1,'superadmin','auth','login',1,NULL,NULL,'User logged in','::1','curl/8.20.0','2026-07-09 22:00:08'),(365,1,'superadmin','auth','login',1,NULL,NULL,'User logged in','::1','curl/8.20.0','2026-07-09 22:02:48'),(366,1,'superadmin','auth','login',1,NULL,NULL,'User logged in','::1','curl/8.20.0','2026-07-09 22:08:31'),(367,1,'superadmin','auth','login',1,NULL,NULL,'User logged in','::1','curl/8.20.0','2026-07-09 22:23:56'),(368,1,'superadmin','auth','login',1,NULL,NULL,'User logged in','::1','curl/8.20.0','2026-07-09 22:32:54'),(369,1,'superadmin','auth','login',1,NULL,NULL,'User logged in','::1','curl/8.20.0','2026-07-09 22:37:57'),(370,1,'superadmin','auth','login',1,NULL,NULL,'User logged in','::1','curl/8.20.0','2026-07-09 23:02:14'),(371,1,'superadmin','auth','login',1,NULL,NULL,'User logged in','::1','curl/8.20.0','2026-07-09 23:13:24'),(372,1,'superadmin','kiosk','add_location',2,NULL,'Hagen Headquarter',NULL,'::1','Mozilla/5.0 (Windows NT 10.0; Win64; x64) AppleWebKit/537.36 (KHTML, like Gecko) Chrome/150.0.0.0 Safari/537.36','2026-07-10 00:03:26'),(373,1,'superadmin','kiosk','add_location',3,NULL,'Hagen Headquarter',NULL,'::1','Mozilla/5.0 (Windows NT 10.0; Win64; x64) AppleWebKit/537.36 (KHTML, like Gecko) Chrome/150.0.0.0 Safari/537.36','2026-07-10 00:03:30'),(374,1,'superadmin','kiosk','add_location',4,NULL,'kundiawa Branch',NULL,'::1','Mozilla/5.0 (Windows NT 10.0; Win64; x64) AppleWebKit/537.36 (KHTML, like Gecko) Chrome/150.0.0.0 Safari/537.36','2026-07-10 00:06:19'),(375,1,'superadmin','kiosk','open',4,NULL,NULL,'Kiosk opened by superadmin','::1','Mozilla/5.0 (Windows NT 10.0; Win64; x64) AppleWebKit/537.36 (KHTML, like Gecko) Chrome/150.0.0.0 Safari/537.36','2026-07-10 00:08:06'),(376,1,'superadmin','kiosk','close',4,NULL,NULL,'Kiosk closed by superadmin','::1','Mozilla/5.0 (Windows NT 10.0; Win64; x64) AppleWebKit/537.36 (KHTML, like Gecko) Chrome/150.0.0.0 Safari/537.36','2026-07-10 00:08:20'),(377,1,'superadmin','users','update_profile',1,'{\"email\":\"admin@komagin.com\"}','{\"email\":\"admin@komagin.com\",\"name\":\"Mathew Jonathan\"}',NULL,'::1','Mozilla/5.0 (Windows NT 10.0; Win64; x64) AppleWebKit/537.36 (KHTML, like Gecko) Chrome/150.0.0.0 Safari/537.36','2026-07-10 00:45:14'),(378,1,'superadmin','auth','login',1,NULL,NULL,'User logged in','::1','curl/8.18.0','2026-07-11 09:14:58'),(379,1,'superadmin','auth','login',1,NULL,NULL,'User logged in','::1','curl/8.18.0','2026-07-11 09:55:19'),(380,4,'hrofficer','auth','login',4,NULL,NULL,'User logged in','::1','curl/8.18.0','2026-07-11 09:59:37'),(381,4,'hrofficer','security','access_denied',NULL,NULL,NULL,'Role \'hr_officer\' denied: activity_log.view.view at /HR_Komagin/modules/activity_log/index.php','::1',NULL,'2026-07-11 09:59:44'),(382,2,'payroll','auth','login',2,NULL,NULL,'User logged in','::1','curl/8.18.0','2026-07-11 10:05:38'),(383,2,'payroll','security','access_denied',NULL,NULL,NULL,'Role \'payroll_officer\' denied: leave.apply.create at /HR_Komagin/modules/leave/apply.php','::1',NULL,'2026-07-11 10:05:40'),(384,1,'superadmin','auth','login',1,NULL,NULL,'User logged in','::1','curl/8.18.0','2026-07-11 10:07:45'),(385,3,'hrmanager','auth','login',3,NULL,NULL,'User logged in','::1','curl/8.18.0','2026-07-11 10:07:50'),(386,4,'hrofficer','auth','login',4,NULL,NULL,'User logged in','::1','curl/8.18.0','2026-07-11 10:07:55'),(387,2,'payroll','auth','login',2,NULL,NULL,'User logged in','::1','curl/8.18.0','2026-07-11 10:08:00'),(388,3,'hrmanager','security','access_denied',NULL,NULL,NULL,'Role \'hr_manager\' denied: activity_log.view.view at /HR_Komagin/modules/activity_log/index.php','::1',NULL,'2026-07-11 10:08:09'),(389,4,'hrofficer','security','access_denied',NULL,NULL,NULL,'Role \'hr_officer\' denied: activity_log.view.view at /HR_Komagin/modules/activity_log/index.php','::1',NULL,'2026-07-11 10:08:11'),(390,2,'payroll','security','access_denied',NULL,NULL,NULL,'Role \'payroll_officer\' denied: activity_log.view.view at /HR_Komagin/modules/activity_log/index.php','::1',NULL,'2026-07-11 10:08:14'),(391,2,'payroll','security','access_denied',NULL,NULL,NULL,'Role \'payroll_officer\' denied: leave.apply.create at /HR_Komagin/modules/leave/apply.php','::1',NULL,'2026-07-11 10:08:31'),(392,2,'payroll','security','access_denied',NULL,NULL,NULL,'Role \'payroll_officer\' denied: payroll.deductions.delete at /HR_Komagin/modules/payroll/deductions.php','::1',NULL,'2026-07-11 10:08:38'),(393,2,'payroll','security','access_denied',NULL,NULL,NULL,'Role \'payroll_officer\' denied: reports.view.view at /HR_Komagin/modules/reports/executive.php?year=2026','::1',NULL,'2026-07-11 10:08:43'),(394,1,'superadmin','auth','login',1,NULL,NULL,'User logged in','::1','curl/8.18.0','2026-07-11 10:09:29'),(395,3,'hrmanager','auth','login',3,NULL,NULL,'User logged in','::1','curl/8.18.0','2026-07-11 10:09:34'),(396,4,'hrofficer','auth','login',4,NULL,NULL,'User logged in','::1','curl/8.18.0','2026-07-11 10:09:38'),(397,2,'payroll','auth','login',2,NULL,NULL,'User logged in','::1','curl/8.18.0','2026-07-11 10:09:43'),(398,3,'hrmanager','security','access_denied',NULL,NULL,NULL,'Role \'hr_manager\' denied: activity_log.view.view at /HR_Komagin/modules/activity_log/index.php','::1',NULL,'2026-07-11 10:09:53'),(399,4,'hrofficer','security','access_denied',NULL,NULL,NULL,'Role \'hr_officer\' denied: activity_log.view.view at /HR_Komagin/modules/activity_log/index.php','::1',NULL,'2026-07-11 10:09:55'),(400,2,'payroll','security','access_denied',NULL,NULL,NULL,'Role \'payroll_officer\' denied: activity_log.view.view at /HR_Komagin/modules/activity_log/index.php','::1',NULL,'2026-07-11 10:09:57'),(401,2,'payroll','security','access_denied',NULL,NULL,NULL,'Role \'payroll_officer\' denied: leave.apply.create at /HR_Komagin/modules/leave/apply.php','::1',NULL,'2026-07-11 10:10:14'),(402,2,'payroll','security','access_denied',NULL,NULL,NULL,'Role \'payroll_officer\' denied: payroll.deductions.delete at /HR_Komagin/modules/payroll/deductions.php','::1',NULL,'2026-07-11 10:10:21'),(403,2,'payroll','security','access_denied',NULL,NULL,NULL,'Role \'payroll_officer\' denied: reports.view.view at /HR_Komagin/modules/reports/executive.php?year=2026','::1',NULL,'2026-07-11 10:10:26'),(404,1,'superadmin','approvals','approval_blocked',999999,NULL,NULL,'action=approve;blocked_reason=workflow_not_found','::1',NULL,'2026-07-11 10:14:02'),(405,1,'superadmin','leave','apply',8,NULL,'{\"employee\":1,\"type\":1,\"days\":2,\"start\":\"2026-07-21\",\"end\":\"2026-07-22\"}','Phase1 regression test','::1','curl/8.18.0','2026-07-11 10:15:28'),(406,1,'superadmin','approvals','approval_blocked',1,NULL,NULL,'action=approve;blocked_reason=self_approval_blocked','::1',NULL,'2026-07-11 10:17:46'),(407,4,'hrofficer','approvals','approval_blocked',1,NULL,NULL,'action=approve;blocked_reason=wrong_approver_role:have=hr_officer;need=supervisor','::1',NULL,'2026-07-11 10:18:43'),(408,1,'superadmin','auth','login',1,NULL,NULL,'User logged in','::1','curl/8.18.0','2026-07-11 10:38:38'),(409,3,'hrmanager','auth','login',3,NULL,NULL,'User logged in','::1','curl/8.18.0','2026-07-11 10:38:43'),(410,4,'hrofficer','auth','login',4,NULL,NULL,'User logged in','::1','curl/8.18.0','2026-07-11 10:38:48'),(411,2,'payroll','auth','login',2,NULL,NULL,'User logged in','::1','curl/8.18.0','2026-07-11 10:38:52'),(412,3,'hrmanager','security','access_denied',NULL,NULL,NULL,'Role \'hr_manager\' denied: activity_log.view.view at /HR_Komagin/modules/activity_log/index.php','::1',NULL,'2026-07-11 10:39:02'),(413,4,'hrofficer','security','access_denied',NULL,NULL,NULL,'Role \'hr_officer\' denied: activity_log.view.view at /HR_Komagin/modules/activity_log/index.php','::1',NULL,'2026-07-11 10:39:04'),(414,2,'payroll','security','access_denied',NULL,NULL,NULL,'Role \'payroll_officer\' denied: activity_log.view.view at /HR_Komagin/modules/activity_log/index.php','::1',NULL,'2026-07-11 10:39:06'),(415,2,'payroll','security','access_denied',NULL,NULL,NULL,'Role \'payroll_officer\' denied: leave.apply.create at /HR_Komagin/modules/leave/apply.php','::1',NULL,'2026-07-11 10:39:23'),(416,2,'payroll','security','access_denied',NULL,NULL,NULL,'Role \'payroll_officer\' denied: payroll.deductions.delete at /HR_Komagin/modules/payroll/deductions.php','::1',NULL,'2026-07-11 10:39:30'),(417,2,'payroll','security','access_denied',NULL,NULL,NULL,'Role \'payroll_officer\' denied: reports.view.view at /HR_Komagin/modules/reports/executive.php?year=2026','::1',NULL,'2026-07-11 10:39:36'),(418,1,'superadmin','auth','login',1,NULL,NULL,'User logged in','::1','curl/8.18.0','2026-07-11 12:26:37'),(419,1,'superadmin','auth','login',1,NULL,NULL,'User logged in','::1','curl/8.18.0','2026-07-11 12:36:20'),(420,1,'superadmin','auth','logout',1,NULL,NULL,'User logged out','::1','curl/8.18.0','2026-07-11 12:36:45'),(426,1,'superadmin','auth','login',1,NULL,NULL,'User logged in','::1','curl/8.18.0','2026-07-11 13:02:36'),(427,1,'superadmin','auth','login',1,NULL,NULL,'User logged in','::1','curl/8.18.0','2026-07-11 13:07:56'),(428,1,'superadmin','auth','logout',1,NULL,NULL,'User logged out','::1','curl/8.18.0','2026-07-11 13:08:01'),(434,1,'superadmin','auth','login',1,NULL,NULL,'User logged in','::1','curl/8.18.0','2026-07-11 13:08:45'),(435,1,'superadmin','auth','login',1,NULL,NULL,'User logged in','::1','curl/8.18.0','2026-07-11 13:12:40'),(436,1,'superadmin','auth','logout',1,NULL,NULL,'User logged out','::1','curl/8.18.0','2026-07-11 13:12:45'),(442,1,'superadmin','auth','login',1,NULL,NULL,'User logged in','::1','curl/8.18.0','2026-07-11 13:13:34'),(443,1,'superadmin','auth','login',1,NULL,NULL,'User logged in','::1','curl/8.18.0','2026-07-11 13:16:38'),(444,1,'superadmin','auth','logout',1,NULL,NULL,'User logged out','::1','curl/8.18.0','2026-07-11 13:16:43'),(450,1,'superadmin','auth','login',1,NULL,NULL,'User logged in','::1','curl/8.18.0','2026-07-11 13:17:41'),(451,1,'superadmin','auth','login',1,NULL,NULL,'User logged in','::1','curl/8.18.0','2026-07-11 13:32:42'),(452,1,'superadmin','auth','logout',1,NULL,NULL,'User logged out','::1','curl/8.18.0','2026-07-11 13:32:47'),(458,1,'superadmin','auth','login',1,NULL,NULL,'User logged in','::1','curl/8.18.0','2026-07-11 13:33:44'),(459,1,'superadmin','auth','login',1,NULL,NULL,'User logged in','::1','curl/8.18.0','2026-07-11 13:34:39'),(460,1,'superadmin','auth','logout',1,NULL,NULL,'User logged out','::1','curl/8.18.0','2026-07-11 13:34:44'),(466,1,'superadmin','auth','login',1,NULL,NULL,'User logged in','::1','curl/8.18.0','2026-07-11 13:35:41');
/*!40000 ALTER TABLE `audit_logs` ENABLE KEYS */;
UNLOCK TABLES;

--
-- Table structure for table `company_assets`
--

DROP TABLE IF EXISTS `company_assets`;
/*!40101 SET @saved_cs_client     = @@character_set_client */;
/*!40101 SET character_set_client = utf8 */;
CREATE TABLE `company_assets` (
  `id` int(10) unsigned NOT NULL AUTO_INCREMENT,
  `asset_code` varchar(30) DEFAULT NULL,
  `asset_type` enum('laptop','phone','vehicle','ppe','tools','id_card','uniform','other') NOT NULL,
  `description` varchar(255) NOT NULL,
  `serial_number` varchar(100) DEFAULT NULL,
  `make_model` varchar(100) DEFAULT NULL,
  `purchase_date` date DEFAULT NULL,
  `purchase_value` decimal(12,2) DEFAULT NULL,
  `current_condition` enum('excellent','good','fair','poor','damaged','lost') DEFAULT 'good',
  `image` varchar(255) DEFAULT NULL,
  `notes` text DEFAULT NULL,
  `is_available` tinyint(1) DEFAULT 1,
  `created_at` timestamp NOT NULL DEFAULT current_timestamp(),
  PRIMARY KEY (`id`)
) ENGINE=InnoDB AUTO_INCREMENT=23 DEFAULT CHARSET=utf8mb4 COLLATE=utf8mb4_unicode_ci;
/*!40101 SET character_set_client = @saved_cs_client */;

--
-- Dumping data for table `company_assets`
--

LOCK TABLES `company_assets` WRITE;
/*!40000 ALTER TABLE `company_assets` DISABLE KEYS */;
INSERT INTO `company_assets` VALUES (1,'ASSET-LT-001','laptop','Dell Latitude 5520','SN001234','Dell Latitude 5520','2023-01-15',18000.00,'good',NULL,NULL,0,'2026-06-25 01:05:31'),(2,'ASSET-LT-002','laptop','HP EliteBook 840','SN001235','HP EliteBook 840','2023-01-15',16500.00,'good',NULL,NULL,0,'2026-06-25 01:05:31'),(3,'ASSET-LT-003','laptop','Lenovo ThinkPad X1','SN001236','Lenovo ThinkPad X1','2022-06-01',22000.00,'excellent',NULL,NULL,0,'2026-06-25 01:05:31'),(4,'ASSET-PH-001','phone','Samsung Galaxy A53','SN002001','Samsung Galaxy A53','2023-03-01',8500.00,'good',NULL,NULL,0,'2026-06-25 01:05:31'),(5,'ASSET-PH-002','phone','iPhone 13','SN002002','Apple iPhone 13','2022-11-01',18000.00,'good',NULL,NULL,0,'2026-06-25 01:05:31'),(6,'ASSET-VC-001','vehicle','VW Polo Company Car','ABC123GP','Volkswagen Polo','2021-05-01',220000.00,'good',NULL,NULL,1,'2026-06-25 01:05:31'),(7,'ASSET-VC-002','vehicle','Toyota Hilux Bakkie','XYZ456GP','Toyota Hilux','2020-02-01',380000.00,'fair',NULL,NULL,1,'2026-06-25 01:05:31'),(8,'ASSET-PPE-001','ppe','Safety Helmet Set 1','PPE001','3M H-Series','2024-01-01',450.00,'good',NULL,NULL,0,'2026-06-25 01:05:31'),(9,'ASSET-PPE-002','ppe','Safety Boots Workshop','PPE002','Bova Safety Boots','2024-01-01',800.00,'good',NULL,NULL,1,'2026-06-25 01:05:31'),(10,'ASSET-ID-001','id_card','Employee ID Card - Mokoena','IDC001','Standard Issue','2026-06-25',50.00,'excellent',NULL,NULL,0,'2026-06-25 01:05:31'),(11,'ASSET-LT-001','laptop','Dell Latitude 5520','SN001001','Dell Latitude 5520','2024-01-10',3800.00,'good',NULL,NULL,0,'2026-06-27 12:10:44'),(12,'ASSET-LT-002','laptop','HP EliteBook 840','SN001002','HP EliteBook 840','2024-01-10',3500.00,'good',NULL,NULL,0,'2026-06-27 12:10:44'),(13,'ASSET-LT-003','laptop','Lenovo ThinkPad X1','SN001003','Lenovo ThinkPad X1','2023-06-01',5200.00,'excellent',NULL,NULL,0,'2026-06-27 12:10:44'),(14,'ASSET-LT-004','laptop','Dell XPS 15','SN001004','Dell XPS 15','2025-01-15',6000.00,'excellent',NULL,NULL,1,'2026-06-27 12:10:44'),(15,'ASSET-PH-001','phone','Samsung Galaxy A54','SN002001','Samsung A54','2024-03-01',1800.00,'good',NULL,NULL,0,'2026-06-27 12:10:44'),(16,'ASSET-PH-002','phone','iPhone 14','SN002002','Apple iPhone 14','2023-11-01',3500.00,'good',NULL,NULL,0,'2026-06-27 12:10:44'),(17,'ASSET-VC-001','vehicle','Toyota HiLux','ABC123PG','Toyota HiLux 2.8GD','2022-05-01',75000.00,'good',NULL,NULL,1,'2026-06-27 12:10:44'),(18,'ASSET-VC-002','vehicle','Mitsubishi Triton','XYZ456PG','Mitsubishi Triton','2021-02-01',65000.00,'fair',NULL,NULL,1,'2026-06-27 12:10:44'),(19,'ASSET-PPE-001','ppe','Hard Hat ??? Kohn','PPE001','MSA V-Gard','2025-01-01',85.00,'good',NULL,NULL,0,'2026-06-27 12:10:44'),(20,'ASSET-PPE-002','ppe','Safety Boots ??? Site','PPE002','Bova Safety','2025-01-01',180.00,'good',NULL,NULL,1,'2026-06-27 12:10:44'),(21,'ASSET-ID-001','id_card','ID Card ??? Zianna Koma','IDC001','Standard Issue','2026-01-01',15.00,'excellent',NULL,NULL,0,'2026-06-27 12:10:44'),(22,'ASSET-ID-002','id_card','ID Card ??? Taliban David','IDC002','Standard Issue','2026-01-01',15.00,'excellent',NULL,NULL,0,'2026-06-27 12:10:44');
/*!40000 ALTER TABLE `company_assets` ENABLE KEYS */;
UNLOCK TABLES;

--
-- Table structure for table `company_letterheads`
--

DROP TABLE IF EXISTS `company_letterheads`;
/*!40101 SET @saved_cs_client     = @@character_set_client */;
/*!40101 SET character_set_client = utf8 */;
CREATE TABLE `company_letterheads` (
  `id` int(10) unsigned NOT NULL AUTO_INCREMENT,
  `name` varchar(150) NOT NULL,
  `type` enum('official','contract','payroll','hr_letter','certificate','memo','general') DEFAULT 'official',
  `image_path` varchar(500) NOT NULL,
  `header_html` longtext DEFAULT NULL COMMENT 'Optional HTML header alternative to image',
  `footer_html` longtext DEFAULT NULL COMMENT 'Optional HTML footer',
  `paper_size` enum('A4','A5','Letter','Legal') DEFAULT 'A4',
  `orientation` enum('portrait','landscape') DEFAULT 'portrait',
  `margin_top` smallint(6) DEFAULT 120 COMMENT 'px margin from top to leave space for letterhead',
  `margin_bottom` smallint(6) DEFAULT 60,
  `is_default` tinyint(1) DEFAULT 0,
  `is_active` tinyint(1) DEFAULT 1,
  `created_by` int(10) unsigned DEFAULT NULL,
  `created_at` timestamp NOT NULL DEFAULT current_timestamp(),
  `updated_at` timestamp NOT NULL DEFAULT current_timestamp() ON UPDATE current_timestamp(),
  PRIMARY KEY (`id`)
) ENGINE=InnoDB DEFAULT CHARSET=utf8mb4 COLLATE=utf8mb4_unicode_ci;
/*!40101 SET character_set_client = @saved_cs_client */;

--
-- Dumping data for table `company_letterheads`
--

LOCK TABLES `company_letterheads` WRITE;
/*!40000 ALTER TABLE `company_letterheads` DISABLE KEYS */;
/*!40000 ALTER TABLE `company_letterheads` ENABLE KEYS */;
UNLOCK TABLES;

--
-- Table structure for table `company_settings`
--

DROP TABLE IF EXISTS `company_settings`;
/*!40101 SET @saved_cs_client     = @@character_set_client */;
/*!40101 SET character_set_client = utf8 */;
CREATE TABLE `company_settings` (
  `id` int(10) unsigned NOT NULL AUTO_INCREMENT,
  `company_name` varchar(255) DEFAULT 'Komagin Limited',
  `company_logo` varchar(255) DEFAULT NULL,
  `company_favicon` varchar(255) DEFAULT NULL,
  `company_footer` varchar(255) DEFAULT NULL,
  `login_background` varchar(255) DEFAULT NULL,
  `address` text DEFAULT NULL,
  `phone` varchar(50) DEFAULT NULL,
  `email` varchar(100) DEFAULT NULL,
  `website` varchar(100) DEFAULT NULL,
  `work_start_time` time DEFAULT '08:00:00',
  `work_end_time` time DEFAULT '17:00:00',
  `grace_period_minutes` int(11) DEFAULT 15,
  `break_duration_minutes` int(11) DEFAULT 60,
  `standard_work_hours` decimal(4,2) DEFAULT 8.00,
  `overtime_threshold_hours` decimal(4,2) DEFAULT 8.00,
  `emp_number_settings` longtext CHARACTER SET utf8mb4 COLLATE utf8mb4_bin DEFAULT NULL CHECK (json_valid(`emp_number_settings`)),
  `leave_settings` longtext CHARACTER SET utf8mb4 COLLATE utf8mb4_bin DEFAULT NULL CHECK (json_valid(`leave_settings`)),
  `archive_settings` longtext CHARACTER SET utf8mb4 COLLATE utf8mb4_bin DEFAULT NULL CHECK (json_valid(`archive_settings`)),
  `theme_settings` longtext CHARACTER SET utf8mb4 COLLATE utf8mb4_bin DEFAULT NULL CHECK (json_valid(`theme_settings`)),
  `email_settings` longtext CHARACTER SET utf8mb4 COLLATE utf8mb4_bin DEFAULT NULL CHECK (json_valid(`email_settings`)),
  `doc_number_prefix` varchar(20) DEFAULT 'KHR',
  `doc_number_counter` int(10) unsigned DEFAULT 1,
  `created_at` timestamp NOT NULL DEFAULT current_timestamp(),
  `updated_at` timestamp NOT NULL DEFAULT current_timestamp() ON UPDATE current_timestamp(),
  PRIMARY KEY (`id`)
) ENGINE=InnoDB AUTO_INCREMENT=2 DEFAULT CHARSET=utf8mb4 COLLATE=utf8mb4_unicode_ci;
/*!40101 SET character_set_client = @saved_cs_client */;

--
-- Dumping data for table `company_settings`
--

LOCK TABLES `company_settings` WRITE;
/*!40000 ALTER TABLE `company_settings` DISABLE KEYS */;
INSERT INTO `company_settings` VALUES (1,'Komagin Limited','uploads/company/6a3e1e9bb37653.58934782_1782455963.png',NULL,NULL,NULL,'Waigani Campus','79913335','mjonathan10072@gmail.com',NULL,'08:00:00','17:00:00',15,60,8.00,8.00,'{\"prefix\":\"KOM-EMP\",\"year_format\":\"Y\",\"number_length\":4,\"starting_number\":1}',NULL,NULL,NULL,NULL,'KHR',1,'2026-06-09 23:28:19','2026-06-26 06:42:44');
/*!40000 ALTER TABLE `company_settings` ENABLE KEYS */;
UNLOCK TABLES;

--
-- Table structure for table `company_signatures`
--

DROP TABLE IF EXISTS `company_signatures`;
/*!40101 SET @saved_cs_client     = @@character_set_client */;
/*!40101 SET character_set_client = utf8 */;
CREATE TABLE `company_signatures` (
  `id` int(10) unsigned NOT NULL AUTO_INCREMENT,
  `signatory_name` varchar(150) NOT NULL,
  `designation` varchar(150) DEFAULT NULL,
  `department` varchar(150) DEFAULT NULL,
  `image_path` varchar(500) NOT NULL COMMENT 'Transparent PNG of signature',
  `approval_level` tinyint(3) unsigned DEFAULT 1 COMMENT '1=Officer, 2=Manager, 3=Director',
  `is_active` tinyint(1) DEFAULT 1,
  `version` tinyint(3) unsigned DEFAULT 1,
  `notes` text DEFAULT NULL,
  `created_by` int(10) unsigned DEFAULT NULL,
  `created_at` timestamp NOT NULL DEFAULT current_timestamp(),
  `updated_at` timestamp NOT NULL DEFAULT current_timestamp() ON UPDATE current_timestamp(),
  PRIMARY KEY (`id`)
) ENGINE=InnoDB DEFAULT CHARSET=utf8mb4 COLLATE=utf8mb4_unicode_ci;
/*!40101 SET character_set_client = @saved_cs_client */;

--
-- Dumping data for table `company_signatures`
--

LOCK TABLES `company_signatures` WRITE;
/*!40000 ALTER TABLE `company_signatures` DISABLE KEYS */;
/*!40000 ALTER TABLE `company_signatures` ENABLE KEYS */;
UNLOCK TABLES;

--
-- Table structure for table `company_stamps`
--

DROP TABLE IF EXISTS `company_stamps`;
/*!40101 SET @saved_cs_client     = @@character_set_client */;
/*!40101 SET character_set_client = utf8 */;
CREATE TABLE `company_stamps` (
  `id` int(10) unsigned NOT NULL AUTO_INCREMENT,
  `name` varchar(150) NOT NULL,
  `image_path` varchar(500) NOT NULL COMMENT 'Transparent PNG of stamp',
  `is_active` tinyint(1) DEFAULT 1,
  `created_by` int(10) unsigned DEFAULT NULL,
  `created_at` timestamp NOT NULL DEFAULT current_timestamp(),
  PRIMARY KEY (`id`)
) ENGINE=InnoDB DEFAULT CHARSET=utf8mb4 COLLATE=utf8mb4_unicode_ci;
/*!40101 SET character_set_client = @saved_cs_client */;

--
-- Dumping data for table `company_stamps`
--

LOCK TABLES `company_stamps` WRITE;
/*!40000 ALTER TABLE `company_stamps` DISABLE KEYS */;
/*!40000 ALTER TABLE `company_stamps` ENABLE KEYS */;
UNLOCK TABLES;

--
-- Table structure for table `company_watermarks`
--

DROP TABLE IF EXISTS `company_watermarks`;
/*!40101 SET @saved_cs_client     = @@character_set_client */;
/*!40101 SET character_set_client = utf8 */;
CREATE TABLE `company_watermarks` (
  `id` int(10) unsigned NOT NULL AUTO_INCREMENT,
  `name` varchar(150) NOT NULL,
  `type` enum('image','text') DEFAULT 'text',
  `image_path` varchar(500) DEFAULT NULL,
  `text` varchar(100) DEFAULT NULL COMMENT 'e.g. CONFIDENTIAL, DRAFT, COPY',
  `opacity` decimal(3,2) DEFAULT 0.10,
  `color` varchar(20) DEFAULT '#808080',
  `font_size` smallint(6) DEFAULT 48,
  `rotation` smallint(6) DEFAULT -45,
  `is_active` tinyint(1) DEFAULT 1,
  `created_by` int(10) unsigned DEFAULT NULL,
  `created_at` timestamp NOT NULL DEFAULT current_timestamp(),
  PRIMARY KEY (`id`)
) ENGINE=InnoDB AUTO_INCREMENT=5 DEFAULT CHARSET=utf8mb4 COLLATE=utf8mb4_unicode_ci;
/*!40101 SET character_set_client = @saved_cs_client */;

--
-- Dumping data for table `company_watermarks`
--

LOCK TABLES `company_watermarks` WRITE;
/*!40000 ALTER TABLE `company_watermarks` DISABLE KEYS */;
INSERT INTO `company_watermarks` VALUES (1,'Confidential','text',NULL,'CONFIDENTIAL',0.10,'#cc0000',52,-45,1,NULL,'2026-06-27 08:21:51'),(2,'Draft','text',NULL,'DRAFT',0.12,'#888888',52,-45,1,NULL,'2026-06-27 08:21:51'),(3,'Copy','text',NULL,'COPY',0.10,'#888888',52,-45,1,NULL,'2026-06-27 08:21:51'),(4,'Original','text',NULL,'ORIGINAL',0.10,'#006600',52,-45,1,NULL,'2026-06-27 08:21:51');
/*!40000 ALTER TABLE `company_watermarks` ENABLE KEYS */;
UNLOCK TABLES;

--
-- Table structure for table `consultant_attendance`
--

DROP TABLE IF EXISTS `consultant_attendance`;
/*!40101 SET @saved_cs_client     = @@character_set_client */;
/*!40101 SET character_set_client = utf8 */;
CREATE TABLE `consultant_attendance` (
  `id` int(10) unsigned NOT NULL AUTO_INCREMENT,
  `consultant_id` int(10) unsigned NOT NULL,
  `work_date` date NOT NULL,
  `clock_in` datetime DEFAULT NULL,
  `break_start` datetime DEFAULT NULL,
  `break_end` datetime DEFAULT NULL,
  `clock_out` datetime DEFAULT NULL,
  `total_hours` decimal(5,2) DEFAULT NULL,
  `notes` varchar(500) DEFAULT NULL,
  `created_at` datetime NOT NULL DEFAULT current_timestamp(),
  `updated_at` datetime NOT NULL DEFAULT current_timestamp() ON UPDATE current_timestamp(),
  PRIMARY KEY (`id`),
  UNIQUE KEY `uk_consultant_date` (`consultant_id`,`work_date`),
  CONSTRAINT `consultant_attendance_ibfk_1` FOREIGN KEY (`consultant_id`) REFERENCES `consultants` (`id`) ON DELETE CASCADE
) ENGINE=InnoDB AUTO_INCREMENT=13 DEFAULT CHARSET=utf8mb4 COLLATE=utf8mb4_unicode_ci;
/*!40101 SET character_set_client = @saved_cs_client */;

--
-- Dumping data for table `consultant_attendance`
--

LOCK TABLES `consultant_attendance` WRITE;
/*!40000 ALTER TABLE `consultant_attendance` DISABLE KEYS */;
INSERT INTO `consultant_attendance` VALUES (1,1,'2026-07-06','2026-07-06 08:15:00','2026-07-06 12:00:00','2026-07-06 12:45:00','2026-07-06 17:00:00',8.00,NULL,'2026-07-10 09:48:22','2026-07-10 09:48:22'),(2,1,'2026-07-07','2026-07-07 08:05:00','2026-07-07 12:00:00','2026-07-07 12:30:00','2026-07-07 17:10:00',8.58,NULL,'2026-07-10 09:48:22','2026-07-10 09:48:22'),(3,1,'2026-07-08','2026-07-08 08:20:00','2026-07-08 13:00:00','2026-07-08 13:30:00','2026-07-08 17:30:00',8.67,NULL,'2026-07-10 09:48:22','2026-07-10 09:48:22'),(4,1,'2026-07-09','2026-07-09 08:00:00',NULL,NULL,'2026-07-09 16:45:00',8.75,NULL,'2026-07-10 09:48:22','2026-07-10 09:48:22'),(5,2,'2026-07-08','2026-07-08 09:00:00','2026-07-08 12:30:00','2026-07-08 13:00:00','2026-07-08 17:00:00',7.50,NULL,'2026-07-10 09:48:22','2026-07-10 09:48:22'),(6,2,'2026-07-09','2026-07-09 08:50:00','2026-07-09 12:00:00','2026-07-09 12:45:00','2026-07-09 17:15:00',7.67,NULL,'2026-07-10 09:48:22','2026-07-10 09:48:22');
/*!40000 ALTER TABLE `consultant_attendance` ENABLE KEYS */;
UNLOCK TABLES;

--
-- Table structure for table `consultant_scopes`
--

DROP TABLE IF EXISTS `consultant_scopes`;
/*!40101 SET @saved_cs_client     = @@character_set_client */;
/*!40101 SET character_set_client = utf8 */;
CREATE TABLE `consultant_scopes` (
  `id` int(10) unsigned NOT NULL AUTO_INCREMENT,
  `consultant_id` int(10) unsigned NOT NULL,
  `title` varchar(300) NOT NULL,
  `description` text DEFAULT NULL,
  `priority` enum('low','normal','high','urgent') NOT NULL DEFAULT 'normal',
  `due_date` date DEFAULT NULL,
  `status` enum('pending','in_progress','completed','on_hold') NOT NULL DEFAULT 'pending',
  `completion_pct` tinyint(3) unsigned NOT NULL DEFAULT 0,
  `hr_notes` text DEFAULT NULL,
  `consultant_notes` text DEFAULT NULL,
  `completed_at` datetime DEFAULT NULL,
  `sort_order` int(10) unsigned NOT NULL DEFAULT 0,
  `created_at` datetime NOT NULL DEFAULT current_timestamp(),
  `updated_at` datetime NOT NULL DEFAULT current_timestamp() ON UPDATE current_timestamp(),
  PRIMARY KEY (`id`),
  KEY `consultant_id` (`consultant_id`),
  CONSTRAINT `consultant_scopes_ibfk_1` FOREIGN KEY (`consultant_id`) REFERENCES `consultants` (`id`) ON DELETE CASCADE
) ENGINE=InnoDB AUTO_INCREMENT=11 DEFAULT CHARSET=utf8mb4 COLLATE=utf8mb4_unicode_ci;
/*!40101 SET character_set_client = @saved_cs_client */;

--
-- Dumping data for table `consultant_scopes`
--

LOCK TABLES `consultant_scopes` WRITE;
/*!40000 ALTER TABLE `consultant_scopes` DISABLE KEYS */;
INSERT INTO `consultant_scopes` VALUES (1,3,'Employment Contract Templates Review','Review and update all standard employment contract templates to comply with PNG Labour Act 2023 amendments.','high','2026-07-31','in_progress',60,NULL,NULL,NULL,1,'2026-07-10 09:48:22','2026-07-10 09:48:22'),(2,3,'HR Policy Manual Legal Audit','Audit the existing HR Policy Manual sections against current PNG legislation and flag required updates.','high','2026-08-15','pending',0,NULL,NULL,NULL,2,'2026-07-10 09:48:22','2026-07-10 09:48:22'),(3,3,'Workplace Grievance Procedure Update','Draft revised grievance and disciplinary procedures aligned with Fair Work principles.','normal','2026-09-01','pending',0,NULL,NULL,NULL,3,'2026-07-10 09:48:22','2026-07-10 09:48:22'),(4,3,'NDA Templates for Contractors','Prepare standard NDA and IP assignment agreements for external contractors and consultants.','normal','2026-07-20','completed',100,NULL,NULL,'2026-07-10 09:48:23',4,'2026-07-10 09:48:22','2026-07-10 09:48:23'),(5,3,'Termination Process Legal Guide','Document a step-by-step termination process guide for HR officers with legal risk checkpoints.','low','2026-10-01','pending',0,NULL,NULL,NULL,5,'2026-07-10 09:48:22','2026-07-10 09:48:22'),(6,4,'Payroll Cost Analysis Report','Prepare a detailed payroll cost breakdown by department, comparing actuals to budget for Q1-Q2 2026.','urgent','2026-07-15','in_progress',75,NULL,NULL,NULL,1,'2026-07-10 09:48:23','2026-07-10 09:48:23'),(7,4,'Superannuation Compliance Review','Verify all employee superannuation contributions comply with the Superannuation (General Provisions) Act.','high','2026-07-30','in_progress',40,NULL,NULL,NULL,2,'2026-07-10 09:48:23','2026-07-10 09:48:23'),(8,4,'Leave Liability Reconciliation','Calculate and reconcile outstanding annual leave liabilities for all active employees as of 30 June 2026.','high','2026-08-01','pending',0,NULL,NULL,NULL,3,'2026-07-10 09:48:23','2026-07-10 09:48:23'),(9,4,'Budget Variance Report  H1 2026','Deliver a half-year budget vs actual report for HR-related expenditure with explanatory notes.','normal','2026-08-15','pending',0,NULL,NULL,NULL,4,'2026-07-10 09:48:23','2026-07-10 09:48:23');
/*!40000 ALTER TABLE `consultant_scopes` ENABLE KEYS */;
UNLOCK TABLES;

--
-- Table structure for table `consultants`
--

DROP TABLE IF EXISTS `consultants`;
/*!40101 SET @saved_cs_client     = @@character_set_client */;
/*!40101 SET character_set_client = utf8 */;
CREATE TABLE `consultants` (
  `id` int(10) unsigned NOT NULL AUTO_INCREMENT,
  `consultant_number` varchar(30) NOT NULL,
  `first_name` varchar(100) NOT NULL,
  `last_name` varchar(100) NOT NULL,
  `email` varchar(200) DEFAULT NULL,
  `phone` varchar(30) DEFAULT NULL,
  `company` varchar(200) DEFAULT NULL,
  `position_title` varchar(200) DEFAULT NULL,
  `type` enum('time_based','output_based') NOT NULL DEFAULT 'time_based',
  `department` varchar(100) DEFAULT NULL,
  `start_date` date DEFAULT NULL,
  `end_date` date DEFAULT NULL,
  `status` enum('active','completed','terminated') NOT NULL DEFAULT 'active',
  `hourly_rate` decimal(10,2) DEFAULT NULL,
  `daily_rate` decimal(10,2) DEFAULT NULL,
  `contract_value` decimal(12,2) DEFAULT NULL,
  `notes` text DEFAULT NULL,
  `portal_active` tinyint(1) NOT NULL DEFAULT 0,
  `portal_password` varchar(255) DEFAULT NULL,
  `portal_last_login` datetime DEFAULT NULL,
  `created_at` datetime NOT NULL DEFAULT current_timestamp(),
  `updated_at` datetime NOT NULL DEFAULT current_timestamp() ON UPDATE current_timestamp(),
  PRIMARY KEY (`id`),
  UNIQUE KEY `consultant_number` (`consultant_number`)
) ENGINE=InnoDB AUTO_INCREMENT=11 DEFAULT CHARSET=utf8mb4 COLLATE=utf8mb4_unicode_ci;
/*!40101 SET character_set_client = @saved_cs_client */;

--
-- Dumping data for table `consultants`
--

LOCK TABLES `consultants` WRITE;
/*!40000 ALTER TABLE `consultants` DISABLE KEYS */;
INSERT INTO `consultants` VALUES (1,'KOM-CON-2026-0001','David','Naime','d.naime@naitech.pg','+675 7200 1001','NaiTech Solutions','IT Systems Consultant','time_based','ICT','2026-02-01','2026-12-31','active',85.00,680.00,NULL,NULL,0,NULL,'2026-07-11 23:35:56','2026-07-10 09:48:22','2026-07-11 23:36:10'),(2,'KOM-CON-2026-0002','Anna','Pepe','a.pepe@pmcon.pg','+675 7200 1002','PM Consultancy Ltd','Project Manager','time_based','Operations','2026-03-01','2026-09-30','active',95.00,760.00,NULL,NULL,0,NULL,NULL,'2026-07-10 09:48:22','2026-07-10 09:48:22'),(3,'KOM-CON-2026-0003','Michael','Toua','m.toua@legaladv.pg','+675 7200 1003','Pacific Legal Adv.','Legal Advisor','output_based','HR & Legal','2026-01-15','2026-12-31','active',NULL,NULL,NULL,NULL,0,NULL,NULL,'2026-07-10 09:48:22','2026-07-10 09:48:22'),(4,'KOM-CON-2026-0004','Christine','Kila','c.kila@finworks.pg','+675 7200 1004','FinWorks PNG','Financial Analyst','output_based','Finance','2026-04-01','2026-10-31','active',NULL,NULL,NULL,NULL,0,NULL,NULL,'2026-07-10 09:48:22','2026-07-10 09:48:22'),(9,'KOM-CON-2026-0005','P2Regress','Test',NULL,NULL,NULL,NULL,'output_based',NULL,'2026-07-12',NULL,'active',NULL,NULL,0.00,NULL,0,NULL,NULL,'2026-07-11 23:34:34','2026-07-11 23:34:34');
/*!40000 ALTER TABLE `consultants` ENABLE KEYS */;
UNLOCK TABLES;

--
-- Table structure for table `correction_requests`
--

DROP TABLE IF EXISTS `correction_requests`;
/*!40101 SET @saved_cs_client     = @@character_set_client */;
/*!40101 SET character_set_client = utf8 */;
CREATE TABLE `correction_requests` (
  `id` int(10) unsigned NOT NULL AUTO_INCREMENT,
  `employee_id` int(10) unsigned NOT NULL,
  `attendance_id` int(10) unsigned DEFAULT NULL,
  `request_date` date NOT NULL,
  `request_type` enum('forgot_sign_in','forgot_sign_out','forgot_break_out','forgot_break_in','wrong_time','overtime_not_captured','other') NOT NULL,
  `description` text NOT NULL,
  `requested_sign_in` time DEFAULT NULL,
  `requested_sign_out` time DEFAULT NULL,
  `requested_break_out` time DEFAULT NULL,
  `requested_break_in` time DEFAULT NULL,
  `status` enum('pending','approved','rejected') DEFAULT 'pending',
  `hr_remarks` text DEFAULT NULL,
  `reviewed_by` int(10) unsigned DEFAULT NULL,
  `reviewed_at` datetime DEFAULT NULL,
  `created_at` timestamp NOT NULL DEFAULT current_timestamp(),
  PRIMARY KEY (`id`),
  KEY `employee_id` (`employee_id`),
  KEY `attendance_id` (`attendance_id`),
  CONSTRAINT `correction_requests_ibfk_1` FOREIGN KEY (`employee_id`) REFERENCES `employees` (`id`) ON DELETE CASCADE,
  CONSTRAINT `correction_requests_ibfk_2` FOREIGN KEY (`attendance_id`) REFERENCES `attendance` (`id`) ON DELETE SET NULL
) ENGINE=InnoDB AUTO_INCREMENT=3 DEFAULT CHARSET=utf8mb4 COLLATE=utf8mb4_unicode_ci;
/*!40101 SET character_set_client = @saved_cs_client */;

--
-- Dumping data for table `correction_requests`
--

LOCK TABLES `correction_requests` WRITE;
/*!40000 ALTER TABLE `correction_requests` DISABLE KEYS */;
INSERT INTO `correction_requests` VALUES (1,3,46,'2026-06-05','forgot_sign_in','I forgot to sign in on arrival. Was on site from 07:45','07:45:00',NULL,NULL,NULL,'approved','Verified with site supervisor',1,'2026-06-06 09:00:00','2026-06-27 12:10:44'),(2,6,115,'2026-06-18','forgot_sign_out','Forgot to sign out ??? left at 18:30 after emergency meeting',NULL,'18:30:00',NULL,NULL,'pending',NULL,NULL,NULL,'2026-06-27 12:10:44');
/*!40000 ALTER TABLE `correction_requests` ENABLE KEYS */;
UNLOCK TABLES;

--
-- Table structure for table `departments`
--

DROP TABLE IF EXISTS `departments`;
/*!40101 SET @saved_cs_client     = @@character_set_client */;
/*!40101 SET character_set_client = utf8 */;
CREATE TABLE `departments` (
  `id` int(10) unsigned NOT NULL AUTO_INCREMENT,
  `name` varchar(150) NOT NULL,
  `code` varchar(20) DEFAULT NULL,
  `description` text DEFAULT NULL,
  `head_employee_id` int(10) unsigned DEFAULT NULL,
  `is_active` tinyint(1) DEFAULT 1,
  `created_at` timestamp NOT NULL DEFAULT current_timestamp(),
  `updated_at` timestamp NOT NULL DEFAULT current_timestamp() ON UPDATE current_timestamp(),
  PRIMARY KEY (`id`),
  UNIQUE KEY `dept_name_unique` (`name`)
) ENGINE=InnoDB AUTO_INCREMENT=12 DEFAULT CHARSET=utf8mb4 COLLATE=utf8mb4_unicode_ci;
/*!40101 SET character_set_client = @saved_cs_client */;

--
-- Dumping data for table `departments`
--

LOCK TABLES `departments` WRITE;
/*!40000 ALTER TABLE `departments` DISABLE KEYS */;
INSERT INTO `departments` VALUES (1,'Human Resources','HR',NULL,NULL,1,'2026-06-09 23:28:19','2026-06-09 23:28:19'),(2,'Finance','FIN',NULL,NULL,1,'2026-06-09 23:28:19','2026-06-09 23:28:19'),(3,'Operations','OPS',NULL,NULL,1,'2026-06-09 23:28:19','2026-06-09 23:28:19'),(4,'Engineering','ENG',NULL,NULL,1,'2026-06-09 23:28:19','2026-06-09 23:28:19'),(5,'Workshop','WKSP',NULL,NULL,1,'2026-06-09 23:28:19','2026-06-09 23:28:19'),(6,'Administration','ADMIN',NULL,NULL,1,'2026-06-09 23:28:19','2026-06-09 23:28:19'),(7,'Project Management','PM',NULL,NULL,1,'2026-06-09 23:28:19','2026-06-09 23:28:19'),(8,'Business Development','BD',NULL,NULL,1,'2026-06-25 09:29:22','2026-06-25 09:29:22'),(9,'Survey','SURV',NULL,NULL,1,'2026-06-25 09:29:22','2026-06-25 09:29:22'),(10,'Information Technology','IT',NULL,NULL,1,'2026-06-25 09:29:22','2026-06-25 09:29:22'),(11,'Executive','EXEC',NULL,NULL,1,'2026-06-25 09:29:22','2026-06-25 09:29:22');
/*!40000 ALTER TABLE `departments` ENABLE KEYS */;
UNLOCK TABLES;

--
-- Table structure for table `disciplinary_records`
--

DROP TABLE IF EXISTS `disciplinary_records`;
/*!40101 SET @saved_cs_client     = @@character_set_client */;
/*!40101 SET character_set_client = utf8 */;
CREATE TABLE `disciplinary_records` (
  `id` int(10) unsigned NOT NULL AUTO_INCREMENT,
  `employee_id` int(10) unsigned NOT NULL,
  `case_number` varchar(30) DEFAULT NULL,
  `incident_date` date NOT NULL,
  `incident_description` text NOT NULL,
  `case_type` enum('misconduct','poor_performance','absenteeism','insubordination','harassment','theft','fraud','other') NOT NULL,
  `action_taken` enum('verbal_warning','written_warning','final_warning','suspension','demotion','termination','dismissed','no_action') DEFAULT NULL,
  `investigation_notes` text DEFAULT NULL,
  `evidence_file` varchar(255) DEFAULT NULL,
  `warning_letter_file` varchar(255) DEFAULT NULL,
  `status` enum('open','investigating','closed','appealed') DEFAULT 'open',
  `hearing_date` date DEFAULT NULL,
  `resolved_at` date DEFAULT NULL,
  `hr_officer_id` int(10) unsigned DEFAULT NULL,
  `created_by` int(10) unsigned DEFAULT NULL,
  `created_at` timestamp NOT NULL DEFAULT current_timestamp(),
  `updated_at` timestamp NOT NULL DEFAULT current_timestamp() ON UPDATE current_timestamp(),
  PRIMARY KEY (`id`),
  KEY `employee_id` (`employee_id`),
  CONSTRAINT `disciplinary_records_ibfk_1` FOREIGN KEY (`employee_id`) REFERENCES `employees` (`id`) ON DELETE CASCADE
) ENGINE=InnoDB AUTO_INCREMENT=3 DEFAULT CHARSET=utf8mb4 COLLATE=utf8mb4_unicode_ci;
/*!40101 SET character_set_client = @saved_cs_client */;

--
-- Dumping data for table `disciplinary_records`
--

LOCK TABLES `disciplinary_records` WRITE;
/*!40000 ALTER TABLE `disciplinary_records` DISABLE KEYS */;
INSERT INTO `disciplinary_records` VALUES (1,3,'DISC-2026-001','2026-04-15','Employee recorded arriving 45 minutes late on 5 separate occasions during March 2026 without prior notification or valid reason.','absenteeism','verbal_warning','Pattern of late arrivals confirmed via kiosk records. Employee acknowledged the issue and committed to improvement.',NULL,NULL,'closed','2026-04-18','2026-04-18',2,1,'2026-06-27 12:10:44','2026-06-27 12:10:44'),(2,4,'DISC-2026-002','2026-05-22','Employee submitted a timesheet claiming 8 hours on a day when kiosk records show a sign-out at 14:30.','misconduct','written_warning','Discrepancy confirmed. Employee claims kiosk malfunction ??? not substantiated. Written warning issued.',NULL,NULL,'closed',NULL,NULL,2,1,'2026-06-27 12:10:44','2026-06-27 12:10:44');
/*!40000 ALTER TABLE `disciplinary_records` ENABLE KEYS */;
UNLOCK TABLES;

--
-- Table structure for table `doc_categories`
--

DROP TABLE IF EXISTS `doc_categories`;
/*!40101 SET @saved_cs_client     = @@character_set_client */;
/*!40101 SET character_set_client = utf8 */;
CREATE TABLE `doc_categories` (
  `id` int(10) unsigned NOT NULL AUTO_INCREMENT,
  `name` varchar(150) NOT NULL,
  `slug` varchar(100) NOT NULL,
  `description` text DEFAULT NULL,
  `icon` varchar(50) DEFAULT 'file-text',
  `sort_order` int(11) DEFAULT 0,
  `is_active` tinyint(1) DEFAULT 1,
  `created_at` timestamp NOT NULL DEFAULT current_timestamp(),
  PRIMARY KEY (`id`),
  UNIQUE KEY `slug` (`slug`)
) ENGINE=InnoDB AUTO_INCREMENT=11 DEFAULT CHARSET=utf8mb4 COLLATE=utf8mb4_unicode_ci;
/*!40101 SET character_set_client = @saved_cs_client */;

--
-- Dumping data for table `doc_categories`
--

LOCK TABLES `doc_categories` WRITE;
/*!40000 ALTER TABLE `doc_categories` DISABLE KEYS */;
INSERT INTO `doc_categories` VALUES (1,'Employment Letters','employment_letters','Offer letters, appointment letters, contract letters','file-text',1,1,'2026-06-24 13:09:33'),(2,'HR Letters','hr_letters','Warning letters, suspension letters, commendation letters','file-text',2,1,'2026-06-24 13:09:33'),(3,'Certificates','certificates','Employment certificates, salary certificates, experience letters','file-text',3,1,'2026-06-24 13:09:33'),(4,'Payroll Documents','payroll_documents','Payslips, salary advices, deduction notices','file-text',4,1,'2026-06-24 13:09:33'),(5,'Leave Documents','leave_documents','Leave approvals, leave summaries, LOA letters','file-text',5,1,'2026-06-24 13:09:33'),(6,'Disciplinary','disciplinary','Disciplinary notices, hearing letters, outcome letters','file-text',6,1,'2026-06-24 13:09:33'),(7,'Compliance','compliance','POPI notices, policy acknowledgements, codes of conduct','file-text',7,1,'2026-06-24 13:09:33'),(8,'Onboarding','onboarding','Induction checklists, welcome letters, job descriptions','file-text',8,1,'2026-06-24 13:09:33'),(9,'Exit Management','exit_management','Resignation acceptance, clearance certificates, reference letters','file-text',9,1,'2026-06-24 13:09:33'),(10,'General','general','Ad-hoc HR communications','file-text',10,1,'2026-06-24 13:09:33');
/*!40000 ALTER TABLE `doc_categories` ENABLE KEYS */;
UNLOCK TABLES;

--
-- Table structure for table `doc_template_versions`
--

DROP TABLE IF EXISTS `doc_template_versions`;
/*!40101 SET @saved_cs_client     = @@character_set_client */;
/*!40101 SET character_set_client = utf8 */;
CREATE TABLE `doc_template_versions` (
  `id` int(10) unsigned NOT NULL AUTO_INCREMENT,
  `template_id` int(10) unsigned NOT NULL,
  `version` tinyint(3) unsigned NOT NULL,
  `body_html` longtext NOT NULL,
  `changed_by` int(10) unsigned DEFAULT NULL,
  `changed_at` timestamp NOT NULL DEFAULT current_timestamp(),
  PRIMARY KEY (`id`),
  KEY `template_id` (`template_id`),
  CONSTRAINT `doc_template_versions_ibfk_1` FOREIGN KEY (`template_id`) REFERENCES `doc_templates` (`id`) ON DELETE CASCADE
) ENGINE=InnoDB DEFAULT CHARSET=utf8mb4 COLLATE=utf8mb4_unicode_ci;
/*!40101 SET character_set_client = @saved_cs_client */;

--
-- Dumping data for table `doc_template_versions`
--

LOCK TABLES `doc_template_versions` WRITE;
/*!40000 ALTER TABLE `doc_template_versions` DISABLE KEYS */;
/*!40000 ALTER TABLE `doc_template_versions` ENABLE KEYS */;
UNLOCK TABLES;

--
-- Table structure for table `doc_templates`
--

DROP TABLE IF EXISTS `doc_templates`;
/*!40101 SET @saved_cs_client     = @@character_set_client */;
/*!40101 SET character_set_client = utf8 */;
CREATE TABLE `doc_templates` (
  `id` int(10) unsigned NOT NULL AUTO_INCREMENT,
  `category_id` int(10) unsigned NOT NULL,
  `title` varchar(200) NOT NULL,
  `slug` varchar(150) NOT NULL,
  `description` text DEFAULT NULL,
  `body_html` longtext NOT NULL,
  `variables_used` longtext CHARACTER SET utf8mb4 COLLATE utf8mb4_bin DEFAULT NULL COMMENT 'Array of variable names used in this template' CHECK (json_valid(`variables_used`)),
  `version` tinyint(3) unsigned DEFAULT 1,
  `is_active` tinyint(1) DEFAULT 1,
  `requires_approval` tinyint(1) DEFAULT 0,
  `letterhead_id` int(10) unsigned DEFAULT NULL,
  `signature_ids` longtext CHARACTER SET utf8mb4 COLLATE utf8mb4_bin DEFAULT NULL CHECK (json_valid(`signature_ids`)),
  `stamp_id` int(10) unsigned DEFAULT NULL,
  `watermark_id` int(10) unsigned DEFAULT NULL,
  `created_by` int(10) unsigned DEFAULT NULL,
  `updated_by` int(10) unsigned DEFAULT NULL,
  `created_at` timestamp NOT NULL DEFAULT current_timestamp(),
  `updated_at` timestamp NOT NULL DEFAULT current_timestamp() ON UPDATE current_timestamp(),
  `show_letterhead` tinyint(1) DEFAULT 0,
  `show_signature` tinyint(1) DEFAULT 0,
  `show_stamp` tinyint(1) DEFAULT 0,
  `show_watermark` tinyint(1) DEFAULT 0,
  `show_qr_code` tinyint(1) DEFAULT 0,
  `show_doc_number` tinyint(1) DEFAULT 0,
  `show_page_number` tinyint(1) DEFAULT 0,
  `show_header` tinyint(1) DEFAULT 1,
  `show_footer` tinyint(1) DEFAULT 1,
  PRIMARY KEY (`id`),
  UNIQUE KEY `slug` (`slug`),
  KEY `category_id` (`category_id`),
  CONSTRAINT `doc_templates_ibfk_1` FOREIGN KEY (`category_id`) REFERENCES `doc_categories` (`id`)
) ENGINE=InnoDB AUTO_INCREMENT=48 DEFAULT CHARSET=utf8mb4 COLLATE=utf8mb4_unicode_ci;
/*!40101 SET character_set_client = @saved_cs_client */;

--
-- Dumping data for table `doc_templates`
--

LOCK TABLES `doc_templates` WRITE;
/*!40000 ALTER TABLE `doc_templates` DISABLE KEYS */;
INSERT INTO `doc_templates` VALUES (1,1,'Employment Offer Letter','offer_letter','Standard employment offer letter to new candidates','<div style=\"font-family:Georgia,serif;max-width:700px;margin:0 auto;\">\n<div style=\"text-align:right;margin-bottom:32px;\">\n<strong>{{company.name}}</strong><br>{{company.address}}<br>{{company.phone}}<br>{{company.email}}\n</div>\n<p style=\"margin-bottom:24px;\">{{date.today}}</p>\n<p><strong>{{employee.full_name}}</strong></p>\n<p style=\"margin-bottom:24px;\">Dear {{employee.preferred_name}},</p>\n<h2 style=\"font-size:1.1rem;margin-bottom:16px;text-decoration:underline;\">LETTER OF APPOINTMENT</h2>\n<p>We are pleased to offer you a position as <strong>{{employee.position}}</strong> in our <strong>{{employee.department}}</strong> Department at {{company.name}}.</p>\n<p style=\"margin-top:16px;\"><strong>Terms and Conditions:</strong></p>\n<table style=\"width:100%;border-collapse:collapse;margin:16px 0;\">\n<tr><td style=\"padding:6px 0;width:220px;color:#555;\">Start Date:</td><td><strong>{{employee.start_date}}</strong></td></tr>\n<tr><td style=\"padding:6px 0;color:#555;\">Employment Type:</td><td><strong>{{employee.type}}</strong></td></tr>\n<tr><td style=\"padding:6px 0;color:#555;\">Department:</td><td><strong>{{employee.department}}</strong></td></tr>\n<tr><td style=\"padding:6px 0;color:#555;\">Position:</td><td><strong>{{employee.position}}</strong></td></tr>\n<tr><td style=\"padding:6px 0;color:#555;\">Work Location:</td><td><strong>{{employee.work_location}}</strong></td></tr>\n<tr><td style=\"padding:6px 0;color:#555;\">Gross Monthly Salary:</td><td><strong>{{employee.salary_gross}}</strong></td></tr>\n<tr><td style=\"padding:6px 0;color:#555;\">Reporting To:</td><td><strong>{{employee.supervisor}}</strong></td></tr>\n</table>\n<p>This offer is contingent upon the successful completion of all pre-employment checks including reference verification and document verification.</p>\n<p style=\"margin-top:16px;\">Please sign and return a copy of this letter by <strong>{{date.today}}</strong> to confirm your acceptance.</p>\n<p style=\"margin-top:32px;\">Yours sincerely,</p>\n<div style=\"margin-top:48px;border-top:1px solid #333;width:200px;padding-top:8px;font-size:0.85rem;\">Human Resources<br>{{company.name}}</div>\n<div style=\"margin-top:48px;border-top:1px solid #333;width:200px;padding-top:8px;font-size:0.85rem;\">\nI accept this offer: <strong>{{employee.full_name}}</strong><br>Date: _______________\n</div>\n</div>','[\"company.name\",\"company.address\",\"company.phone\",\"company.email\",\"employee.full_name\",\"employee.preferred_name\",\"employee.position\",\"employee.department\",\"employee.start_date\",\"employee.type\",\"employee.work_location\",\"employee.salary_gross\",\"employee.supervisor\",\"date.today\"]',1,1,0,NULL,NULL,NULL,NULL,1,NULL,'2026-06-24 13:24:21','2026-06-24 13:24:21',0,0,0,0,0,0,0,1,1),(2,1,'Appointment Confirmation Letter','appointment_confirmation','Confirms permanent appointment after probation','<div style=\"font-family:Georgia,serif;max-width:700px;margin:0 auto;\">\n<div style=\"text-align:right;margin-bottom:32px;\"><strong>{{company.name}}</strong><br>{{date.today}}</div>\n<p><strong>{{employee.full_name}}</strong><br>{{employee.number}}</p>\n<p style=\"margin:24px 0;\">Dear {{employee.preferred_name}},</p>\n<h2 style=\"font-size:1rem;text-decoration:underline;\">CONFIRMATION OF PERMANENT APPOINTMENT</h2>\n<p style=\"margin-top:16px;\">We are pleased to confirm your permanent appointment as <strong>{{employee.position}}</strong> in the <strong>{{employee.department}}</strong> Department with effect from {{date.today}}.</p>\n<p style=\"margin-top:16px;\">Having successfully completed your probationary period, your employment terms remain as per your original letter of appointment. Your revised employment status is <strong>Permanent Employee</strong>.</p>\n<p style=\"margin-top:16px;\">We congratulate you on this achievement and look forward to your continued contribution to {{company.name}}.</p>\n<p style=\"margin-top:32px;\">Yours faithfully,</p>\n<div style=\"margin-top:48px;border-top:1px solid #333;width:200px;padding-top:8px;font-size:0.85rem;\">Human Resources<br>{{company.name}}</div>\n</div>','[\"company.name\",\"employee.full_name\",\"employee.preferred_name\",\"employee.number\",\"employee.position\",\"employee.department\",\"date.today\"]',1,1,0,NULL,NULL,NULL,NULL,1,NULL,'2026-06-24 13:24:21','2026-06-24 13:24:21',0,0,0,0,0,0,0,1,1),(3,1,'Contract Renewal Letter','contract_renewal','Renews a fixed-term employment contract','<div style=\"font-family:Georgia,serif;max-width:700px;margin:0 auto;\">\n<div style=\"text-align:right;margin-bottom:32px;\"><strong>{{company.name}}</strong><br>{{date.today}}</div>\n<p><strong>{{employee.full_name}}</strong><br>Employee No: {{employee.number}}</p>\n<p style=\"margin:24px 0;\">Dear {{employee.preferred_name}},</p>\n<h2 style=\"font-size:1rem;text-decoration:underline;\">CONTRACT RENEWAL ??? {{employee.position}}</h2>\n<p style=\"margin-top:16px;\">This letter serves to inform you that your fixed-term contract as <strong>{{employee.position}}</strong> has been renewed effective <strong>{{date.today}}</strong>.</p>\n<p>Your revised terms are as follows:</p>\n<table style=\"width:100%;border-collapse:collapse;margin:12px 0;\">\n<tr><td style=\"padding:5px 0;width:200px;color:#555;\">Position:</td><td><strong>{{employee.position}}</strong></td></tr>\n<tr><td style=\"padding:5px 0;color:#555;\">Department:</td><td><strong>{{employee.department}}</strong></td></tr>\n<tr><td style=\"padding:5px 0;color:#555;\">Gross Salary:</td><td><strong>{{employee.salary_gross}}</strong></td></tr>\n<tr><td style=\"padding:5px 0;color:#555;\">Renewal Date:</td><td><strong>{{date.today}}</strong></td></tr>\n</table>\n<p>All other terms and conditions of your original contract remain unchanged. Please sign below to acknowledge receipt and acceptance.</p>\n<p style=\"margin-top:32px;\">Yours sincerely,</p>\n<div style=\"margin-top:48px;border-top:1px solid #333;width:200px;padding-top:8px;font-size:0.85rem;\">Human Resources<br>{{company.name}}</div>\n<div style=\"margin-top:40px;border-top:1px solid #333;width:220px;padding-top:8px;font-size:0.85rem;\">Signature: _______________<br>Date: _______________</div>\n</div>','[\"company.name\",\"employee.full_name\",\"employee.preferred_name\",\"employee.number\",\"employee.position\",\"employee.department\",\"employee.salary_gross\",\"date.today\"]',1,1,0,NULL,NULL,NULL,NULL,1,NULL,'2026-06-24 13:24:21','2026-06-24 13:24:21',0,0,0,0,0,0,0,1,1),(4,1,'Probation Extension Letter','probation_extension','Extends an employee probationary period','<div style=\"font-family:Georgia,serif;max-width:700px;margin:0 auto;\">\n<div style=\"text-align:right;margin-bottom:32px;\"><strong>{{company.name}}</strong><br>{{date.today}}</div>\n<p><strong>{{employee.full_name}}</strong><br>Employee No: {{employee.number}}</p>\n<p style=\"margin:24px 0;\">Dear {{employee.preferred_name}},</p>\n<h2 style=\"font-size:1rem;text-decoration:underline;\">EXTENSION OF PROBATIONARY PERIOD</h2>\n<p style=\"margin-top:16px;\">Please be advised that your probationary period as <strong>{{employee.position}}</strong> has been extended with effect from <strong>{{date.today}}</strong>.</p>\n<p style=\"margin-top:12px;\">This extension is to allow adequate time to assess your performance and suitability for permanent appointment. During this extended period, you will receive additional support and guidance from {{employee.supervisor}}.</p>\n<p style=\"margin-top:12px;\">A formal review will be conducted at the end of the extension period. We trust you will use this time to demonstrate your full capabilities.</p>\n<p style=\"margin-top:32px;\">Yours sincerely,</p>\n<div style=\"margin-top:48px;border-top:1px solid #333;width:200px;padding-top:8px;font-size:0.85rem;\">Human Resources<br>{{company.name}}</div>\n</div>','[\"company.name\",\"employee.full_name\",\"employee.preferred_name\",\"employee.number\",\"employee.position\",\"employee.supervisor\",\"date.today\"]',1,1,0,NULL,NULL,NULL,NULL,1,NULL,'2026-06-24 13:24:21','2026-06-24 13:24:21',0,0,0,0,0,0,0,1,1),(5,1,'Promotion Letter','promotion_letter','Formal promotion announcement letter','<div style=\"font-family:Georgia,serif;max-width:700px;margin:0 auto;\">\n<div style=\"text-align:right;margin-bottom:32px;\"><strong>{{company.name}}</strong><br>{{date.today}}</div>\n<p><strong>{{employee.full_name}}</strong><br>Employee No: {{employee.number}}</p>\n<p style=\"margin:24px 0;\">Dear {{employee.preferred_name}},</p>\n<h2 style=\"font-size:1rem;text-decoration:underline;\">LETTER OF PROMOTION</h2>\n<p style=\"margin-top:16px;\">It is with great pleasure that we inform you of your promotion to the position of <strong>{{employee.position}}</strong> within the <strong>{{employee.department}}</strong> Department, effective <strong>{{date.today}}</strong>.</p>\n<p style=\"margin-top:12px;\">Your revised remuneration will be <strong>{{employee.salary_gross}}</strong> per month gross. All other benefits and conditions of employment remain as per your current contract.</p>\n<p style=\"margin-top:12px;\">This promotion is in recognition of your outstanding performance, dedication, and contribution to {{company.name}}. We have every confidence in your ability to excel in your new role.</p>\n<p style=\"margin-top:32px;\">Congratulations and we wish you continued success.</p>\n<p style=\"margin-top:16px;\">Yours sincerely,</p>\n<div style=\"margin-top:48px;border-top:1px solid #333;width:200px;padding-top:8px;font-size:0.85rem;\">Human Resources<br>{{company.name}}</div>\n</div>','[\"company.name\",\"employee.full_name\",\"employee.preferred_name\",\"employee.number\",\"employee.position\",\"employee.department\",\"employee.salary_gross\",\"date.today\"]',1,1,0,NULL,NULL,NULL,NULL,1,NULL,'2026-06-24 13:24:21','2026-06-24 13:24:21',0,0,0,0,0,0,0,1,1),(6,1,'Salary Increase Letter','salary_increase','Notifies employee of a salary increase','<div style=\"font-family:Georgia,serif;max-width:700px;margin:0 auto;\">\n<div style=\"text-align:right;margin-bottom:32px;\"><strong>{{company.name}}</strong><br>{{date.today}}</div>\n<p><strong>{{employee.full_name}}</strong><br>Employee No: {{employee.number}}</p>\n<p style=\"margin:24px 0;\">Dear {{employee.preferred_name}},</p>\n<h2 style=\"font-size:1rem;text-decoration:underline;\">SALARY ADJUSTMENT NOTIFICATION</h2>\n<p style=\"margin-top:16px;\">Following the annual salary review, we are pleased to inform you that your salary has been adjusted with effect from <strong>{{date.today}}</strong>.</p>\n<table style=\"width:100%;border-collapse:collapse;margin:12px 0;\">\n<tr><td style=\"padding:5px 0;width:200px;color:#555;\">Position:</td><td><strong>{{employee.position}}</strong></td></tr>\n<tr><td style=\"padding:5px 0;color:#555;\">New Gross Salary:</td><td><strong>{{employee.salary_gross}}</strong></td></tr>\n<tr><td style=\"padding:5px 0;color:#555;\">Effective Date:</td><td><strong>{{date.today}}</strong></td></tr>\n</table>\n<p>This adjustment is in recognition of your performance and contribution to the organisation. All other terms of your employment remain unchanged.</p>\n<p style=\"margin-top:32px;\">Yours sincerely,</p>\n<div style=\"margin-top:48px;border-top:1px solid #333;width:200px;padding-top:8px;font-size:0.85rem;\">Human Resources<br>{{company.name}}</div>\n</div>','[\"company.name\",\"employee.full_name\",\"employee.preferred_name\",\"employee.number\",\"employee.position\",\"employee.salary_gross\",\"date.today\"]',1,1,0,NULL,NULL,NULL,NULL,1,NULL,'2026-06-24 13:24:21','2026-06-24 13:24:21',0,0,0,0,0,0,0,1,1),(7,1,'Transfer Letter','transfer_letter','Notifies employee of an internal transfer','<div style=\"font-family:Georgia,serif;max-width:700px;margin:0 auto;\">\n<div style=\"text-align:right;margin-bottom:32px;\"><strong>{{company.name}}</strong><br>{{date.today}}</div>\n<p><strong>{{employee.full_name}}</strong><br>Employee No: {{employee.number}}</p>\n<p style=\"margin:24px 0;\">Dear {{employee.preferred_name}},</p>\n<h2 style=\"font-size:1rem;text-decoration:underline;\">LETTER OF TRANSFER</h2>\n<p style=\"margin-top:16px;\">This letter serves to formally advise you that with effect from <strong>{{date.today}}</strong>, you will be transferred to the <strong>{{employee.department}}</strong> Department, based at <strong>{{employee.work_location}}</strong>.</p>\n<p style=\"margin-top:12px;\">Your position title will remain <strong>{{employee.position}}</strong>. Your remuneration and other employment benefits remain unchanged.</p>\n<p style=\"margin-top:12px;\">We trust this transfer will further develop your skills and we look forward to your continued contribution.</p>\n<p style=\"margin-top:32px;\">Yours sincerely,</p>\n<div style=\"margin-top:48px;border-top:1px solid #333;width:200px;padding-top:8px;font-size:0.85rem;\">Human Resources<br>{{company.name}}</div>\n</div>','[\"company.name\",\"employee.full_name\",\"employee.preferred_name\",\"employee.number\",\"employee.position\",\"employee.department\",\"employee.work_location\",\"date.today\"]',1,1,0,NULL,NULL,NULL,NULL,1,NULL,'2026-06-24 13:24:21','2026-06-24 13:24:21',0,0,0,0,0,0,0,1,1),(8,1,'Maternity Leave Approval Letter','maternity_approval','Formal maternity leave approval notification','<div style=\"font-family:Georgia,serif;max-width:700px;margin:0 auto;\">\n<div style=\"text-align:right;margin-bottom:32px;\"><strong>{{company.name}}</strong><br>{{date.today}}</div>\n<p><strong>{{employee.full_name}}</strong><br>Employee No: {{employee.number}}</p>\n<p style=\"margin:24px 0;\">Dear {{employee.preferred_name}},</p>\n<h2 style=\"font-size:1rem;text-decoration:underline;\">MATERNITY LEAVE APPROVAL</h2>\n<p style=\"margin-top:16px;\">We acknowledge receipt of your application for maternity leave and are pleased to confirm approval in accordance with applicable labour legislation and company policy.</p>\n<p style=\"margin-top:12px;\">Your maternity leave will be granted as requested and in compliance with the relevant statutory provisions. Please ensure that you submit all required medical documentation to the Human Resources Department prior to your departure.</p>\n<p style=\"margin-top:12px;\">We wish you a safe and healthy delivery and look forward to welcoming you back upon your return.</p>\n<p style=\"margin-top:32px;\">Yours sincerely,</p>\n<div style=\"margin-top:48px;border-top:1px solid #333;width:200px;padding-top:8px;font-size:0.85rem;\">Human Resources<br>{{company.name}}</div>\n</div>','[\"company.name\",\"employee.full_name\",\"employee.preferred_name\",\"employee.number\",\"date.today\"]',1,1,0,NULL,NULL,NULL,NULL,1,NULL,'2026-06-24 13:24:21','2026-06-24 13:24:21',0,0,0,0,0,0,0,1,1),(9,1,'Remote Work Agreement','remote_work_agreement','Formalises a work-from-home arrangement','<div style=\"font-family:Georgia,serif;max-width:700px;margin:0 auto;\">\n<div style=\"text-align:right;margin-bottom:32px;\"><strong>{{company.name}}</strong><br>{{date.today}}</div>\n<p><strong>{{employee.full_name}}</strong><br>Employee No: {{employee.number}}</p>\n<p style=\"margin:24px 0;\">Dear {{employee.preferred_name}},</p>\n<h2 style=\"font-size:1rem;text-decoration:underline;\">REMOTE WORK ARRANGEMENT AGREEMENT</h2>\n<p style=\"margin-top:16px;\">This letter confirms the approval of a remote work arrangement for <strong>{{employee.full_name}}</strong>, <strong>{{employee.position}}</strong>, effective <strong>{{date.today}}</strong>.</p>\n<p style=\"margin-top:12px;\"><strong>Terms of the arrangement:</strong></p>\n<ul style=\"margin:12px 0;padding-left:24px;\">\n<li>The employee agrees to maintain regular working hours as per their employment contract.</li>\n<li>The employee remains responsible for all deliverables and performance targets.</li>\n<li>The employee must be reachable during core working hours.</li>\n<li>Company equipment and data must be protected in accordance with the ICT Policy.</li>\n<li>This arrangement may be reviewed or revoked by management with reasonable notice.</li>\n</ul>\n<p>Both parties agree to the above terms by signing below.</p>\n<div style=\"display:grid;grid-template-columns:1fr 1fr;gap:32px;margin-top:48px;\">\n<div><div style=\"border-top:1px solid #333;padding-top:8px;font-size:0.85rem;\">Employee Signature<br>{{employee.full_name}}<br>Date: ___________</div></div>\n<div><div style=\"border-top:1px solid #333;padding-top:8px;font-size:0.85rem;\">HR Manager<br>{{company.name}}<br>Date: ___________</div></div>\n</div>\n</div>','[\"company.name\",\"employee.full_name\",\"employee.preferred_name\",\"employee.number\",\"employee.position\",\"date.today\"]',1,1,0,NULL,NULL,NULL,NULL,1,NULL,'2026-06-24 13:24:21','2026-06-24 13:24:21',0,0,0,0,0,0,0,1,1),(10,1,'Job Description Letter','job_description_letter','Documents an employee s formal job description','<div style=\"font-family:Georgia,serif;max-width:700px;margin:0 auto;\">\n<div style=\"margin-bottom:24px;\"><strong>{{company.name}}</strong> | Job Description</div>\n<h2 style=\"font-size:1.1rem;margin-bottom:4px;\">{{employee.position}}</h2>\n<p style=\"color:#555;margin-bottom:24px;\">Department: {{employee.department}} | Location: {{employee.work_location}} | Reports to: {{employee.supervisor}}</p>\n<p><strong>Employee:</strong> {{employee.full_name}} ({{employee.number}})</p>\n<p style=\"margin-top:16px;\"><strong>Purpose of Role:</strong></p>\n<p>[Describe the primary purpose and objective of this role in context of the department and company strategy.]</p>\n<p style=\"margin-top:16px;\"><strong>Key Responsibilities:</strong></p>\n<ol style=\"padding-left:24px;margin-top:8px;\">\n<li>Perform duties as assigned by {{employee.supervisor}} in the {{employee.department}} Department.</li>\n<li>Meet performance targets and quality standards set for this position.</li>\n<li>Comply with all company policies, procedures, and workplace health and safety requirements.</li>\n<li>Maintain professional conduct and represent {{company.name}} values at all times.</li>\n<li>[Additional responsibilities specific to this role.]</li>\n</ol>\n<p style=\"margin-top:16px;\"><strong>Minimum Requirements:</strong></p>\n<ul style=\"padding-left:24px;margin-top:8px;\">\n<li>Relevant qualifications as per company standards.</li>\n<li>Demonstrated competence in core role functions.</li>\n</ul>\n<p style=\"margin-top:24px;font-size:0.85rem;color:#555;\">Issued: {{date.today}}</p>\n</div>','[\"company.name\",\"employee.full_name\",\"employee.number\",\"employee.position\",\"employee.department\",\"employee.work_location\",\"employee.supervisor\",\"date.today\"]',1,1,0,NULL,NULL,NULL,NULL,1,NULL,'2026-06-24 13:24:21','2026-06-24 13:24:21',0,0,0,0,0,0,0,1,1),(11,3,'Employment Confirmation Certificate','employment_confirmation_cert','Confirms current employment status','<div style=\"font-family:Georgia,serif;max-width:700px;margin:0 auto;text-align:center;\">\n<p style=\"margin-bottom:4px;\"><strong>{{company.name}}</strong></p>\n<p style=\"font-size:0.85rem;color:#555;margin-bottom:32px;\">{{company.address}} | {{company.phone}}</p>\n<h1 style=\"font-size:1.4rem;letter-spacing:.1em;text-transform:uppercase;margin-bottom:4px;\">CERTIFICATE OF EMPLOYMENT</h1>\n<div style=\"width:80px;height:3px;background:#1D4ED8;margin:0 auto 32px;\"></div>\n<p style=\"font-size:1rem;margin-bottom:8px;\">This is to certify that</p>\n<p style=\"font-size:1.4rem;font-weight:700;margin-bottom:8px;\">{{employee.full_name}}</p>\n<p style=\"color:#555;margin-bottom:24px;\">Employee Number: {{employee.number}}</p>\n<p style=\"max-width:500px;margin:0 auto;line-height:1.8;\">is currently employed by <strong>{{company.name}}</strong> as a <strong>{{employee.position}}</strong> in the <strong>{{employee.department}}</strong> Department, on a <strong>{{employee.type}}</strong> basis, with effect from <strong>{{employee.start_date}}</strong>.</p>\n<p style=\"margin-top:24px;\">This certificate is issued at the request of the employee for purposes known to them.</p>\n<div style=\"margin-top:64px;display:inline-block;text-align:left;min-width:220px;\">\n<div style=\"border-top:1px solid #333;padding-top:8px;font-size:0.85rem;\">Authorised Signature<br>Human Resources<br>{{company.name}}<br>Date: {{date.today}}</div>\n</div>\n</div>','[\"company.name\",\"company.address\",\"company.phone\",\"employee.full_name\",\"employee.number\",\"employee.position\",\"employee.department\",\"employee.type\",\"employee.start_date\",\"date.today\"]',1,1,0,NULL,NULL,NULL,NULL,1,NULL,'2026-06-24 13:24:21','2026-06-24 13:24:21',0,0,0,0,0,0,0,1,1),(12,3,'Salary Certificate','salary_certificate','Confirms employee salary for external use','<div style=\"font-family:Georgia,serif;max-width:700px;margin:0 auto;text-align:center;\">\n<p style=\"margin-bottom:4px;\"><strong>{{company.name}}</strong></p>\n<p style=\"font-size:0.85rem;color:#555;margin-bottom:32px;\">{{company.address}}</p>\n<h1 style=\"font-size:1.3rem;letter-spacing:.1em;text-transform:uppercase;margin-bottom:4px;\">SALARY CERTIFICATE</h1>\n<div style=\"width:60px;height:3px;background:#1D4ED8;margin:0 auto 32px;\"></div>\n<p>This is to certify that</p>\n<p style=\"font-size:1.3rem;font-weight:700;margin:8px 0;\">{{employee.full_name}}</p>\n<p style=\"color:#555;margin-bottom:20px;\">Employee Number: {{employee.number}}</p>\n<p style=\"max-width:520px;margin:0 auto;line-height:1.8;\">is a <strong>{{employee.type}}</strong> employee of {{company.name}} holding the position of <strong>{{employee.position}}</strong> in the <strong>{{employee.department}}</strong> Department. The employee draws a gross monthly salary of <strong>{{employee.salary_gross}}</strong> and a net monthly salary of <strong>{{employee.salary_net}}</strong>.</p>\n<p style=\"margin-top:16px;\">This certificate is issued upon the request of the employee and is for information purposes only.</p>\n<div style=\"margin-top:64px;display:inline-block;text-align:left;min-width:220px;\">\n<div style=\"border-top:1px solid #333;padding-top:8px;font-size:0.85rem;\">Authorised Signature<br>Human Resources / Payroll<br>{{company.name}}<br>Date: {{date.today}}</div>\n</div>\n</div>','[\"company.name\",\"company.address\",\"employee.full_name\",\"employee.number\",\"employee.position\",\"employee.department\",\"employee.type\",\"employee.salary_gross\",\"employee.salary_net\",\"date.today\"]',1,1,0,NULL,NULL,NULL,NULL,1,NULL,'2026-06-24 13:24:21','2026-06-24 13:24:21',0,0,0,0,0,0,0,1,1),(13,3,'Experience Letter','experience_letter','Issued to departing employee confirming work experience','<div style=\"font-family:Georgia,serif;max-width:700px;margin:0 auto;\">\n<div style=\"text-align:right;margin-bottom:32px;\"><strong>{{company.name}}</strong><br>{{company.address}}<br>{{date.today}}</div>\n<p style=\"margin-bottom:8px;\">TO WHOM IT MAY CONCERN</p>\n<h2 style=\"font-size:1rem;text-decoration:underline;margin-bottom:16px;\">EXPERIENCE LETTER</h2>\n<p>This is to certify that <strong>{{employee.full_name}}</strong> (Employee No: {{employee.number}}) was employed at <strong>{{company.name}}</strong> as <strong>{{employee.position}}</strong> in the <strong>{{employee.department}}</strong> Department from <strong>{{employee.start_date}}</strong>.</p>\n<p style=\"margin-top:16px;\">During the period of employment, {{employee.preferred_name}} demonstrated professionalism, dedication and competence in all assigned duties. We found the employee to be reliable, hardworking and a valuable member of our team.</p>\n<p style=\"margin-top:16px;\">We wish {{employee.preferred_name}} every success in future endeavours.</p>\n<p style=\"margin-top:32px;\">Yours faithfully,</p>\n<div style=\"margin-top:48px;border-top:1px solid #333;width:200px;padding-top:8px;font-size:0.85rem;\">Human Resources<br>{{company.name}}</div>\n</div>','[\"company.name\",\"company.address\",\"employee.full_name\",\"employee.preferred_name\",\"employee.number\",\"employee.position\",\"employee.department\",\"employee.start_date\",\"date.today\"]',1,1,0,NULL,NULL,NULL,NULL,1,NULL,'2026-06-24 13:24:21','2026-06-24 13:24:21',0,0,0,0,0,0,0,1,1),(14,3,'Reference Letter','reference_letter','Professional reference letter for a departing employee','<div style=\"font-family:Georgia,serif;max-width:700px;margin:0 auto;\">\n<div style=\"text-align:right;margin-bottom:32px;\"><strong>{{company.name}}</strong><br>{{date.today}}</div>\n<p>To Whom It May Concern,</p>\n<h2 style=\"font-size:1rem;text-decoration:underline;margin:16px 0;\">LETTER OF REFERENCE ??? {{employee.full_name}}</h2>\n<p>I am pleased to provide this reference letter for <strong>{{employee.full_name}}</strong> who served as <strong>{{employee.position}}</strong> at {{company.name}} in the {{employee.department}} Department.</p>\n<p style=\"margin-top:12px;\">{{employee.preferred_name}} joined our organisation on <strong>{{employee.start_date}}</strong> and consistently demonstrated a high level of professionalism, competence and commitment throughout the duration of employment.</p>\n<p style=\"margin-top:12px;\">Key attributes observed include:</p>\n<ul style=\"padding-left:24px;margin-top:8px;\">\n<li>Strong work ethic and reliability</li>\n<li>Ability to work independently and as part of a team</li>\n<li>Excellent communication and interpersonal skills</li>\n<li>Commitment to quality and meeting deadlines</li>\n</ul>\n<p style=\"margin-top:12px;\">I have no hesitation in recommending {{employee.preferred_name}} and am confident they will be a valuable addition to any organisation. For any further enquiries please contact us at {{company.email}}.</p>\n<p style=\"margin-top:32px;\">Yours sincerely,</p>\n<div style=\"margin-top:48px;border-top:1px solid #333;width:200px;padding-top:8px;font-size:0.85rem;\">Human Resources<br>{{company.name}}</div>\n</div>','[\"company.name\",\"company.email\",\"employee.full_name\",\"employee.preferred_name\",\"employee.position\",\"employee.department\",\"employee.start_date\",\"date.today\"]',1,1,0,NULL,NULL,NULL,NULL,1,NULL,'2026-06-24 13:24:21','2026-06-24 13:24:21',0,0,0,0,0,0,0,1,1),(15,3,'Training Completion Certificate','training_completion_cert','Certificate awarded on completion of training','<div style=\"font-family:Georgia,serif;max-width:700px;margin:0 auto;text-align:center;border:3px solid #1D4ED8;padding:48px;\">\n<p style=\"font-size:0.85rem;letter-spacing:.1em;text-transform:uppercase;color:#1D4ED8;margin-bottom:8px;\">{{company.name}}</p>\n<h1 style=\"font-size:1.6rem;letter-spacing:.05em;text-transform:uppercase;margin-bottom:4px;\">Certificate of Completion</h1>\n<div style=\"width:100px;height:3px;background:#1D4ED8;margin:12px auto 24px;\"></div>\n<p style=\"font-size:1rem;color:#555;\">This is to certify that</p>\n<p style=\"font-size:1.6rem;font-weight:700;font-style:italic;margin:12px 0;\">{{employee.full_name}}</p>\n<p style=\"color:#555;margin-bottom:20px;\">{{employee.position}} | {{employee.department}}</p>\n<p style=\"font-size:1rem;color:#555;\">has successfully completed the training programme</p>\n<p style=\"font-size:1.2rem;font-weight:600;margin:12px 0;\">[Training Programme Name]</p>\n<p style=\"font-size:0.9rem;color:#555;\">Conducted on {{date.today}}</p>\n<div style=\"margin-top:48px;display:grid;grid-template-columns:1fr 1fr;gap:32px;text-align:left;\">\n<div style=\"border-top:1px solid #333;padding-top:8px;font-size:0.85rem;\">Trainer Signature<br>Date: {{date.today}}</div>\n<div style=\"border-top:1px solid #333;padding-top:8px;font-size:0.85rem;\">HR Manager<br>{{company.name}}</div>\n</div>\n</div>','[\"company.name\",\"employee.full_name\",\"employee.position\",\"employee.department\",\"date.today\"]',1,1,0,NULL,NULL,NULL,NULL,1,NULL,'2026-06-24 13:24:21','2026-06-24 13:24:21',0,0,0,0,0,0,0,1,1),(16,3,'Long Service Award Letter','long_service_award','Recognises employee for long service milestone','<div style=\"font-family:Georgia,serif;max-width:700px;margin:0 auto;text-align:center;\">\n<div style=\"margin-bottom:24px;\"><strong>{{company.name}}</strong></div>\n<h1 style=\"font-size:1.3rem;letter-spacing:.05em;\">LONG SERVICE RECOGNITION</h1>\n<div style=\"width:80px;height:3px;background:gold;margin:12px auto 32px;\"></div>\n<p>We are proud to honour</p>\n<p style=\"font-size:1.5rem;font-weight:700;margin:8px 0;\">{{employee.full_name}}</p>\n<p style=\"color:#555;\">{{employee.position}} | {{employee.department}}</p>\n<p style=\"margin:24px auto;max-width:500px;line-height:1.8;\">\nIn grateful recognition of <strong>[X] years</strong> of loyal, dedicated and outstanding service to {{company.name}} since <strong>{{employee.start_date}}</strong>.\n</p>\n<p>Your commitment, professionalism and contributions have made a lasting impact on our organisation.</p>\n<p style=\"margin-top:32px;font-size:1.1rem;font-style:italic;color:#1D4ED8;\">Thank you for your dedication.</p>\n<div style=\"margin-top:48px;display:inline-block;text-align:left;min-width:200px;\">\n<div style=\"border-top:1px solid #333;padding-top:8px;font-size:0.85rem;\">Managing Director / CEO<br>{{company.name}}<br>{{date.today}}</div>\n</div>\n</div>','[\"company.name\",\"employee.full_name\",\"employee.position\",\"employee.department\",\"employee.start_date\",\"date.today\"]',1,1,0,NULL,NULL,NULL,NULL,1,NULL,'2026-06-24 13:24:21','2026-06-24 13:24:21',0,0,0,0,0,0,0,1,1),(17,3,'Performance Award Letter','performance_award','Recognises exceptional employee performance','<div style=\"font-family:Georgia,serif;max-width:700px;margin:0 auto;\">\n<div style=\"text-align:right;margin-bottom:32px;\"><strong>{{company.name}}</strong><br>{{date.today}}</div>\n<p><strong>{{employee.full_name}}</strong><br>{{employee.position}}</p>\n<p style=\"margin:24px 0;\">Dear {{employee.preferred_name}},</p>\n<h2 style=\"font-size:1rem;text-decoration:underline;\">RECOGNITION OF OUTSTANDING PERFORMANCE</h2>\n<p style=\"margin-top:16px;\">On behalf of {{company.name}}, it is my privilege to formally recognise and commend you for your exceptional performance during {{date.month}}.</p>\n<p style=\"margin-top:12px;\">Your dedication, initiative and the high quality of your work have not gone unnoticed. You have consistently exceeded expectations and serve as an inspiration to your colleagues.</p>\n<p style=\"margin-top:12px;\">We are proud to have you as part of the {{employee.department}} team and look forward to your continued excellence.</p>\n<p style=\"margin-top:32px;\">Congratulations and well done!</p>\n<p style=\"margin-top:16px;\">Yours sincerely,</p>\n<div style=\"margin-top:48px;border-top:1px solid #333;width:200px;padding-top:8px;font-size:0.85rem;\">Human Resources<br>{{company.name}}</div>\n</div>','[\"company.name\",\"employee.full_name\",\"employee.preferred_name\",\"employee.position\",\"employee.department\",\"date.today\",\"date.month\"]',1,1,0,NULL,NULL,NULL,NULL,1,NULL,'2026-06-24 13:24:21','2026-06-24 13:24:21',0,0,0,0,0,0,0,1,1),(18,3,'Skills Assessment Certificate','skills_assessment_cert','Documents completion of a skills assessment','<div style=\"font-family:Georgia,serif;max-width:700px;margin:0 auto;text-align:center;border:2px solid #334155;padding:40px;\">\n<p style=\"font-size:0.8rem;letter-spacing:.1em;text-transform:uppercase;color:#555;margin-bottom:8px;\">{{company.name}}</p>\n<h1 style=\"font-size:1.3rem;\">SKILLS ASSESSMENT CERTIFICATE</h1>\n<div style=\"width:60px;height:2px;background:#334155;margin:12px auto 24px;\"></div>\n<p>This certifies that</p>\n<p style=\"font-size:1.4rem;font-weight:700;margin:8px 0;\">{{employee.full_name}}</p>\n<p style=\"color:#555;margin-bottom:16px;\">{{employee.position}} | Employee No: {{employee.number}}</p>\n<p>has been assessed and has demonstrated competency in</p>\n<p style=\"font-size:1.1rem;font-weight:600;margin:12px 0;\">[Assessment Name / Skill Area]</p>\n<p style=\"font-size:0.9rem;color:#555;\">Assessed on: {{date.today}}</p>\n<div style=\"margin-top:48px;display:grid;grid-template-columns:1fr 1fr;gap:32px;text-align:left;\">\n<div style=\"border-top:1px solid #333;padding-top:8px;font-size:0.85rem;\">Assessor Signature<br>Date: {{date.today}}</div>\n<div style=\"border-top:1px solid #333;padding-top:8px;font-size:0.85rem;\">HR Manager<br>{{company.name}}</div>\n</div>\n</div>','[\"company.name\",\"employee.full_name\",\"employee.number\",\"employee.position\",\"date.today\"]',1,1,0,NULL,NULL,NULL,NULL,1,NULL,'2026-06-24 13:24:21','2026-06-24 13:24:21',0,0,0,0,0,0,0,1,1),(19,2,'First Written Warning','first_written_warning','First formal disciplinary warning letter','<div style=\"font-family:Georgia,serif;max-width:700px;margin:0 auto;\">\n<div style=\"text-align:right;margin-bottom:32px;\"><strong>{{company.name}}</strong><br>{{date.today}}</div>\n<p><strong>PRIVATE AND CONFIDENTIAL</strong></p>\n<p style=\"margin-top:8px;\"><strong>{{employee.full_name}}</strong><br>Employee No: {{employee.number}}<br>{{employee.position}} | {{employee.department}}</p>\n<p style=\"margin:24px 0;\">Dear {{employee.preferred_name}},</p>\n<h2 style=\"font-size:1rem;text-decoration:underline;\">FIRST WRITTEN WARNING</h2>\n<p style=\"margin-top:16px;\">Following the disciplinary hearing held on {{date.today}}, this letter serves as a formal <strong>First Written Warning</strong> regarding [nature of misconduct/poor performance].</p>\n<p style=\"margin-top:12px;\"><strong>Summary of Findings:</strong><br>\n[Detail the specific issue, incidents, dates and circumstances that led to this warning.]</p>\n<p style=\"margin-top:12px;\"><strong>Expected Improvement:</strong><br>\n[Specific, measurable improvements required and by when.]</p>\n<p style=\"margin-top:12px;\">This warning will remain on your record for a period of <strong>6 months</strong>. Should there be no recurrence or further breach within this period, it will be disregarded.</p>\n<p style=\"margin-top:12px;\">Should there be a recurrence, further disciplinary action will be taken which may result in a Final Written Warning or dismissal.</p>\n<p style=\"margin-top:12px;\">You have the right to appeal this warning within <strong>5 working days</strong> by submitting a written appeal to the Human Resources Department.</p>\n<p style=\"margin-top:32px;\">Yours sincerely,</p>\n<div style=\"margin-top:48px;border-top:1px solid #333;width:200px;padding-top:8px;font-size:0.85rem;\">Human Resources<br>{{company.name}}</div>\n<div style=\"margin-top:24px;border-top:1px solid #333;width:280px;padding-top:8px;font-size:0.85rem;\">\nEmployee Acknowledgement: I have read and understand this warning.<br><br>\nSignature: _______________<br>Date: _______________\n</div>\n</div>','[\"company.name\",\"employee.full_name\",\"employee.preferred_name\",\"employee.number\",\"employee.position\",\"employee.department\",\"date.today\"]',1,1,0,NULL,NULL,NULL,NULL,1,NULL,'2026-06-24 13:24:21','2026-06-24 13:24:21',0,0,0,0,0,0,0,1,1),(20,2,'Final Written Warning','final_written_warning','Final formal disciplinary warning before dismissal','<div style=\"font-family:Georgia,serif;max-width:700px;margin:0 auto;\">\n<div style=\"text-align:right;margin-bottom:32px;\"><strong>{{company.name}}</strong><br>{{date.today}}</div>\n<p><strong>PRIVATE AND CONFIDENTIAL</strong></p>\n<p style=\"margin-top:8px;\"><strong>{{employee.full_name}}</strong><br>Employee No: {{employee.number}}</p>\n<p style=\"margin:24px 0;\">Dear {{employee.preferred_name}},</p>\n<h2 style=\"font-size:1rem;text-decoration:underline;\">FINAL WRITTEN WARNING</h2>\n<p style=\"margin-top:16px;\">Following the disciplinary hearing held on {{date.today}}, you are hereby issued with a <strong>Final Written Warning</strong>.</p>\n<p style=\"margin-top:12px;\"><strong>Nature of Misconduct/Poor Performance:</strong><br>[Details]</p>\n<p style=\"margin-top:12px;\"><strong>Required Corrective Action:</strong><br>[Specific actions required]</p>\n<p style=\"margin-top:12px;\">You are warned that any further transgression of company rules, policies or a repeat of the behaviour that led to this warning, within the validity period of <strong>12 months</strong>, will result in your dismissal.</p>\n<p style=\"margin-top:12px;\">You have the right to appeal this decision within <strong>5 working days</strong>.</p>\n<p style=\"margin-top:32px;\">Yours sincerely,</p>\n<div style=\"margin-top:48px;border-top:1px solid #333;width:200px;padding-top:8px;font-size:0.85rem;\">Human Resources<br>{{company.name}}</div>\n<div style=\"margin-top:24px;border-top:1px solid #333;width:280px;padding-top:8px;font-size:0.85rem;\">\nEmployee Acknowledgement:<br><br>Signature: _______________<br>Date: _______________\n</div>\n</div>','[\"company.name\",\"employee.full_name\",\"employee.preferred_name\",\"employee.number\",\"date.today\"]',1,1,0,NULL,NULL,NULL,NULL,1,NULL,'2026-06-24 13:24:21','2026-06-24 13:24:21',0,0,0,0,0,0,0,1,1),(21,2,'Suspension Letter','suspension_letter','Places employee on suspension pending investigation','<div style=\"font-family:Georgia,serif;max-width:700px;margin:0 auto;\">\n<div style=\"text-align:right;margin-bottom:32px;\"><strong>{{company.name}}</strong><br>{{date.today}}</div>\n<p><strong>PRIVATE AND CONFIDENTIAL</strong></p>\n<p style=\"margin-top:8px;\"><strong>{{employee.full_name}}</strong><br>Employee No: {{employee.number}}</p>\n<p style=\"margin:24px 0;\">Dear {{employee.preferred_name}},</p>\n<h2 style=\"font-size:1rem;text-decoration:underline;\">NOTICE OF PRECAUTIONARY SUSPENSION</h2>\n<p style=\"margin-top:16px;\">You are hereby placed on <strong>precautionary suspension</strong> with immediate effect from <strong>{{date.today}}</strong>, pending an investigation into alleged [nature of allegation].</p>\n<p style=\"margin-top:12px;\">This suspension is a precautionary measure to protect the integrity of the investigation and does not constitute a finding of guilt.</p>\n<p style=\"margin-top:12px;\"><strong>Conditions of Suspension:</strong></p>\n<ul style=\"padding-left:24px;margin-top:8px;\">\n<li>You are to remain away from company premises until further notice.</li>\n<li>You may not contact any witnesses or employees connected to this matter.</li>\n<li>You are to be available for any disciplinary proceedings as required.</li>\n<li>Your salary will continue to be paid during this period.</li>\n</ul>\n<p style=\"margin-top:12px;\">You will be notified of the disciplinary hearing date in due course.</p>\n<p style=\"margin-top:32px;\">Yours sincerely,</p>\n<div style=\"margin-top:48px;border-top:1px solid #333;width:200px;padding-top:8px;font-size:0.85rem;\">Human Resources<br>{{company.name}}</div>\n</div>','[\"company.name\",\"employee.full_name\",\"employee.preferred_name\",\"employee.number\",\"date.today\"]',1,1,0,NULL,NULL,NULL,NULL,1,NULL,'2026-06-24 13:24:21','2026-06-24 13:24:21',0,0,0,0,0,0,0,1,1),(22,2,'Disciplinary Hearing Notice','disciplinary_hearing_notice','Notice calling employee to a disciplinary hearing','<div style=\"font-family:Georgia,serif;max-width:700px;margin:0 auto;\">\n<div style=\"text-align:right;margin-bottom:32px;\"><strong>{{company.name}}</strong><br>{{date.today}}</div>\n<p><strong>PRIVATE AND CONFIDENTIAL</strong></p>\n<p style=\"margin-top:8px;\"><strong>{{employee.full_name}}</strong><br>Employee No: {{employee.number}}<br>{{employee.position}} | {{employee.department}}</p>\n<p style=\"margin:24px 0;\">Dear {{employee.preferred_name}},</p>\n<h2 style=\"font-size:1rem;text-decoration:underline;\">NOTICE OF DISCIPLINARY HEARING</h2>\n<p style=\"margin-top:16px;\">You are hereby notified to attend a disciplinary hearing:</p>\n<table style=\"width:100%;border-collapse:collapse;margin:12px 0;\">\n<tr><td style=\"padding:5px 0;width:180px;color:#555;\">Date:</td><td><strong>[Hearing Date]</strong></td></tr>\n<tr><td style=\"padding:5px 0;color:#555;\">Time:</td><td><strong>[Hearing Time]</strong></td></tr>\n<tr><td style=\"padding:5px 0;color:#555;\">Venue:</td><td><strong>[Hearing Venue]</strong></td></tr>\n<tr><td style=\"padding:5px 0;color:#555;\">Chairperson:</td><td><strong>[Chairperson Name]</strong></td></tr>\n</table>\n<p><strong>Charges Against You:</strong></p>\n<ol style=\"padding-left:24px;margin-top:8px;\">\n<li>[Charge 1 ??? specific allegation, date, incident details]</li>\n<li>[Charge 2 ??? if applicable]</li>\n</ol>\n<p style=\"margin-top:12px;\">You are entitled to be represented by a fellow employee or trade union representative. Please advise HR of your representative by [date].</p>\n<p style=\"margin-top:12px;\">Failure to attend without reasonable cause may result in the hearing proceeding in your absence.</p>\n<p style=\"margin-top:32px;\">Yours sincerely,</p>\n<div style=\"margin-top:48px;border-top:1px solid #333;width:200px;padding-top:8px;font-size:0.85rem;\">Human Resources<br>{{company.name}}</div>\n</div>','[\"company.name\",\"employee.full_name\",\"employee.preferred_name\",\"employee.number\",\"employee.position\",\"employee.department\",\"date.today\"]',1,1,0,NULL,NULL,NULL,NULL,1,NULL,'2026-06-24 13:24:21','2026-06-24 13:24:21',0,0,0,0,0,0,0,1,1),(23,2,'Grievance Acknowledgement Letter','grievance_acknowledgement','Acknowledges receipt of employee grievance','<div style=\"font-family:Georgia,serif;max-width:700px;margin:0 auto;\">\n<div style=\"text-align:right;margin-bottom:32px;\"><strong>{{company.name}}</strong><br>{{date.today}}</div>\n<p><strong>{{employee.full_name}}</strong><br>Employee No: {{employee.number}}</p>\n<p style=\"margin:24px 0;\">Dear {{employee.preferred_name}},</p>\n<h2 style=\"font-size:1rem;text-decoration:underline;\">ACKNOWLEDGEMENT OF GRIEVANCE</h2>\n<p style=\"margin-top:16px;\">We confirm receipt of your formal grievance submitted on <strong>{{date.today}}</strong>.</p>\n<p style=\"margin-top:12px;\">Your grievance has been registered under reference number <strong>[GR-{{date.year}}-XXXX]</strong> and will be investigated in accordance with our Grievance Procedure.</p>\n<p style=\"margin-top:12px;\">An HR Officer will contact you within <strong>5 working days</strong> to schedule a grievance meeting and discuss the matter further.</p>\n<p style=\"margin-top:12px;\">We treat all grievances seriously and assure you that your concern will be handled with confidentiality and impartiality.</p>\n<p style=\"margin-top:32px;\">Yours sincerely,</p>\n<div style=\"margin-top:48px;border-top:1px solid #333;width:200px;padding-top:8px;font-size:0.85rem;\">Human Resources<br>{{company.name}}</div>\n</div>','[\"company.name\",\"employee.full_name\",\"employee.preferred_name\",\"employee.number\",\"date.today\",\"date.year\"]',1,1,0,NULL,NULL,NULL,NULL,1,NULL,'2026-06-24 13:24:21','2026-06-24 13:24:21',0,0,0,0,0,0,0,1,1),(24,2,'Performance Improvement Plan','performance_improvement_plan','Formal PIP letter for underperforming employee','<div style=\"font-family:Georgia,serif;max-width:700px;margin:0 auto;\">\n<div style=\"text-align:right;margin-bottom:32px;\"><strong>{{company.name}}</strong><br>{{date.today}}</div>\n<p><strong>{{employee.full_name}}</strong><br>Employee No: {{employee.number}}<br>{{employee.position}} | {{employee.department}}</p>\n<p style=\"margin:24px 0;\">Dear {{employee.preferred_name}},</p>\n<h2 style=\"font-size:1rem;text-decoration:underline;\">PERFORMANCE IMPROVEMENT PLAN (PIP)</h2>\n<p style=\"margin-top:16px;\">Following recent performance discussions, this letter formalises a Performance Improvement Plan (PIP) to support you in achieving the required performance standards for your role as <strong>{{employee.position}}</strong>.</p>\n<p style=\"margin-top:12px;\"><strong>PIP Duration:</strong> {{date.today}} to [end date] (90 days)</p>\n<p style=\"margin-top:12px;\"><strong>Performance Areas Requiring Improvement:</strong></p>\n<ol style=\"padding-left:24px;margin-top:8px;\">\n<li>[Performance area 1 ??? specific, measurable target]</li>\n<li>[Performance area 2 ??? specific, measurable target]</li>\n<li>[Performance area 3 ??? specific, measurable target]</li>\n</ol>\n<p style=\"margin-top:12px;\"><strong>Support Provided:</strong><br>Your supervisor {{employee.supervisor}} will conduct bi-weekly check-in meetings to monitor progress and provide guidance.</p>\n<p style=\"margin-top:12px;\"><strong>Consequences:</strong> Failure to meet the required targets by the end of the PIP period may result in further disciplinary action, including termination of employment.</p>\n<p style=\"margin-top:32px;\">Yours sincerely,</p>\n<div style=\"display:grid;grid-template-columns:1fr 1fr;gap:24px;margin-top:40px;\">\n<div style=\"border-top:1px solid #333;padding-top:8px;font-size:0.85rem;\">HR Manager<br>{{company.name}}</div>\n<div style=\"border-top:1px solid #333;padding-top:8px;font-size:0.85rem;\">Employee: {{employee.full_name}}<br>Date: _______________</div>\n</div>\n</div>','[\"company.name\",\"employee.full_name\",\"employee.preferred_name\",\"employee.number\",\"employee.position\",\"employee.department\",\"employee.supervisor\",\"date.today\"]',1,1,0,NULL,NULL,NULL,NULL,1,NULL,'2026-06-24 13:24:21','2026-06-24 13:24:21',0,0,0,0,0,0,0,1,1),(25,2,'Commendation Letter','commendation_letter','Formally commends an employee for excellent work','<div style=\"font-family:Georgia,serif;max-width:700px;margin:0 auto;\">\n<div style=\"text-align:right;margin-bottom:32px;\"><strong>{{company.name}}</strong><br>{{date.today}}</div>\n<p><strong>{{employee.full_name}}</strong><br>{{employee.position}} | {{employee.department}}</p>\n<p style=\"margin:24px 0;\">Dear {{employee.preferred_name}},</p>\n<h2 style=\"font-size:1rem;text-decoration:underline;\">LETTER OF COMMENDATION</h2>\n<p style=\"margin-top:16px;\">I write to formally commend you for your exceptional contribution during [specific period/project].</p>\n<p style=\"margin-top:12px;\">[Specific achievement or behaviour to be commended.]</p>\n<p style=\"margin-top:12px;\">Your conduct reflects the highest standards of professionalism and embodies the values of {{company.name}}. Such dedication does not go unnoticed and serves as a benchmark for excellence within our team.</p>\n<p style=\"margin-top:12px;\">This letter will be placed on your personal file as a record of your outstanding performance.</p>\n<p style=\"margin-top:32px;\">Well done and keep up the excellent work!</p>\n<p style=\"margin-top:16px;\">Yours sincerely,</p>\n<div style=\"margin-top:48px;border-top:1px solid #333;width:200px;padding-top:8px;font-size:0.85rem;\">Human Resources<br>{{company.name}}</div>\n</div>','[\"company.name\",\"employee.full_name\",\"employee.preferred_name\",\"employee.position\",\"employee.department\",\"date.today\"]',1,1,0,NULL,NULL,NULL,NULL,1,NULL,'2026-06-24 13:24:21','2026-06-24 13:24:21',0,0,0,0,0,0,0,1,1),(26,2,'Return to Work Letter','return_to_work','Confirms employee return to work after absence','<div style=\"font-family:Georgia,serif;max-width:700px;margin:0 auto;\">\n<div style=\"text-align:right;margin-bottom:32px;\"><strong>{{company.name}}</strong><br>{{date.today}}</div>\n<p><strong>{{employee.full_name}}</strong><br>Employee No: {{employee.number}}</p>\n<p style=\"margin:24px 0;\">Dear {{employee.preferred_name}},</p>\n<h2 style=\"font-size:1rem;text-decoration:underline;\">RETURN TO WORK NOTIFICATION</h2>\n<p style=\"margin-top:16px;\">We are pleased to confirm your return to work effective <strong>{{date.today}}</strong> following your recent absence.</p>\n<p style=\"margin-top:12px;\">A return-to-work interview will be conducted by your supervisor, {{employee.supervisor}}, to ensure your wellbeing and discuss any support that may be required to assist with your reintegration.</p>\n<p style=\"margin-top:12px;\">Please ensure all outstanding documentation (e.g. medical certificates) is submitted to HR by the end of this week.</p>\n<p style=\"margin-top:12px;\">We are glad to have you back and trust you are feeling well.</p>\n<p style=\"margin-top:32px;\">Yours sincerely,</p>\n<div style=\"margin-top:48px;border-top:1px solid #333;width:200px;padding-top:8px;font-size:0.85rem;\">Human Resources<br>{{company.name}}</div>\n</div>','[\"company.name\",\"employee.full_name\",\"employee.preferred_name\",\"employee.number\",\"employee.supervisor\",\"date.today\"]',1,1,0,NULL,NULL,NULL,NULL,1,NULL,'2026-06-24 13:24:21','2026-06-24 13:24:21',0,0,0,0,0,0,0,1,1),(27,5,'Leave Approval Notification','leave_approval_notification','Formal leave approval confirmation to employee','<div style=\"font-family:Georgia,serif;max-width:700px;margin:0 auto;\">\n<div style=\"text-align:right;margin-bottom:32px;\"><strong>{{company.name}}</strong><br>{{date.today}}</div>\n<p><strong>{{employee.full_name}}</strong><br>Employee No: {{employee.number}}</p>\n<p style=\"margin:24px 0;\">Dear {{employee.preferred_name}},</p>\n<h2 style=\"font-size:1rem;text-decoration:underline;\">LEAVE APPROVAL CONFIRMATION</h2>\n<p style=\"margin-top:16px;\">This letter confirms that your leave application has been approved as follows:</p>\n<table style=\"width:100%;border-collapse:collapse;margin:12px 0;\">\n<tr><td style=\"padding:5px 0;width:180px;color:#555;\">Leave Type:</td><td><strong>[Leave Type]</strong></td></tr>\n<tr><td style=\"padding:5px 0;color:#555;\">From:</td><td><strong>[Start Date]</strong></td></tr>\n<tr><td style=\"padding:5px 0;color:#555;\">To:</td><td><strong>[End Date]</strong></td></tr>\n<tr><td style=\"padding:5px 0;color:#555;\">Total Days:</td><td><strong>[Number of Days]</strong></td></tr>\n<tr><td style=\"padding:5px 0;color:#555;\">Remaining Balance:</td><td><strong>{{employee.leave_balance}}</strong></td></tr>\n</table>\n<p>Please ensure that a handover has been completed with your colleagues prior to your departure and that all urgent matters have been attended to.</p>\n<p style=\"margin-top:32px;\">Yours sincerely,</p>\n<div style=\"margin-top:48px;border-top:1px solid #333;width:200px;padding-top:8px;font-size:0.85rem;\">Human Resources<br>{{company.name}}</div>\n</div>','[\"company.name\",\"employee.full_name\",\"employee.preferred_name\",\"employee.number\",\"employee.leave_balance\",\"date.today\"]',1,1,0,NULL,NULL,NULL,NULL,1,NULL,'2026-06-24 13:24:21','2026-06-24 13:24:21',0,0,0,0,0,0,0,1,1),(28,5,'Leave Rejection Letter','leave_rejection_letter','Formally rejects a leave application with reason','<div style=\"font-family:Georgia,serif;max-width:700px;margin:0 auto;\">\n<div style=\"text-align:right;margin-bottom:32px;\"><strong>{{company.name}}</strong><br>{{date.today}}</div>\n<p><strong>{{employee.full_name}}</strong><br>Employee No: {{employee.number}}</p>\n<p style=\"margin:24px 0;\">Dear {{employee.preferred_name}},</p>\n<h2 style=\"font-size:1rem;text-decoration:underline;\">LEAVE APPLICATION ??? NOT APPROVED</h2>\n<p style=\"margin-top:16px;\">We regret to inform you that your leave application for [dates] has not been approved at this time.</p>\n<p style=\"margin-top:12px;\"><strong>Reason:</strong> [Specific reason ??? operational requirements, insufficient balance, inadequate notice, etc.]</p>\n<p style=\"margin-top:12px;\">You are welcome to re-apply at a more suitable time. Please discuss alternative dates with your supervisor {{employee.supervisor}} at your earliest convenience.</p>\n<p style=\"margin-top:32px;\">Yours sincerely,</p>\n<div style=\"margin-top:48px;border-top:1px solid #333;width:200px;padding-top:8px;font-size:0.85rem;\">Human Resources<br>{{company.name}}</div>\n</div>','[\"company.name\",\"employee.full_name\",\"employee.preferred_name\",\"employee.number\",\"employee.supervisor\",\"date.today\"]',1,1,0,NULL,NULL,NULL,NULL,1,NULL,'2026-06-24 13:24:21','2026-06-24 13:24:21',0,0,0,0,0,0,0,1,1),(29,5,'Annual Leave Summary','annual_leave_summary','Summary of employee annual leave balance and usage','<div style=\"font-family:Georgia,serif;max-width:700px;margin:0 auto;\">\n<div style=\"text-align:right;margin-bottom:32px;\"><strong>{{company.name}}</strong><br>{{date.today}}</div>\n<p><strong>{{employee.full_name}}</strong><br>Employee No: {{employee.number}}<br>{{employee.position}} | {{employee.department}}</p>\n<h2 style=\"font-size:1rem;text-decoration:underline;margin:24px 0 16px;\">ANNUAL LEAVE SUMMARY ??? {{date.year}}</h2>\n<table style=\"width:100%;border-collapse:collapse;margin:12px 0;\">\n<thead><tr style=\"background:#f1f5f9;\">\n<th style=\"padding:8px;text-align:left;font-size:0.85rem;\">Leave Type</th>\n<th style=\"padding:8px;text-align:center;\">Entitled</th>\n<th style=\"padding:8px;text-align:center;\">Taken</th>\n<th style=\"padding:8px;text-align:center;\">Balance</th>\n</tr></thead>\n<tbody>\n<tr><td style=\"padding:8px;\">Annual Leave</td><td style=\"padding:8px;text-align:center;\">[X]</td><td style=\"padding:8px;text-align:center;\">[X]</td><td style=\"padding:8px;text-align:center;\"><strong>[X]</strong></td></tr>\n<tr><td style=\"padding:8px;background:#f8fafc;\">Sick Leave</td><td style=\"padding:8px;text-align:center;background:#f8fafc;\">[X]</td><td style=\"padding:8px;text-align:center;background:#f8fafc;\">[X]</td><td style=\"padding:8px;text-align:center;background:#f8fafc;\"><strong>[X]</strong></td></tr>\n</tbody>\n</table>\n<p style=\"font-size:0.85rem;color:#555;\">Total remaining leave balance as at {{date.today}}: <strong>{{employee.leave_balance}}</strong></p>\n<p style=\"margin-top:24px;font-size:0.85rem;color:#555;\">This summary is for informational purposes. For queries contact HR at {{company.email}}.</p>\n</div>','[\"company.name\",\"company.email\",\"employee.full_name\",\"employee.number\",\"employee.position\",\"employee.department\",\"employee.leave_balance\",\"date.today\",\"date.year\"]',1,1,0,NULL,NULL,NULL,NULL,1,NULL,'2026-06-24 13:24:21','2026-06-24 13:24:21',0,0,0,0,0,0,0,1,1),(30,5,'Leave Without Pay Approval','lwp_approval','Approves leave without pay arrangement','<div style=\"font-family:Georgia,serif;max-width:700px;margin:0 auto;\">\n<div style=\"text-align:right;margin-bottom:32px;\"><strong>{{company.name}}</strong><br>{{date.today}}</div>\n<p><strong>{{employee.full_name}}</strong><br>Employee No: {{employee.number}}</p>\n<p style=\"margin:24px 0;\">Dear {{employee.preferred_name}},</p>\n<h2 style=\"font-size:1rem;text-decoration:underline;\">APPROVAL OF LEAVE WITHOUT PAY</h2>\n<p style=\"margin-top:16px;\">This letter confirms approval of your request for Leave Without Pay (LWOP) from <strong>[start date]</strong> to <strong>[end date]</strong> (<strong>[X] days</strong>).</p>\n<p style=\"margin-top:12px;\"><strong>Important conditions:</strong></p>\n<ul style=\"padding-left:24px;margin-top:8px;\">\n<li>No salary or benefits will be paid during this period.</li>\n<li>UIF and pension fund arrangements may be affected ??? please consult Payroll.</li>\n<li>Your leave balance will not accrue during this period.</li>\n<li>Your position will be held for the agreed duration.</li>\n</ul>\n<p style=\"margin-top:12px;\">Please ensure a thorough handover is completed before your departure.</p>\n<p style=\"margin-top:32px;\">Yours sincerely,</p>\n<div style=\"margin-top:48px;border-top:1px solid #333;width:200px;padding-top:8px;font-size:0.85rem;\">Human Resources<br>{{company.name}}</div>\n</div>','[\"company.name\",\"employee.full_name\",\"employee.preferred_name\",\"employee.number\",\"date.today\"]',1,1,0,NULL,NULL,NULL,NULL,1,NULL,'2026-06-24 13:24:21','2026-06-24 13:24:21',0,0,0,0,0,0,0,1,1),(31,5,'Study Leave Approval','study_leave_approval','Approves study leave for an employee','<div style=\"font-family:Georgia,serif;max-width:700px;margin:0 auto;\">\n<div style=\"text-align:right;margin-bottom:32px;\"><strong>{{company.name}}</strong><br>{{date.today}}</div>\n<p><strong>{{employee.full_name}}</strong><br>Employee No: {{employee.number}}</p>\n<p style=\"margin:24px 0;\">Dear {{employee.preferred_name}},</p>\n<h2 style=\"font-size:1rem;text-decoration:underline;\">STUDY LEAVE APPROVAL</h2>\n<p style=\"margin-top:16px;\">We are pleased to approve your application for study leave as follows:</p>\n<table style=\"width:100%;border-collapse:collapse;margin:12px 0;\">\n<tr><td style=\"padding:5px 0;width:180px;color:#555;\">Institution:</td><td><strong>[Institution Name]</strong></td></tr>\n<tr><td style=\"padding:5px 0;color:#555;\">Course / Qualification:</td><td><strong>[Course Name]</strong></td></tr>\n<tr><td style=\"padding:5px 0;color:#555;\">Duration:</td><td><strong>[Start Date] to [End Date]</strong></td></tr>\n</table>\n<p style=\"margin-top:12px;\">This approval is conditional upon you submitting proof of results to HR upon completion of each study period. The company reserves the right to withdraw this benefit if performance standards are not maintained.</p>\n<p style=\"margin-top:32px;\">We wish you every success in your studies!</p>\n<p style=\"margin-top:16px;\">Yours sincerely,</p>\n<div style=\"margin-top:48px;border-top:1px solid #333;width:200px;padding-top:8px;font-size:0.85rem;\">Human Resources<br>{{company.name}}</div>\n</div>','[\"company.name\",\"employee.full_name\",\"employee.preferred_name\",\"employee.number\",\"date.today\"]',1,1,0,NULL,NULL,NULL,NULL,1,NULL,'2026-06-24 13:24:21','2026-06-24 13:24:21',0,0,0,0,0,0,0,1,1),(32,8,'Welcome Letter','welcome_letter','Welcome letter for new employee joining the company','<div style=\"font-family:Georgia,serif;max-width:700px;margin:0 auto;\">\n<div style=\"text-align:right;margin-bottom:32px;\"><strong>{{company.name}}</strong><br>{{date.today}}</div>\n<p><strong>{{employee.full_name}}</strong></p>\n<p style=\"margin:24px 0;\">Dear {{employee.preferred_name}},</p>\n<h2 style=\"font-size:1.1rem;text-decoration:underline;\">WELCOME TO {{company.name}}</h2>\n<p style=\"margin-top:16px;\">On behalf of the entire team at {{company.name}}, I am delighted to welcome you as our new <strong>{{employee.position}}</strong> in the <strong>{{employee.department}}</strong> Department.</p>\n<p style=\"margin-top:12px;\">Your first day is <strong>{{employee.start_date}}</strong>. Please report to {{employee.work_location}} and ask for {{employee.supervisor}} who will guide you through your first week.</p>\n<p style=\"margin-top:12px;\"><strong>What to bring on your first day:</strong></p>\n<ul style=\"padding-left:24px;margin-top:8px;\">\n<li>Certified copy of your identity document</li>\n<li>Original qualifications / certificates</li>\n<li>Bank account details</li>\n<li>Tax reference number (if available)</li>\n<li>Next of kin details</li>\n</ul>\n<p style=\"margin-top:12px;\">We are confident that you will thrive in your new role and look forward to your contribution to our growing team. Do not hesitate to reach out to Human Resources at {{company.email}} if you have any questions.</p>\n<p style=\"margin-top:24px;\">Welcome aboard!</p>\n<p style=\"margin-top:16px;\">Yours sincerely,</p>\n<div style=\"margin-top:48px;border-top:1px solid #333;width:200px;padding-top:8px;font-size:0.85rem;\">Human Resources<br>{{company.name}}</div>\n</div>','[\"company.name\",\"company.email\",\"employee.full_name\",\"employee.preferred_name\",\"employee.position\",\"employee.department\",\"employee.start_date\",\"employee.work_location\",\"employee.supervisor\",\"date.today\"]',1,1,0,NULL,NULL,NULL,NULL,1,NULL,'2026-06-24 13:24:21','2026-06-24 13:24:21',0,0,0,0,0,0,0,1,1),(33,8,'Induction Checklist','induction_checklist','Standard employee induction checklist form','<div style=\"\"font-family:Georgia,serif;max-width:700px;margin:0 auto;\"\">\n<h2 style=\"\"font-size:1rem;margin-bottom:4px;\"\">Employee Induction Checklist</h2>\n<p style=\"\"color:#555;font-size:0.85rem;margin-bottom:24px;\"\">{{company.name}} | HR Department</p>\n<table style=\"\"width:100%;border-collapse:collapse;margin-bottom:16px;\"\">\n<tr><td style=\"\"padding:6px 0;width:200px;color:#555;\"\">Employee Name:</td><td><strong>{{employee.full_name}}</strong></td><td style=\"\"width:200px;color:#555;\"\">Employee No:</td><td><strong>{{employee.number}}</strong></td></tr>\n<tr><td style=\"\"padding:6px 0;color:#555;\"\">Position:</td><td><strong>{{employee.position}}</strong></td><td style=\"\"color:#555;\"\">Department:</td><td><strong>{{employee.department}}</strong></td></tr>\n<tr><td style=\"\"padding:6px 0;color:#555;\"\">Start Date:</td><td><strong>{{employee.start_date}}</strong></td><td style=\"\"color:#555;\"\">Supervisor:</td><td><strong>{{employee.supervisor}}</strong></td></tr>\n</table>\n<table style=\"\"width:100%;border-collapse:collapse;\"\">\n<thead><tr style=\"\"background:#f1f5f9;\"\"><th style=\"\"padding:8px;text-align:left;\"\">Induction Item</th><th style=\"\"padding:8px;text-align:center;width:100px;\"\">Completed</th><th style=\"\"padding:8px;text-align:center;width:120px;\"\">Date</th><th style=\"\"padding:8px;text-align:left;\"\">By</th></tr></thead>\n<tbody>\n<tr style=\"\"border-bottom:1px solid #e2e8f0;\"\"><td style=\"\"padding:7px 8px;font-size:0.82rem;\"\">Company overview and history</td><td style=\"\"text-align:center;\"\">&#9634;</td><td></td><td></td></tr>\n<tr style=\"\"border-bottom:1px solid #e2e8f0;\"\"><td style=\"\"padding:7px 8px;font-size:0.82rem;\"\">Organisational structure</td><td style=\"\"text-align:center;\"\">&#9634;</td><td></td><td></td></tr>\n<tr style=\"\"border-bottom:1px solid #e2e8f0;\"\"><td style=\"\"padding:7px 8px;font-size:0.82rem;\"\">HR policies and procedures</td><td style=\"\"text-align:center;\"\">&#9634;</td><td></td><td></td></tr>\n<tr style=\"\"border-bottom:1px solid #e2e8f0;\"\"><td style=\"\"padding:7px 8px;font-size:0.82rem;\"\">Employment contract signed</td><td style=\"\"text-align:center;\"\">&#9634;</td><td></td><td></td></tr>\n<tr style=\"\"border-bottom:1px solid #e2e8f0;\"\"><td style=\"\"padding:7px 8px;font-size:0.82rem;\"\">IT systems access setup</td><td style=\"\"text-align:center;\"\">&#9634;</td><td></td><td></td></tr>\n<tr style=\"\"border-bottom:1px solid #e2e8f0;\"\"><td style=\"\"padding:7px 8px;font-size:0.82rem;\"\">Email and communication tools</td><td style=\"\"text-align:center;\"\">&#9634;</td><td></td><td></td></tr>\n<tr style=\"\"border-bottom:1px solid #e2e8f0;\"\"><td style=\"\"padding:7px 8px;font-size:0.82rem;\"\">Health and safety briefing</td><td style=\"\"text-align:center;\"\">&#9634;</td><td></td><td></td></tr>\n<tr style=\"\"border-bottom:1px solid #e2e8f0;\"\"><td style=\"\"padding:7px 8px;font-size:0.82rem;\"\">Site/office tour</td><td style=\"\"text-align:center;\"\">&#9634;</td><td></td><td></td></tr>\n<tr style=\"\"border-bottom:1px solid #e2e8f0;\"\"><td style=\"\"padding:7px 8px;font-size:0.82rem;\"\">Introduction to team members</td><td style=\"\"text-align:center;\"\">&#9634;</td><td></td><td></td></tr>\n<tr style=\"\"border-bottom:1px solid #e2e8f0;\"\"><td style=\"\"padding:7px 8px;font-size:0.82rem;\"\">Job responsibilities explained</td><td style=\"\"text-align:center;\"\">&#9634;</td><td></td><td></td></tr>\n<tr style=\"\"border-bottom:1px solid #e2e8f0;\"\"><td style=\"\"padding:7px 8px;font-size:0.82rem;\"\">Performance management process</td><td style=\"\"text-align:center;\"\">&#9634;</td><td></td><td></td></tr>\n<tr style=\"\"border-bottom:1px solid #e2e8f0;\"\"><td style=\"\"padding:7px 8px;font-size:0.82rem;\"\">Leave policy explained</td><td style=\"\"text-align:center;\"\">&#9634;</td><td></td><td></td></tr>\n<tr style=\"\"border-bottom:1px solid #e2e8f0;\"\"><td style=\"\"padding:7px 8px;font-size:0.82rem;\"\">Payroll and benefits overview</td><td style=\"\"text-align:center;\"\">&#9634;</td><td></td><td></td></tr>\n<tr style=\"\"border-bottom:1px solid #e2e8f0;\"\"><td style=\"\"padding:7px 8px;font-size:0.82rem;\"\">Emergency procedures</td><td style=\"\"text-align:center;\"\">&#9634;</td><td></td><td></td></tr>\n<tr style=\"\"border-bottom:1px solid #e2e8f0;\"\"><td style=\"\"padding:7px 8px;font-size:0.82rem;\"\">Code of conduct and ethics</td><td style=\"\"text-align:center;\"\">&#9634;</td><td></td><td></td></tr>\n<tr style=\"\"border-bottom:1px solid #e2e8f0;\"\"><td style=\"\"padding:7px 8px;font-size:0.82rem;\"\">Data protection (POPI) briefing</td><td style=\"\"text-align:center;\"\">&#9634;</td><td></td><td></td></tr>\n<tr style=\"\"border-bottom:1px solid #e2e8f0;\"\"><td style=\"\"padding:7px 8px;font-size:0.82rem;\"\">Probation period explained</td><td style=\"\"text-align:center;\"\">&#9634;</td><td></td><td></td></tr>\n<tr style=\"\"border-bottom:1px solid #e2e8f0;\"\"><td style=\"\"padding:7px 8px;font-size:0.82rem;\"\">Completion sign-off</td><td style=\"\"text-align:center;\"\">&#9634;</td><td></td><td></td></tr>\n</tbody>\n</table>\n<div style=\"\"display:grid;grid-template-columns:1fr 1fr;gap:32px;margin-top:32px;\"\">\n<div style=\"\"border-top:1px solid #333;padding-top:8px;font-size:0.85rem;\"\">Employee Signature: _______________<br>Date: _______________</div>\n<div style=\"\"border-top:1px solid #333;padding-top:8px;font-size:0.85rem;\"\">HR Officer: _______________<br>Date: _______________</div>\n</div>\n</div>','[\"company.name\",\"employee.full_name\",\"employee.number\",\"employee.position\",\"employee.department\",\"employee.start_date\",\"employee.supervisor\"]',1,1,0,NULL,NULL,NULL,NULL,1,NULL,'2026-06-24 13:24:21','2026-06-24 13:30:06',0,0,0,0,0,0,0,1,1),(34,8,'Code of Conduct Acknowledgement','code_of_conduct_acknowledgement','Employee acknowledgement of code of conduct','<div style=\"font-family:Georgia,serif;max-width:700px;margin:0 auto;\">\n<div style=\"text-align:center;margin-bottom:32px;\"><strong>{{company.name}}</strong><br><span style=\"font-size:0.85rem;color:#555;\">Code of Conduct ??? Employee Acknowledgement</span></div>\n<p>I, <strong>{{employee.full_name}}</strong> (Employee No: {{employee.number}}), hereby acknowledge that I have received, read and understood the {{company.name}} Code of Conduct.</p>\n<p style=\"margin-top:12px;\">I understand that the Code of Conduct forms part of my conditions of employment and that any breach thereof may result in disciplinary action, up to and including dismissal.</p>\n<p style=\"margin-top:12px;\">I commit to upholding the values and standards set out in the Code of Conduct at all times during my employment at {{company.name}}.</p>\n<p style=\"margin-top:24px;font-size:0.9rem;\"><strong>Key Commitments I am making:</strong></p>\n<ul style=\"padding-left:24px;margin-top:8px;\">\n<li>Act with integrity and honesty in all dealings</li>\n<li>Treat all colleagues, customers and stakeholders with respect and dignity</li>\n<li>Comply with all applicable laws and company policies</li>\n<li>Protect confidential company information</li>\n<li>Report any conflicts of interest or unethical behaviour</li>\n<li>Maintain professional standards at all times</li>\n</ul>\n<div style=\"display:grid;grid-template-columns:1fr 1fr;gap:32px;margin-top:40px;\">\n<div style=\"border-top:1px solid #333;padding-top:8px;font-size:0.85rem;\">Employee: {{employee.full_name}}<br>Signature: _______________<br>Date: {{date.today}}</div>\n<div style=\"border-top:1px solid #333;padding-top:8px;font-size:0.85rem;\">Witness / HR Officer: _______________<br>Signature: _______________<br>Date: {{date.today}}</div>\n</div>\n</div>','[\"company.name\",\"employee.full_name\",\"employee.number\",\"date.today\"]',1,1,0,NULL,NULL,NULL,NULL,1,NULL,'2026-06-24 13:24:21','2026-06-24 13:24:21',0,0,0,0,0,0,0,1,1),(35,8,'POPI Act Acknowledgement','popi_acknowledgement','Employee acknowledgement of POPI data protection','<div style=\"font-family:Georgia,serif;max-width:700px;margin:0 auto;\">\n<div style=\"text-align:center;margin-bottom:24px;\"><strong>{{company.name}}</strong></div>\n<h2 style=\"font-size:1rem;text-align:center;text-decoration:underline;margin-bottom:24px;\">POPI ACT ??? EMPLOYEE DATA CONSENT AND ACKNOWLEDGEMENT</h2>\n<p>I, <strong>{{employee.full_name}}</strong> (Employee No: {{employee.number}}), hereby acknowledge and consent to the collection, storage, processing, and use of my personal information by <strong>{{company.name}}</strong> as required for the administration of my employment, in accordance with the Protection of Personal Information Act (POPI Act No. 4 of 2013).</p>\n<p style=\"margin-top:12px;\">I understand that:</p>\n<ul style=\"padding-left:24px;margin-top:8px;\">\n<li>My personal information will be collected, processed and stored securely.</li>\n<li>My data will only be used for lawful employment-related purposes.</li>\n<li>I have the right to access, correct, or object to the processing of my personal data.</li>\n<li>My data will not be shared with third parties without my consent, except as required by law.</li>\n<li>I have the right to lodge a complaint with the Information Regulator if I believe my rights have been infringed.</li>\n</ul>\n<div style=\"margin-top:40px;border-top:1px solid #333;padding-top:8px;font-size:0.85rem;\">\nEmployee Name: {{employee.full_name}}<br>\nSignature: _______________<br>\nDate: {{date.today}}\n</div>\n</div>','[\"company.name\",\"employee.full_name\",\"employee.number\",\"date.today\"]',1,1,0,NULL,NULL,NULL,NULL,1,NULL,'2026-06-24 13:24:21','2026-06-24 13:24:21',0,0,0,0,0,0,0,1,1),(36,8,'IT Acceptable Use Policy Acknowledgement','it_acceptable_use_ack','Employee acknowledges IT acceptable use policy','<div style=\"font-family:Georgia,serif;max-width:700px;margin:0 auto;\">\n<div style=\"text-align:center;margin-bottom:24px;\"><strong>{{company.name}}</strong></div>\n<h2 style=\"font-size:1rem;text-align:center;text-decoration:underline;margin-bottom:24px;\">IT ACCEPTABLE USE POLICY ??? ACKNOWLEDGEMENT</h2>\n<p>I, <strong>{{employee.full_name}}</strong>, acknowledge that I have been informed of the {{company.name}} IT Acceptable Use Policy and agree to comply with its requirements.</p>\n<p style=\"margin-top:12px;\">I understand and agree to the following:</p>\n<ul style=\"padding-left:24px;margin-top:8px;\">\n<li>Company IT resources (computers, internet, email, software) are provided for business purposes and may be monitored.</li>\n<li>I will not use company systems for unauthorised, illegal or inappropriate activities.</li>\n<li>I will protect my login credentials and not share passwords.</li>\n<li>I will not install unauthorised software on company devices.</li>\n<li>I will report any security incidents or data breaches immediately to IT.</li>\n<li>Company data will not be copied to personal devices or cloud services without authorisation.</li>\n<li>Upon termination of employment, all company data and devices must be returned.</li>\n</ul>\n<div style=\"margin-top:40px;border-top:1px solid #333;padding-top:8px;font-size:0.85rem;\">\nEmployee: {{employee.full_name}} ({{employee.number}})<br>\nSignature: _______________<br>\nDate: {{date.today}}\n</div>\n</div>','[\"company.name\",\"employee.full_name\",\"employee.number\",\"date.today\"]',1,1,0,NULL,NULL,NULL,NULL,1,NULL,'2026-06-24 13:24:21','2026-06-24 13:24:21',0,0,0,0,0,0,0,1,1),(37,9,'Resignation Acceptance Letter','resignation_acceptance','Formally accepts employee resignation','<div style=\"font-family:Georgia,serif;max-width:700px;margin:0 auto;\">\n<div style=\"text-align:right;margin-bottom:32px;\"><strong>{{company.name}}</strong><br>{{date.today}}</div>\n<p><strong>{{employee.full_name}}</strong><br>Employee No: {{employee.number}}<br>{{employee.position}}</p>\n<p style=\"margin:24px 0;\">Dear {{employee.preferred_name}},</p>\n<h2 style=\"font-size:1rem;text-decoration:underline;\">ACCEPTANCE OF RESIGNATION</h2>\n<p style=\"margin-top:16px;\">We acknowledge receipt of your letter of resignation dated [resignation date] and hereby confirm acceptance of your resignation as <strong>{{employee.position}}</strong>, effective from <strong>[last working day]</strong>.</p>\n<p style=\"margin-top:12px;\">We request that you complete the following prior to your departure:</p>\n<ul style=\"padding-left:24px;margin-top:8px;\">\n<li>Hand over all company property, equipment and access cards</li>\n<li>Complete a comprehensive handover of all outstanding work</li>\n<li>Submit an exit interview form to HR</li>\n<li>Settle any outstanding company obligations</li>\n</ul>\n<p style=\"margin-top:12px;\">Your final remuneration including outstanding leave pay will be processed with your last salary payment. A certificate of service will be issued upon request.</p>\n<p style=\"margin-top:12px;\">We appreciate your contribution during your tenure and wish you all the best in your future endeavours.</p>\n<p style=\"margin-top:32px;\">Yours sincerely,</p>\n<div style=\"margin-top:48px;border-top:1px solid #333;width:200px;padding-top:8px;font-size:0.85rem;\">Human Resources<br>{{company.name}}</div>\n</div>','[\"company.name\",\"employee.full_name\",\"employee.preferred_name\",\"employee.number\",\"employee.position\",\"date.today\"]',1,1,0,NULL,NULL,NULL,NULL,1,NULL,'2026-06-24 13:24:21','2026-06-24 13:24:21',0,0,0,0,0,0,0,1,1),(38,9,'Clearance Certificate','clearance_certificate','Employee clearance certificate on exit','<div style=\"\"font-family:Georgia,serif;max-width:700px;margin:0 auto;text-align:center;\"\">\n<strong>{{company.name}}</strong>\n<h2 style=\"\"font-size:1.1rem;text-transform:uppercase;letter-spacing:.05em;margin:16px 0 4px;\"\">Employee Clearance Certificate</h2>\n<div style=\"\"width:60px;height:2px;background:#1D4ED8;margin:0 auto 24px;\"\"></div>\n<div style=\"\"text-align:left;\"\">\n<table style=\"\"width:100%;border-collapse:collapse;margin-bottom:24px;\"\">\n<tr><td style=\"\"padding:6px 0;width:200px;color:#555;\"\">Employee Name:</td><td><strong>{{employee.full_name}}</strong></td></tr>\n<tr><td style=\"\"padding:6px 0;color:#555;\"\">Employee Number:</td><td><strong>{{employee.number}}</strong></td></tr>\n<tr><td style=\"\"padding:6px 0;color:#555;\"\">Position:</td><td><strong>{{employee.position}}</strong></td></tr>\n<tr><td style=\"\"padding:6px 0;color:#555;\"\">Department:</td><td><strong>{{employee.department}}</strong></td></tr>\n<tr><td style=\"\"padding:6px 0;color:#555;\"\">Last Working Day:</td><td><strong>[Last Working Day]</strong></td></tr>\n</table>\n<table style=\"\"width:100%;border-collapse:collapse;\"\">\n<thead><tr style=\"\"background:#f1f5f9;\"\"><th style=\"\"padding:8px;text-align:left;\"\">Department / Item</th><th style=\"\"padding:8px;text-align:center;width:120px;\"\">Cleared</th><th style=\"\"padding:8px;text-align:left;\"\">Authorised By</th><th style=\"\"padding:8px;text-align:left;\"\">Date</th></tr></thead>\n<tbody>\n<tr style=\"\"border-bottom:1px solid #e2e8f0;\"\"><td style=\"\"padding:8px;font-size:0.82rem;\"\">IT ? Systems access revoked</td><td style=\"\"text-align:center;\"\">&#9634;</td><td></td><td></td></tr>\n<tr style=\"\"border-bottom:1px solid #e2e8f0;\"\"><td style=\"\"padding:8px;font-size:0.82rem;\"\">IT ? Equipment returned</td><td style=\"\"text-align:center;\"\">&#9634;</td><td></td><td></td></tr>\n<tr style=\"\"border-bottom:1px solid #e2e8f0;\"\"><td style=\"\"padding:8px;font-size:0.82rem;\"\">Finance ? No outstanding advances</td><td style=\"\"text-align:center;\"\">&#9634;</td><td></td><td></td></tr>\n<tr style=\"\"border-bottom:1px solid #e2e8f0;\"\"><td style=\"\"padding:8px;font-size:0.82rem;\"\">HR ? Documents submitted</td><td style=\"\"text-align:center;\"\">&#9634;</td><td></td><td></td></tr>\n<tr style=\"\"border-bottom:1px solid #e2e8f0;\"\"><td style=\"\"padding:8px;font-size:0.82rem;\"\">HR ? Leave balance settled</td><td style=\"\"text-align:center;\"\">&#9634;</td><td></td><td></td></tr>\n<tr style=\"\"border-bottom:1px solid #e2e8f0;\"\"><td style=\"\"padding:8px;font-size:0.82rem;\"\">Payroll ? Final salary confirmed</td><td style=\"\"text-align:center;\"\">&#9634;</td><td></td><td></td></tr>\n<tr style=\"\"border-bottom:1px solid #e2e8f0;\"\"><td style=\"\"padding:8px;font-size:0.82rem;\"\">Assets ? All assets returned</td><td style=\"\"text-align:center;\"\">&#9634;</td><td></td><td></td></tr>\n<tr style=\"\"border-bottom:1px solid #e2e8f0;\"\"><td style=\"\"padding:8px;font-size:0.82rem;\"\">Security ? Access card returned</td><td style=\"\"text-align:center;\"\">&#9634;</td><td></td><td></td></tr>\n<tr style=\"\"border-bottom:1px solid #e2e8f0;\"\"><td style=\"\"padding:8px;font-size:0.82rem;\"\">Manager ? Handover completed</td><td style=\"\"text-align:center;\"\">&#9634;</td><td></td><td></td></tr>\n</tbody></table></div>\n<div style=\"\"display:grid;grid-template-columns:1fr 1fr;gap:32px;margin-top:32px;text-align:left;\"\">\n<div style=\"\"border-top:1px solid #333;padding-top:8px;font-size:0.85rem;\"\">Employee: {{employee.full_name}}<br>Signature: _______________<br>Date: {{date.today}}</div>\n<div style=\"\"border-top:1px solid #333;padding-top:8px;font-size:0.85rem;\"\">HR Manager<br>{{company.name}}<br>Date: _______________</div>\n</div></div>','[\"company.name\",\"employee.full_name\",\"employee.number\",\"employee.position\",\"employee.department\",\"date.today\"]',1,1,0,NULL,NULL,NULL,NULL,1,NULL,'2026-06-24 13:24:21','2026-06-24 13:30:06',0,0,0,0,0,0,0,1,1),(39,9,'Dismissal Letter','dismissal_letter','Formal notice of dismissal after disciplinary process','<div style=\"font-family:Georgia,serif;max-width:700px;margin:0 auto;\">\n<div style=\"text-align:right;margin-bottom:32px;\"><strong>{{company.name}}</strong><br>{{date.today}}</div>\n<p><strong>PRIVATE AND CONFIDENTIAL</strong></p>\n<p style=\"margin-top:8px;\"><strong>{{employee.full_name}}</strong><br>Employee No: {{employee.number}}<br>{{employee.position}} | {{employee.department}}</p>\n<p style=\"margin:24px 0;\">Dear {{employee.preferred_name}},</p>\n<h2 style=\"font-size:1rem;text-decoration:underline;\">NOTICE OF DISMISSAL</h2>\n<p style=\"margin-top:16px;\">Following the disciplinary hearing conducted on [hearing date], at which you were afforded the opportunity to state your case and be represented, the chairperson found you <strong>guilty</strong> of the following:</p>\n<ol style=\"padding-left:24px;margin-top:8px;\">\n<li>[Charge 1]</li>\n<li>[Charge 2 ??? if applicable]</li>\n</ol>\n<p style=\"margin-top:12px;\">Having considered all the evidence presented and mitigating factors, the chairperson imposed the sanction of <strong>DISMISSAL</strong>.</p>\n<p style=\"margin-top:12px;\">Your dismissal takes effect from <strong>{{date.today}}</strong>. You are required to return all company property immediately. Your final salary payment including any outstanding amounts due to you will be processed in accordance with applicable law.</p>\n<p style=\"margin-top:12px;\">You have the right to appeal this decision within <strong>5 working days</strong> by submitting a written appeal to the HR Department at {{company.email}}.</p>\n<p style=\"margin-top:32px;\">Yours sincerely,</p>\n<div style=\"margin-top:48px;border-top:1px solid #333;width:200px;padding-top:8px;font-size:0.85rem;\">Human Resources<br>{{company.name}}</div>\n</div>','[\"company.name\",\"company.email\",\"employee.full_name\",\"employee.preferred_name\",\"employee.number\",\"employee.position\",\"employee.department\",\"date.today\"]',1,1,0,NULL,NULL,NULL,NULL,1,NULL,'2026-06-24 13:24:21','2026-06-24 13:24:21',0,0,0,0,0,0,0,1,1),(40,9,'Retrenchment Letter','retrenchment_letter','Formal notice of retrenchment with UIF information','<div style=\"font-family:Georgia,serif;max-width:700px;margin:0 auto;\">\n<div style=\"text-align:right;margin-bottom:32px;\"><strong>{{company.name}}</strong><br>{{date.today}}</div>\n<p><strong>PRIVATE AND CONFIDENTIAL</strong></p>\n<p style=\"margin-top:8px;\"><strong>{{employee.full_name}}</strong><br>Employee No: {{employee.number}}</p>\n<p style=\"margin:24px 0;\">Dear {{employee.preferred_name}},</p>\n<h2 style=\"font-size:1rem;text-decoration:underline;\">NOTICE OF RETRENCHMENT</h2>\n<p style=\"margin-top:16px;\">Following the Section 189/189A consultation process, we regret to inform you that your position of <strong>{{employee.position}}</strong> has been declared redundant, effective <strong>[last day of employment]</strong>.</p>\n<p style=\"margin-top:12px;\"><strong>Severance Package:</strong><br>In accordance with applicable labour legislation, you will receive:</p>\n<ul style=\"padding-left:24px;margin-top:8px;\">\n<li>Severance pay equivalent to 1 week per year of completed service</li>\n<li>Payment in lieu of outstanding leave balance</li>\n<li>Notice pay where applicable</li>\n</ul>\n<p style=\"margin-top:12px;\"><strong>UIF:</strong><br>You are entitled to claim from the Unemployment Insurance Fund (UIF). HR will assist you with the relevant documentation.</p>\n<p style=\"margin-top:12px;\">We sincerely regret the impact of this decision and wish you every success. A certificate of service will be issued upon request.</p>\n<p style=\"margin-top:32px;\">Yours sincerely,</p>\n<div style=\"margin-top:48px;border-top:1px solid #333;width:200px;padding-top:8px;font-size:0.85rem;\">Human Resources<br>{{company.name}}</div>\n</div>','[\"company.name\",\"employee.full_name\",\"employee.preferred_name\",\"employee.number\",\"employee.position\",\"date.today\"]',1,1,0,NULL,NULL,NULL,NULL,1,NULL,'2026-06-24 13:24:21','2026-06-24 13:24:21',0,0,0,0,0,0,0,1,1),(41,9,'Exit Interview Form','exit_interview_form','Structured exit interview form for departing employees','<div style=\"\"font-family:Georgia,serif;max-width:700px;margin:0 auto;\"\">\n<div style=\"\"margin-bottom:24px;\"\"><strong>{{company.name}}</strong> | EXIT INTERVIEW FORM</div>\n<table style=\"\"width:100%;border-collapse:collapse;margin-bottom:24px;\"\">\n<tr><td style=\"\"padding:6px 0;width:200px;color:#555;\"\">Employee Name:</td><td><strong>{{employee.full_name}}</strong></td></tr>\n<tr><td style=\"\"padding:6px 0;color:#555;\"\">Position:</td><td><strong>{{employee.position}}</strong></td></tr>\n<tr><td style=\"\"padding:6px 0;color:#555;\"\">Department:</td><td><strong>{{employee.department}}</strong></td></tr>\n<tr><td style=\"\"padding:6px 0;color:#555;\"\">Date of Interview:</td><td><strong>{{date.today}}</strong></td></tr>\n<tr><td style=\"\"padding:6px 0;color:#555;\"\">Interviewer:</td><td><strong>_______________</strong></td></tr>\n</table>\n<p style=\"\"font-size:0.85rem;margin-bottom:16px;\"\">Please answer the following questions honestly. Your feedback is confidential and helps us improve.</p>\n<div style=\"\"margin-bottom:20px;\"\"><p style=\"\"font-weight:600;font-size:0.88rem;\"\">1. What is your main reason for leaving {{company.name}}?</p><div style=\"\"border-bottom:1px solid #cbd5e1;margin-top:28px;\"\"></div><div style=\"\"border-bottom:1px solid #cbd5e1;margin-top:20px;\"\"></div></div>\n<div style=\"\"margin-bottom:20px;\"\"><p style=\"\"font-weight:600;font-size:0.88rem;\"\">2. How would you rate your overall experience working here? (1?10)</p><div style=\"\"border-bottom:1px solid #cbd5e1;margin-top:28px;\"\"></div></div>\n<div style=\"\"margin-bottom:20px;\"\"><p style=\"\"font-weight:600;font-size:0.88rem;\"\">3. Were your roles and responsibilities clearly defined?</p><div style=\"\"border-bottom:1px solid #cbd5e1;margin-top:28px;\"\"></div><div style=\"\"border-bottom:1px solid #cbd5e1;margin-top:20px;\"\"></div></div>\n<div style=\"\"margin-bottom:20px;\"\"><p style=\"\"font-weight:600;font-size:0.88rem;\"\">4. How was your relationship with your direct supervisor ({{employee.supervisor}})?</p><div style=\"\"border-bottom:1px solid #cbd5e1;margin-top:28px;\"\"></div><div style=\"\"border-bottom:1px solid #cbd5e1;margin-top:20px;\"\"></div></div>\n<div style=\"\"margin-bottom:20px;\"\"><p style=\"\"font-weight:600;font-size:0.88rem;\"\">5. Were you given sufficient opportunities for growth and development?</p><div style=\"\"border-bottom:1px solid #cbd5e1;margin-top:28px;\"\"></div><div style=\"\"border-bottom:1px solid #cbd5e1;margin-top:20px;\"\"></div></div>\n<div style=\"\"margin-bottom:20px;\"\"><p style=\"\"font-weight:600;font-size:0.88rem;\"\">6. Would you recommend {{company.name}} as an employer to others? Why?</p><div style=\"\"border-bottom:1px solid #cbd5e1;margin-top:28px;\"\"></div><div style=\"\"border-bottom:1px solid #cbd5e1;margin-top:20px;\"\"></div></div>\n<div style=\"\"margin-bottom:20px;\"\"><p style=\"\"font-weight:600;font-size:0.88rem;\"\">7. What did you enjoy most about working here?</p><div style=\"\"border-bottom:1px solid #cbd5e1;margin-top:28px;\"\"></div><div style=\"\"border-bottom:1px solid #cbd5e1;margin-top:20px;\"\"></div></div>\n<div style=\"\"margin-bottom:20px;\"\"><p style=\"\"font-weight:600;font-size:0.88rem;\"\">8. What improvements would you suggest for {{company.name}}?</p><div style=\"\"border-bottom:1px solid #cbd5e1;margin-top:28px;\"\"></div><div style=\"\"border-bottom:1px solid #cbd5e1;margin-top:20px;\"\"></div></div>\n<div style=\"\"margin-top:32px;border-top:1px solid #333;padding-top:8px;font-size:0.85rem;\"\">Employee Signature: _______________&nbsp;&nbsp;&nbsp;Date: _______________</div>\n</div>','[\"company.name\",\"employee.full_name\",\"employee.position\",\"employee.department\",\"employee.supervisor\",\"date.today\"]',1,1,0,NULL,NULL,NULL,NULL,1,NULL,'2026-06-24 13:24:21','2026-06-24 13:30:06',0,0,0,0,0,0,0,1,1),(42,7,'Health and Safety Acknowledgement','health_safety_ack','Employee acknowledges health and safety requirements','<div style=\"font-family:Georgia,serif;max-width:700px;margin:0 auto;\">\n<div style=\"text-align:center;margin-bottom:24px;\"><strong>{{company.name}}</strong></div>\n<h2 style=\"font-size:1rem;text-align:center;text-decoration:underline;margin-bottom:24px;\">OCCUPATIONAL HEALTH AND SAFETY ACKNOWLEDGEMENT</h2>\n<p>I, <strong>{{employee.full_name}}</strong> ({{employee.number}}), have been informed of the Occupational Health and Safety requirements of {{company.name}} and commit to comply with:</p>\n<ul style=\"padding-left:24px;margin-top:12px;\">\n<li>All relevant provisions of the Occupational Health and Safety Act</li>\n<li>Company health and safety policies and procedures</li>\n<li>Correct use of personal protective equipment (PPE)</li>\n<li>Reporting all accidents, near-misses and unsafe conditions immediately</li>\n<li>Not performing work under the influence of alcohol or drugs</li>\n<li>Attending all required health and safety training</li>\n</ul>\n<div style=\"margin-top:40px;border-top:1px solid #333;padding-top:8px;font-size:0.85rem;\">\nEmployee: {{employee.full_name}}<br>Signature: _______________<br>Date: {{date.today}}\n</div>\n</div>','[\"company.name\",\"employee.full_name\",\"employee.number\",\"date.today\"]',1,1,0,NULL,NULL,NULL,NULL,1,NULL,'2026-06-24 13:24:21','2026-06-24 13:24:21',0,0,0,0,0,0,0,1,1),(43,7,'Confidentiality Agreement','confidentiality_agreement','Employee confidentiality and non-disclosure agreement','<div style=\"font-family:Georgia,serif;max-width:700px;margin:0 auto;\">\n<div style=\"text-align:center;margin-bottom:24px;\"><strong>{{company.name}}</strong></div>\n<h2 style=\"font-size:1rem;text-align:center;text-decoration:underline;margin-bottom:24px;\">EMPLOYEE CONFIDENTIALITY AGREEMENT</h2>\n<p>This Confidentiality Agreement is entered into between <strong>{{company.name}}</strong> (\"the Company\") and <strong>{{employee.full_name}}</strong> (\"the Employee\"), Employee No: {{employee.number}}, effective <strong>{{employee.start_date}}</strong>.</p>\n<p style=\"margin-top:16px;\"><strong>1. Confidential Information</strong><br>\nThe Employee agrees to keep confidential all trade secrets, business strategies, client information, financial data, personnel records, pricing information, and any other proprietary information of the Company.</p>\n<p style=\"margin-top:12px;\"><strong>2. Non-Disclosure</strong><br>\nThe Employee will not, without prior written consent, disclose any confidential information to any third party during or after the period of employment.</p>\n<p style=\"margin-top:12px;\"><strong>3. Return of Information</strong><br>\nUpon termination of employment, the Employee will return all documents, data, and materials containing confidential information.</p>\n<p style=\"margin-top:12px;\"><strong>4. Duration</strong><br>\nThis agreement remains in force during employment and for a period of 2 years after termination.</p>\n<div style=\"display:grid;grid-template-columns:1fr 1fr;gap:32px;margin-top:40px;\">\n<div style=\"border-top:1px solid #333;padding-top:8px;font-size:0.85rem;\">For: {{company.name}}<br>Signature: _______________<br>Date: {{date.today}}</div>\n<div style=\"border-top:1px solid #333;padding-top:8px;font-size:0.85rem;\">Employee: {{employee.full_name}}<br>Signature: _______________<br>Date: {{date.today}}</div>\n</div>\n</div>','[\"company.name\",\"employee.full_name\",\"employee.number\",\"employee.start_date\",\"date.today\"]',1,1,0,NULL,NULL,NULL,NULL,1,NULL,'2026-06-24 13:24:21','2026-06-24 13:24:21',0,0,0,0,0,0,0,1,1),(44,7,'Conflict of Interest Declaration','conflict_of_interest','Employee declaration of any conflicts of interest','<div style=\"font-family:Georgia,serif;max-width:700px;margin:0 auto;\">\n<div style=\"text-align:center;margin-bottom:24px;\"><strong>{{company.name}}</strong></div>\n<h2 style=\"font-size:1rem;text-align:center;text-decoration:underline;margin-bottom:24px;\">DECLARATION OF CONFLICT OF INTEREST</h2>\n<p>I, <strong>{{employee.full_name}}</strong>, Employee No: {{employee.number}}, employed as <strong>{{employee.position}}</strong>, hereby declare the following in connection with potential conflicts of interest:</p>\n<div style=\"margin-top:16px;padding:16px;border:1px solid #e2e8f0;border-radius:8px;\">\n<p style=\"font-weight:600;\">Please tick the applicable option:</p>\n<div style=\"margin-top:12px;\">??? I have NO conflict of interest to declare.</div>\n<div style=\"margin-top:8px;\">??? I have a conflict of interest to declare as follows:</div>\n<div style=\"border-bottom:1px solid #cbd5e1;margin-top:24px;\"></div>\n<div style=\"border-bottom:1px solid #cbd5e1;margin-top:20px;\"></div>\n<div style=\"border-bottom:1px solid #cbd5e1;margin-top:20px;\"></div>\n</div>\n<p style=\"margin-top:16px;font-size:0.85rem;color:#555;\">I understand that it is my ongoing obligation to disclose any conflicts of interest that arise and that failure to do so may result in disciplinary action.</p>\n<div style=\"margin-top:40px;border-top:1px solid #333;padding-top:8px;font-size:0.85rem;\">\nEmployee: {{employee.full_name}}<br>Signature: _______________<br>Date: {{date.today}}\n</div>\n</div>','[\"company.name\",\"employee.full_name\",\"employee.number\",\"employee.position\",\"date.today\"]',1,1,0,NULL,NULL,NULL,NULL,1,NULL,'2026-06-24 13:24:21','2026-06-24 13:24:21',0,0,0,0,0,0,0,1,1),(45,10,'General HR Memo','general_hr_memo','General purpose HR memorandum template','<div style=\"font-family:Georgia,serif;max-width:700px;margin:0 auto;\">\n<div style=\"background:#f1f5f9;padding:16px;border-radius:8px;margin-bottom:24px;\">\n<p style=\"font-size:0.85rem;font-weight:700;text-transform:uppercase;letter-spacing:.05em;color:#475569;\">MEMORANDUM</p>\n<table style=\"width:100%;font-size:0.85rem;margin-top:8px;\">\n<tr><td style=\"padding:3px 0;width:80px;color:#64748b;\">TO:</td><td><strong>{{employee.full_name}}</strong> | {{employee.position}}</td></tr>\n<tr><td style=\"padding:3px 0;color:#64748b;\">FROM:</td><td><strong>Human Resources</strong> | {{company.name}}</td></tr>\n<tr><td style=\"padding:3px 0;color:#64748b;\">DATE:</td><td>{{date.today}}</td></tr>\n<tr><td style=\"padding:3px 0;color:#64748b;\">RE:</td><td><strong>[Subject of Memo]</strong></td></tr>\n</table>\n</div>\n<p>[Body of memorandum. State the purpose, information, action required, and any deadlines clearly and concisely.]</p>\n<p style=\"margin-top:16px;\">[Additional paragraphs as needed.]</p>\n<p style=\"margin-top:24px;\">For queries, please contact Human Resources at {{company.email}} or {{company.phone}}.</p>\n<div style=\"margin-top:40px;border-top:1px solid #333;padding-top:8px;font-size:0.85rem;\">Human Resources<br>{{company.name}}</div>\n</div>','[\"company.name\",\"company.email\",\"company.phone\",\"employee.full_name\",\"employee.position\",\"date.today\"]',1,1,0,NULL,NULL,NULL,NULL,1,NULL,'2026-06-24 13:24:21','2026-06-24 13:24:21',0,0,0,0,0,0,0,1,1),(46,10,'Employee Address Verification','address_verification','Confirms employee residential address','<div style=\"font-family:Georgia,serif;max-width:700px;margin:0 auto;text-align:center;\">\n<p style=\"margin-bottom:4px;\"><strong>{{company.name}}</strong></p>\n<p style=\"font-size:0.85rem;color:#555;margin-bottom:32px;\">{{company.address}}</p>\n<h1 style=\"font-size:1.1rem;letter-spacing:.08em;text-transform:uppercase;margin-bottom:4px;\">PROOF OF EMPLOYMENT AND ADDRESS</h1>\n<div style=\"width:60px;height:3px;background:#1D4ED8;margin:12px auto 32px;\"></div>\n<div style=\"text-align:left;max-width:500px;margin:0 auto;\">\n<p>This is to confirm that <strong>{{employee.full_name}}</strong> (Employee No: {{employee.number}}) is employed at {{company.name}} as <strong>{{employee.position}}</strong> and resides at the following address:</p>\n<div style=\"border:1px solid #e2e8f0;border-radius:8px;padding:16px;margin:16px 0;\">\n<p style=\"font-weight:600;\">{{employee.address}}</p>\n</div>\n<p>This letter is issued at the request of the employee for official purposes.</p>\n</div>\n<div style=\"margin-top:48px;display:inline-block;text-align:left;min-width:220px;\">\n<div style=\"border-top:1px solid #333;padding-top:8px;font-size:0.85rem;\">Authorised Signature<br>Human Resources<br>{{company.name}}<br>Date: {{date.today}}</div>\n</div>\n</div>','[\"company.name\",\"company.address\",\"employee.full_name\",\"employee.number\",\"employee.position\",\"employee.address\",\"date.today\"]',1,1,0,NULL,NULL,NULL,NULL,1,NULL,'2026-06-24 13:24:21','2026-06-24 13:24:21',0,0,0,0,0,0,0,1,1),(47,10,'Internal Announcement','internal_announcement','General staff announcement or notice','<div style=\"font-family:Georgia,serif;max-width:700px;margin:0 auto;\">\n<div style=\"border-bottom:3px solid #1D4ED8;padding-bottom:16px;margin-bottom:24px;display:flex;justify-content:space-between;align-items:baseline;\">\n<strong>{{company.name}}</strong>\n<span style=\"font-size:0.85rem;color:#555;\">{{date.today}}</span>\n</div>\n<h2 style=\"font-size:1.1rem;margin-bottom:8px;\">STAFF ANNOUNCEMENT</h2>\n<p style=\"font-size:0.9rem;font-weight:600;color:#475569;margin-bottom:20px;\">[Announcement Subject / Title]</p>\n<p>Dear All,</p>\n<p style=\"margin-top:12px;\">[Opening paragraph ??? state the key message clearly.]</p>\n<p style=\"margin-top:12px;\">[Supporting information, context, or background details.]</p>\n<p style=\"margin-top:12px;\">[Any actions required, deadlines, or next steps.]</p>\n<p style=\"margin-top:12px;\">[Closing paragraph ??? thank the team, encourage questions.]</p>\n<p style=\"margin-top:24px;\">For further information, please contact Human Resources at {{company.email}}.</p>\n<div style=\"margin-top:40px;border-top:1px solid #333;padding-top:8px;font-size:0.85rem;\">Human Resources<br>{{company.name}}</div>\n</div>','[\"company.name\",\"company.email\",\"date.today\"]',1,1,0,NULL,NULL,NULL,NULL,1,NULL,'2026-06-24 13:24:21','2026-06-24 13:24:21',0,0,0,0,0,0,0,1,1);
/*!40000 ALTER TABLE `doc_templates` ENABLE KEYS */;
UNLOCK TABLES;

--
-- Table structure for table `email_logs`
--

DROP TABLE IF EXISTS `email_logs`;
/*!40101 SET @saved_cs_client     = @@character_set_client */;
/*!40101 SET character_set_client = utf8 */;
CREATE TABLE `email_logs` (
  `id` bigint(20) unsigned NOT NULL AUTO_INCREMENT,
  `type` enum('payslip','leave_approval','leave_rejection','document','general','test') DEFAULT 'general',
  `recipient_name` varchar(200) DEFAULT NULL,
  `recipient_email` varchar(200) NOT NULL,
  `subject` varchar(500) NOT NULL,
  `body_html` longtext DEFAULT NULL,
  `status` enum('sent','failed','pending','bounced') DEFAULT 'pending',
  `employee_id` int(10) unsigned DEFAULT NULL,
  `reference_id` int(10) unsigned DEFAULT NULL COMMENT 'Payslip ID, Leave ID, Document ID, etc',
  `reference_type` varchar(50) DEFAULT NULL,
  `failure_reason` text DEFAULT NULL,
  `retry_count` tinyint(4) DEFAULT 0,
  `sent_at` datetime DEFAULT NULL,
  `created_at` timestamp NOT NULL DEFAULT current_timestamp(),
  PRIMARY KEY (`id`),
  KEY `idx_email_status` (`status`),
  KEY `idx_email_type` (`type`),
  KEY `idx_email_emp` (`employee_id`)
) ENGINE=InnoDB DEFAULT CHARSET=utf8mb4 COLLATE=utf8mb4_unicode_ci;
/*!40101 SET character_set_client = @saved_cs_client */;

--
-- Dumping data for table `email_logs`
--

LOCK TABLES `email_logs` WRITE;
/*!40000 ALTER TABLE `email_logs` DISABLE KEYS */;
/*!40000 ALTER TABLE `email_logs` ENABLE KEYS */;
UNLOCK TABLES;

--
-- Table structure for table `employee_dependents`
--

DROP TABLE IF EXISTS `employee_dependents`;
/*!40101 SET @saved_cs_client     = @@character_set_client */;
/*!40101 SET character_set_client = utf8 */;
CREATE TABLE `employee_dependents` (
  `id` int(10) unsigned NOT NULL AUTO_INCREMENT,
  `employee_id` int(10) unsigned NOT NULL,
  `full_name` varchar(150) NOT NULL,
  `relationship` enum('spouse','child','parent','sibling','other') NOT NULL,
  `date_of_birth` date DEFAULT NULL,
  `gender` enum('male','female','other') DEFAULT NULL,
  `national_id` varchar(50) DEFAULT NULL,
  `is_beneficiary` tinyint(1) DEFAULT 0,
  `beneficiary_percentage` decimal(5,2) DEFAULT NULL,
  `notes` text DEFAULT NULL,
  `created_at` timestamp NOT NULL DEFAULT current_timestamp(),
  PRIMARY KEY (`id`),
  KEY `employee_id` (`employee_id`),
  CONSTRAINT `employee_dependents_ibfk_1` FOREIGN KEY (`employee_id`) REFERENCES `employees` (`id`) ON DELETE CASCADE
) ENGINE=InnoDB DEFAULT CHARSET=utf8mb4 COLLATE=utf8mb4_unicode_ci;
/*!40101 SET character_set_client = @saved_cs_client */;

--
-- Dumping data for table `employee_dependents`
--

LOCK TABLES `employee_dependents` WRITE;
/*!40000 ALTER TABLE `employee_dependents` DISABLE KEYS */;
/*!40000 ALTER TABLE `employee_dependents` ENABLE KEYS */;
UNLOCK TABLES;

--
-- Table structure for table `employee_documents`
--

DROP TABLE IF EXISTS `employee_documents`;
/*!40101 SET @saved_cs_client     = @@character_set_client */;
/*!40101 SET character_set_client = utf8 */;
CREATE TABLE `employee_documents` (
  `id` int(10) unsigned NOT NULL AUTO_INCREMENT,
  `employee_id` int(10) unsigned NOT NULL,
  `category` enum('id_document','certificate','contract','medical','warning_letter','promotion_letter','leave_document','resignation','clearance','payslip','bank_document','training_certificate','other') NOT NULL,
  `document_name` varchar(255) NOT NULL,
  `file_path` varchar(500) NOT NULL,
  `file_type` varchar(100) DEFAULT NULL,
  `file_size` int(11) DEFAULT NULL,
  `expiry_date` date DEFAULT NULL,
  `is_verified` tinyint(1) DEFAULT 0,
  `verified_by` int(10) unsigned DEFAULT NULL,
  `verified_at` datetime DEFAULT NULL,
  `notes` text DEFAULT NULL,
  `uploaded_by` int(10) unsigned DEFAULT NULL,
  `uploaded_at` timestamp NOT NULL DEFAULT current_timestamp(),
  `is_deleted` tinyint(1) DEFAULT 0,
  PRIMARY KEY (`id`),
  KEY `idx_doc_emp` (`employee_id`),
  KEY `idx_doc_expiry` (`expiry_date`),
  CONSTRAINT `employee_documents_ibfk_1` FOREIGN KEY (`employee_id`) REFERENCES `employees` (`id`) ON DELETE CASCADE
) ENGINE=InnoDB AUTO_INCREMENT=2 DEFAULT CHARSET=utf8mb4 COLLATE=utf8mb4_unicode_ci;
/*!40101 SET character_set_client = @saved_cs_client */;

--
-- Dumping data for table `employee_documents`
--

LOCK TABLES `employee_documents` WRITE;
/*!40000 ALTER TABLE `employee_documents` DISABLE KEYS */;
INSERT INTO `employee_documents` VALUES (1,9,'other','Confidentiality Agreement','generated:1',NULL,NULL,NULL,0,NULL,NULL,'Auto-generated from template: Confidentiality Agreement',1,'2026-06-25 13:11:10',0);
/*!40000 ALTER TABLE `employee_documents` ENABLE KEYS */;
UNLOCK TABLES;

--
-- Table structure for table `employee_pending_updates`
--

DROP TABLE IF EXISTS `employee_pending_updates`;
/*!40101 SET @saved_cs_client     = @@character_set_client */;
/*!40101 SET character_set_client = utf8 */;
CREATE TABLE `employee_pending_updates` (
  `id` int(10) unsigned NOT NULL AUTO_INCREMENT,
  `employee_id` int(10) unsigned NOT NULL,
  `update_link_id` int(10) unsigned DEFAULT NULL,
  `field_name` varchar(100) NOT NULL,
  `field_label` varchar(150) NOT NULL,
  `old_value` text DEFAULT NULL,
  `new_value` text NOT NULL,
  `status` enum('pending','approved','rejected') DEFAULT 'pending',
  `rejection_reason` text DEFAULT NULL,
  `reviewed_by` int(10) unsigned DEFAULT NULL,
  `reviewed_at` datetime DEFAULT NULL,
  `submitted_at` timestamp NOT NULL DEFAULT current_timestamp(),
  PRIMARY KEY (`id`),
  KEY `employee_id` (`employee_id`),
  CONSTRAINT `employee_pending_updates_ibfk_1` FOREIGN KEY (`employee_id`) REFERENCES `employees` (`id`) ON DELETE CASCADE
) ENGINE=InnoDB DEFAULT CHARSET=utf8mb4 COLLATE=utf8mb4_unicode_ci;
/*!40101 SET character_set_client = @saved_cs_client */;

--
-- Dumping data for table `employee_pending_updates`
--

LOCK TABLES `employee_pending_updates` WRITE;
/*!40000 ALTER TABLE `employee_pending_updates` DISABLE KEYS */;
/*!40000 ALTER TABLE `employee_pending_updates` ENABLE KEYS */;
UNLOCK TABLES;

--
-- Table structure for table `employee_qualifications`
--

DROP TABLE IF EXISTS `employee_qualifications`;
/*!40101 SET @saved_cs_client     = @@character_set_client */;
/*!40101 SET character_set_client = utf8 */;
CREATE TABLE `employee_qualifications` (
  `id` int(10) unsigned NOT NULL AUTO_INCREMENT,
  `employee_id` int(10) unsigned NOT NULL,
  `qualification_type` enum('matric','diploma','degree','honours','masters','phd','trade_cert','professional_cert','other') NOT NULL,
  `title` varchar(200) NOT NULL,
  `institution` varchar(200) DEFAULT NULL,
  `field_of_study` varchar(150) DEFAULT NULL,
  `year_obtained` year(4) DEFAULT NULL,
  `grade_result` varchar(50) DEFAULT NULL,
  `certificate_file` varchar(500) DEFAULT NULL,
  `is_verified` tinyint(1) DEFAULT 0,
  `verified_by` int(10) unsigned DEFAULT NULL,
  `verified_at` datetime DEFAULT NULL,
  `notes` text DEFAULT NULL,
  `created_at` timestamp NOT NULL DEFAULT current_timestamp(),
  PRIMARY KEY (`id`),
  KEY `employee_id` (`employee_id`),
  CONSTRAINT `employee_qualifications_ibfk_1` FOREIGN KEY (`employee_id`) REFERENCES `employees` (`id`) ON DELETE CASCADE
) ENGINE=InnoDB DEFAULT CHARSET=utf8mb4 COLLATE=utf8mb4_unicode_ci;
/*!40101 SET character_set_client = @saved_cs_client */;

--
-- Dumping data for table `employee_qualifications`
--

LOCK TABLES `employee_qualifications` WRITE;
/*!40000 ALTER TABLE `employee_qualifications` DISABLE KEYS */;
/*!40000 ALTER TABLE `employee_qualifications` ENABLE KEYS */;
UNLOCK TABLES;

--
-- Table structure for table `employee_requests`
--

DROP TABLE IF EXISTS `employee_requests`;
/*!40101 SET @saved_cs_client     = @@character_set_client */;
/*!40101 SET character_set_client = utf8 */;
CREATE TABLE `employee_requests` (
  `id` int(10) unsigned NOT NULL AUTO_INCREMENT,
  `employee_id` int(10) unsigned NOT NULL,
  `request_type` enum('leave_query','payslip_query','employment_certificate','bank_update','salary_query','training_request','general_query','grievance','payroll_query','document_request') NOT NULL,
  `subject` varchar(255) NOT NULL,
  `description` text NOT NULL,
  `priority` enum('low','normal','high','urgent') DEFAULT 'normal',
  `status` enum('open','in_progress','resolved','closed','rejected') DEFAULT 'open',
  `assigned_to` int(10) unsigned DEFAULT NULL,
  `hr_response` text DEFAULT NULL,
  `internal_notes` text DEFAULT NULL,
  `resolved_by` int(10) unsigned DEFAULT NULL,
  `resolved_at` datetime DEFAULT NULL,
  `attachment` varchar(500) DEFAULT NULL,
  `created_at` timestamp NOT NULL DEFAULT current_timestamp(),
  `updated_at` timestamp NOT NULL DEFAULT current_timestamp() ON UPDATE current_timestamp(),
  PRIMARY KEY (`id`),
  KEY `employee_id` (`employee_id`),
  CONSTRAINT `employee_requests_ibfk_1` FOREIGN KEY (`employee_id`) REFERENCES `employees` (`id`) ON DELETE CASCADE
) ENGINE=InnoDB AUTO_INCREMENT=12 DEFAULT CHARSET=utf8mb4 COLLATE=utf8mb4_unicode_ci;
/*!40101 SET character_set_client = @saved_cs_client */;

--
-- Dumping data for table `employee_requests`
--

LOCK TABLES `employee_requests` WRITE;
/*!40000 ALTER TABLE `employee_requests` DISABLE KEYS */;
INSERT INTO `employee_requests` VALUES (1,1,'payslip_query','test message','hey','high','open',NULL,NULL,NULL,NULL,NULL,NULL,'2026-06-25 13:10:04','2026-06-25 13:10:04'),(2,5,'payslip_query','May 2026 payslip ??? overtime query','My May payslip does not reflect 6.5 hours of approved overtime worked on 2026-05-23. Please review.','normal','resolved',NULL,'Payslip recalculated. OT of 6.5 hrs at K92/hr added. Amended payslip issued.',NULL,NULL,'2026-06-27 22:10:44',NULL,'2026-06-15 12:10:44','2026-06-27 12:10:44'),(3,8,'employment_certificate','Employment certificate ??? BSP home loan application','I require an official employment certificate confirming my employment, salary, and length of service for a BSP home loan application. Please issue as soon as possible.','high','resolved',NULL,'Employment certificate generated and provided to employee on 2026-06-15.',NULL,NULL,'2026-06-27 22:10:44',NULL,'2026-06-12 12:10:44','2026-06-27 12:10:44'),(4,7,'leave_query','Leave balance discrepancy ??? Annual Leave','My portal shows 15 days AL remaining but I calculated I should have 18 days. I took 3 days in May which was approved. Please clarify.','normal','in_progress',NULL,NULL,NULL,NULL,NULL,NULL,'2026-06-22 12:10:44','2026-06-27 12:10:44'),(5,11,'bank_update','Bank account update ??? BSP to Kina Bank','I have changed my salary bank account from BSP to Kina Bank. New account: 2001234567, Branch Code: 002. Please update records effective July payroll.','high','open',NULL,NULL,NULL,NULL,NULL,NULL,'2026-06-25 12:10:44','2026-06-27 12:10:44'),(6,6,'training_request','Request to attend Leadership Training ??? July 2026','I would like to be considered for the Leadership Essentials training scheduled for July 7???9. I believe it will significantly develop my supervisory skills.','normal','open',NULL,NULL,NULL,NULL,NULL,NULL,'2026-06-26 12:10:44','2026-06-27 12:10:44'),(7,9,'general_query','Annual performance review ??? when will I receive Q2 results?','Could you please advise when Q2 2026 performance reviews will be conducted and when results will be communicated to staff?','low','resolved',NULL,'Q2 performance reviews are scheduled for July 31 ??? August 8, 2026. You will be notified by HR at least one week prior.',NULL,NULL,'2026-06-27 22:10:44',NULL,'2026-06-19 12:10:44','2026-06-27 12:10:44'),(8,11,'payslip_query','Test','test','urgent','open',NULL,NULL,NULL,NULL,NULL,NULL,'2026-06-28 11:16:08','2026-06-28 11:16:08');
/*!40000 ALTER TABLE `employee_requests` ENABLE KEYS */;
UNLOCK TABLES;

--
-- Table structure for table `employee_savings`
--

DROP TABLE IF EXISTS `employee_savings`;
/*!40101 SET @saved_cs_client     = @@character_set_client */;
/*!40101 SET character_set_client = utf8 */;
CREATE TABLE `employee_savings` (
  `id` int(10) unsigned NOT NULL AUTO_INCREMENT,
  `employee_id` int(10) unsigned NOT NULL,
  `savings_type` enum('pension','provident','medical_aid','funeral','savings','other') NOT NULL,
  `fund_name` varchar(255) DEFAULT NULL,
  `target_amount` decimal(14,2) DEFAULT 0.00,
  `current_balance` decimal(14,2) DEFAULT 0.00,
  `employee_rate_pct` decimal(5,2) DEFAULT 0.00,
  `employer_rate_pct` decimal(5,2) DEFAULT 0.00,
  `monthly_employee_contrib` decimal(12,2) DEFAULT 0.00,
  `monthly_employer_contrib` decimal(12,2) DEFAULT 0.00,
  `total_employee_contrib` decimal(14,2) DEFAULT 0.00,
  `total_employer_contrib` decimal(14,2) DEFAULT 0.00,
  `start_date` date DEFAULT NULL,
  `projected_end_date` date DEFAULT NULL,
  `notes` text DEFAULT NULL,
  `created_by` int(10) unsigned DEFAULT NULL,
  `created_at` timestamp NOT NULL DEFAULT current_timestamp(),
  `updated_at` timestamp NOT NULL DEFAULT current_timestamp() ON UPDATE current_timestamp(),
  PRIMARY KEY (`id`),
  KEY `employee_id` (`employee_id`),
  CONSTRAINT `employee_savings_ibfk_1` FOREIGN KEY (`employee_id`) REFERENCES `employees` (`id`) ON DELETE CASCADE
) ENGINE=InnoDB AUTO_INCREMENT=23 DEFAULT CHARSET=utf8mb4 COLLATE=utf8mb4_unicode_ci;
/*!40101 SET character_set_client = @saved_cs_client */;

--
-- Dumping data for table `employee_savings`
--

LOCK TABLES `employee_savings` WRITE;
/*!40000 ALTER TABLE `employee_savings` DISABLE KEYS */;
INSERT INTO `employee_savings` VALUES (1,1,'pension','Komagin Pension Fund',2040000.00,18997.50,7.50,7.50,637.50,637.50,18997.50,18997.50,'2024-01-01',NULL,NULL,1,'2026-06-27 12:10:44','2026-06-27 12:10:44'),(2,2,'pension','Komagin Pension Fund',1800000.00,22762.50,7.50,7.50,562.50,562.50,22762.50,22762.50,'2023-03-01',NULL,NULL,1,'2026-06-27 12:10:44','2026-06-27 12:10:44'),(3,3,'pension','Komagin Pension Fund',1008000.00,5638.50,7.50,7.50,315.00,315.00,5638.50,5638.50,'2025-01-01',NULL,NULL,1,'2026-06-27 12:10:44','2026-06-27 12:10:44'),(4,4,'pension','Komagin Pension Fund',1008000.00,5344.50,7.50,7.50,315.00,315.00,5344.50,5344.50,'2025-02-01',NULL,NULL,1,'2026-06-27 12:10:44','2026-06-27 12:10:44'),(5,5,'pension','Komagin Pension Fund',1560000.00,22945.00,7.50,7.50,487.50,487.50,22945.00,22945.00,'2022-08-01',NULL,NULL,1,'2026-06-27 12:10:44','2026-06-27 12:10:44'),(6,6,'pension','Komagin Pension Fund',2160000.00,51255.00,7.50,7.50,675.00,675.00,51255.00,51255.00,'2020-04-01',NULL,NULL,1,'2026-06-27 12:10:44','2026-06-27 12:10:44'),(7,7,'pension','Komagin Pension Fund',1392000.00,16109.50,7.50,7.50,435.00,435.00,16109.50,16109.50,'2023-06-01',NULL,NULL,1,'2026-06-27 12:10:44','2026-06-27 12:10:44'),(8,8,'pension','Komagin Pension Fund',1968000.00,50327.50,7.50,7.50,615.00,615.00,50327.50,50327.50,'2019-10-01',NULL,NULL,1,'2026-06-27 12:10:44','2026-06-27 12:10:44'),(9,9,'pension','Komagin Pension Fund',1320000.00,11618.75,7.50,7.50,412.50,412.50,11618.75,11618.75,'2024-03-01',NULL,NULL,1,'2026-06-27 12:10:44','2026-06-27 12:10:44'),(10,10,'pension','Komagin Pension Fund',1680000.00,29365.00,7.50,7.50,525.00,525.00,29365.00,29365.00,'2021-11-01',NULL,NULL,1,'2026-06-27 12:10:44','2026-06-27 12:10:44'),(11,11,'pension','Komagin Pension Fund',1200000.00,19925.00,7.50,7.50,375.00,375.00,19925.00,19925.00,'2022-02-01',NULL,NULL,1,'2026-06-27 12:10:44','2026-06-27 12:10:44'),(12,12,'pension','Komagin Pension Fund',912000.00,4503.00,7.50,7.50,285.00,285.00,4503.00,4503.00,'2025-03-01',NULL,NULL,1,'2026-06-27 12:10:44','2026-06-27 12:10:44'),(13,13,'pension','Komagin Pension Fund',3600000.00,110550.00,7.50,7.50,1125.00,1125.00,110550.00,110550.00,'2018-06-01',NULL,NULL,1,'2026-06-27 12:10:44','2026-06-27 12:10:44'),(16,1,'medical_aid','Pacific MMI Health Insurance',0.00,0.00,0.00,0.00,450.00,450.00,13410.00,13410.00,'2024-01-01',NULL,NULL,1,'2026-06-27 12:10:44','2026-06-27 12:10:44'),(17,2,'medical_aid','Pacific MMI Health Insurance',0.00,0.00,0.00,0.00,450.00,450.00,18210.00,18210.00,'2023-03-01',NULL,NULL,1,'2026-06-27 12:10:44','2026-06-27 12:10:44'),(18,5,'medical_aid','Pacific MMI Health Insurance',0.00,0.00,0.00,0.00,450.00,450.00,21180.00,21180.00,'2022-08-01',NULL,NULL,1,'2026-06-27 12:10:44','2026-06-27 12:10:44'),(19,6,'medical_aid','Pacific MMI Health Insurance',0.00,0.00,0.00,0.00,450.00,450.00,34170.00,34170.00,'2020-04-01',NULL,NULL,1,'2026-06-27 12:10:44','2026-06-27 12:10:44'),(20,8,'medical_aid','Pacific MMI Health Insurance',0.00,0.00,0.00,0.00,450.00,450.00,36825.00,36825.00,'2019-10-01',NULL,NULL,1,'2026-06-27 12:10:44','2026-06-27 12:10:44'),(21,10,'medical_aid','Pacific MMI Health Insurance',0.00,0.00,0.00,0.00,450.00,450.00,25170.00,25170.00,'2021-11-01',NULL,NULL,1,'2026-06-27 12:10:44','2026-06-27 12:10:44'),(22,13,'medical_aid','Pacific MMI Health Insurance',0.00,0.00,0.00,0.00,450.00,450.00,44220.00,44220.00,'2018-06-01',NULL,NULL,1,'2026-06-27 12:10:44','2026-06-27 12:10:44');
/*!40000 ALTER TABLE `employee_savings` ENABLE KEYS */;
UNLOCK TABLES;

--
-- Table structure for table `employee_skills`
--

DROP TABLE IF EXISTS `employee_skills`;
/*!40101 SET @saved_cs_client     = @@character_set_client */;
/*!40101 SET character_set_client = utf8 */;
CREATE TABLE `employee_skills` (
  `id` int(10) unsigned NOT NULL AUTO_INCREMENT,
  `employee_id` int(10) unsigned NOT NULL,
  `skill_name` varchar(150) NOT NULL,
  `proficiency` enum('beginner','intermediate','advanced','expert') DEFAULT 'intermediate',
  `certificate_file` varchar(255) DEFAULT NULL,
  `expiry_date` date DEFAULT NULL,
  `notes` text DEFAULT NULL,
  `created_at` timestamp NOT NULL DEFAULT current_timestamp(),
  PRIMARY KEY (`id`),
  KEY `employee_id` (`employee_id`),
  CONSTRAINT `employee_skills_ibfk_1` FOREIGN KEY (`employee_id`) REFERENCES `employees` (`id`) ON DELETE CASCADE
) ENGINE=InnoDB DEFAULT CHARSET=utf8mb4 COLLATE=utf8mb4_unicode_ci;
/*!40101 SET character_set_client = @saved_cs_client */;

--
-- Dumping data for table `employee_skills`
--

LOCK TABLES `employee_skills` WRITE;
/*!40000 ALTER TABLE `employee_skills` DISABLE KEYS */;
/*!40000 ALTER TABLE `employee_skills` ENABLE KEYS */;
UNLOCK TABLES;

--
-- Table structure for table `employee_status_history`
--

DROP TABLE IF EXISTS `employee_status_history`;
/*!40101 SET @saved_cs_client     = @@character_set_client */;
/*!40101 SET character_set_client = utf8 */;
CREATE TABLE `employee_status_history` (
  `id` int(10) unsigned NOT NULL AUTO_INCREMENT,
  `employee_id` int(10) unsigned NOT NULL,
  `old_status` varchar(50) DEFAULT NULL,
  `new_status` varchar(50) NOT NULL,
  `reason` text DEFAULT NULL,
  `changed_by` int(10) unsigned DEFAULT NULL,
  `changed_at` timestamp NOT NULL DEFAULT current_timestamp(),
  PRIMARY KEY (`id`),
  KEY `employee_id` (`employee_id`),
  CONSTRAINT `employee_status_history_ibfk_1` FOREIGN KEY (`employee_id`) REFERENCES `employees` (`id`) ON DELETE CASCADE
) ENGINE=InnoDB AUTO_INCREMENT=17 DEFAULT CHARSET=utf8mb4 COLLATE=utf8mb4_unicode_ci;
/*!40101 SET character_set_client = @saved_cs_client */;

--
-- Dumping data for table `employee_status_history`
--

LOCK TABLES `employee_status_history` WRITE;
/*!40000 ALTER TABLE `employee_status_history` DISABLE KEYS */;
INSERT INTO `employee_status_history` VALUES (4,1,NULL,'active','New employee added',3,'2026-06-25 09:35:05'),(5,2,NULL,'active','New employee added',3,'2026-06-25 09:36:15'),(6,3,NULL,'active','New employee added',3,'2026-06-25 09:37:25'),(7,4,NULL,'active','New employee added',3,'2026-06-25 09:38:35'),(8,5,NULL,'active','New employee added',3,'2026-06-25 09:39:45'),(9,6,NULL,'active','New employee added',3,'2026-06-25 09:40:59'),(10,7,NULL,'active','New employee added',3,'2026-06-25 09:42:11'),(11,8,NULL,'active','New employee added',3,'2026-06-25 09:43:22'),(12,9,NULL,'active','New employee added',3,'2026-06-25 09:44:32'),(13,10,NULL,'active','New employee added',3,'2026-06-25 09:45:42'),(14,11,NULL,'active','New employee added',3,'2026-06-25 09:46:52'),(15,12,NULL,'active','New employee added',3,'2026-06-25 09:48:02'),(16,13,NULL,'active','New employee added',3,'2026-06-25 09:49:12');
/*!40000 ALTER TABLE `employee_status_history` ENABLE KEYS */;
UNLOCK TABLES;

--
-- Table structure for table `employee_update_links`
--

DROP TABLE IF EXISTS `employee_update_links`;
/*!40101 SET @saved_cs_client     = @@character_set_client */;
/*!40101 SET character_set_client = utf8 */;
CREATE TABLE `employee_update_links` (
  `id` int(10) unsigned NOT NULL AUTO_INCREMENT,
  `token` varchar(64) NOT NULL,
  `link_type` enum('monthly','quarterly','individual','request_based') DEFAULT 'individual',
  `scope` enum('all','department','individual') DEFAULT 'individual',
  `department_id` int(10) unsigned DEFAULT NULL,
  `employee_id` int(10) unsigned DEFAULT NULL,
  `title` varchar(200) DEFAULT NULL,
  `instructions` text DEFAULT NULL,
  `expires_at` datetime NOT NULL,
  `is_active` tinyint(1) DEFAULT 1,
  `is_revoked` tinyint(1) DEFAULT 0,
  `created_by` int(10) unsigned NOT NULL,
  `created_at` timestamp NOT NULL DEFAULT current_timestamp(),
  PRIMARY KEY (`id`),
  UNIQUE KEY `token` (`token`),
  KEY `employee_id` (`employee_id`),
  CONSTRAINT `employee_update_links_ibfk_1` FOREIGN KEY (`employee_id`) REFERENCES `employees` (`id`) ON DELETE CASCADE
) ENGINE=InnoDB AUTO_INCREMENT=2 DEFAULT CHARSET=utf8mb4 COLLATE=utf8mb4_unicode_ci;
/*!40101 SET character_set_client = @saved_cs_client */;

--
-- Dumping data for table `employee_update_links`
--

LOCK TABLES `employee_update_links` WRITE;
/*!40000 ALTER TABLE `employee_update_links` DISABLE KEYS */;
/*!40000 ALTER TABLE `employee_update_links` ENABLE KEYS */;
UNLOCK TABLES;

--
-- Table structure for table `employee_work_history`
--

DROP TABLE IF EXISTS `employee_work_history`;
/*!40101 SET @saved_cs_client     = @@character_set_client */;
/*!40101 SET character_set_client = utf8 */;
CREATE TABLE `employee_work_history` (
  `id` int(10) unsigned NOT NULL AUTO_INCREMENT,
  `employee_id` int(10) unsigned NOT NULL,
  `employer_name` varchar(200) NOT NULL,
  `position_held` varchar(150) DEFAULT NULL,
  `start_date` date DEFAULT NULL,
  `end_date` date DEFAULT NULL,
  `reason_for_leaving` text DEFAULT NULL,
  `reference_name` varchar(150) DEFAULT NULL,
  `reference_phone` varchar(30) DEFAULT NULL,
  `notes` text DEFAULT NULL,
  `created_at` timestamp NOT NULL DEFAULT current_timestamp(),
  PRIMARY KEY (`id`),
  KEY `employee_id` (`employee_id`),
  CONSTRAINT `employee_work_history_ibfk_1` FOREIGN KEY (`employee_id`) REFERENCES `employees` (`id`) ON DELETE CASCADE
) ENGINE=InnoDB DEFAULT CHARSET=utf8mb4 COLLATE=utf8mb4_unicode_ci;
/*!40101 SET character_set_client = @saved_cs_client */;

--
-- Dumping data for table `employee_work_history`
--

LOCK TABLES `employee_work_history` WRITE;
/*!40000 ALTER TABLE `employee_work_history` DISABLE KEYS */;
/*!40000 ALTER TABLE `employee_work_history` ENABLE KEYS */;
UNLOCK TABLES;

--
-- Table structure for table `employees`
--

DROP TABLE IF EXISTS `employees`;
/*!40101 SET @saved_cs_client     = @@character_set_client */;
/*!40101 SET character_set_client = utf8 */;
CREATE TABLE `employees` (
  `id` int(10) unsigned NOT NULL AUTO_INCREMENT,
  `employee_number` varchar(30) NOT NULL,
  `first_name` varchar(100) NOT NULL,
  `last_name` varchar(100) NOT NULL,
  `middle_name` varchar(100) DEFAULT NULL,
  `preferred_name` varchar(100) DEFAULT NULL,
  `date_of_birth` date DEFAULT NULL,
  `gender` enum('male','female','other','prefer_not_to_say') DEFAULT NULL,
  `marital_status` enum('single','married','divorced','widowed','other') DEFAULT NULL,
  `national_id` varchar(50) DEFAULT NULL,
  `passport_number` varchar(50) DEFAULT NULL,
  `nationality` varchar(100) DEFAULT NULL,
  `photo` varchar(255) DEFAULT NULL,
  `email` varchar(150) DEFAULT NULL,
  `phone` varchar(30) DEFAULT NULL,
  `phone_alt` varchar(30) DEFAULT NULL,
  `residential_address` text DEFAULT NULL,
  `postal_address` text DEFAULT NULL,
  `city` varchar(100) DEFAULT NULL,
  `state_province` varchar(100) DEFAULT NULL,
  `country` varchar(100) DEFAULT 'Papua New Guinea',
  `postal_code` varchar(20) DEFAULT NULL,
  `department_id` int(10) unsigned DEFAULT NULL,
  `position_id` int(10) unsigned DEFAULT NULL,
  `supervisor_id` int(10) unsigned DEFAULT NULL,
  `employment_type` enum('full_time','part_time','contract','casual','intern') DEFAULT 'full_time',
  `status` enum('active','probation','suspended','on_leave','resigned','terminated','deceased','archived') DEFAULT 'active',
  `start_date` date DEFAULT NULL,
  `contract_end_date` date DEFAULT NULL,
  `probation_start` date DEFAULT NULL,
  `probation_end` date DEFAULT NULL,
  `basic_salary` decimal(12,2) DEFAULT NULL,
  `pay_frequency` enum('weekly','bi_weekly','monthly') DEFAULT 'monthly',
  `work_location` varchar(150) DEFAULT NULL,
  `kiosk_pin` varchar(255) DEFAULT NULL,
  `portal_password` varchar(255) DEFAULT NULL,
  `portal_policy_agreed` tinyint(1) DEFAULT 0,
  `portal_policy_agreed_at` datetime DEFAULT NULL,
  `portal_last_login` datetime DEFAULT NULL,
  `portal_active` tinyint(1) DEFAULT 1,
  `bank_name` varchar(100) DEFAULT NULL,
  `bank_account_number` varchar(50) DEFAULT NULL,
  `bank_branch_code` varchar(20) DEFAULT NULL,
  `bank_account_type` varchar(50) DEFAULT NULL,
  `emergency_contact_name` varchar(150) DEFAULT NULL,
  `emergency_contact_relation` varchar(100) DEFAULT NULL,
  `emergency_contact_phone` varchar(30) DEFAULT NULL,
  `emergency_contact_email` varchar(150) DEFAULT NULL,
  `nok_name` varchar(150) DEFAULT NULL,
  `nok_relation` varchar(100) DEFAULT NULL,
  `nok_phone` varchar(30) DEFAULT NULL,
  `nok_address` text DEFAULT NULL,
  `status_reason` text DEFAULT NULL,
  `exit_date` date DEFAULT NULL,
  `exit_reason` text DEFAULT NULL,
  `created_by` int(10) unsigned DEFAULT NULL,
  `updated_by` int(10) unsigned DEFAULT NULL,
  `created_at` timestamp NOT NULL DEFAULT current_timestamp(),
  `updated_at` timestamp NOT NULL DEFAULT current_timestamp() ON UPDATE current_timestamp(),
  PRIMARY KEY (`id`),
  UNIQUE KEY `employee_number` (`employee_number`),
  KEY `position_id` (`position_id`),
  KEY `idx_emp_number` (`employee_number`),
  KEY `idx_emp_status` (`status`),
  KEY `idx_emp_dept` (`department_id`),
  CONSTRAINT `employees_ibfk_1` FOREIGN KEY (`department_id`) REFERENCES `departments` (`id`) ON DELETE SET NULL,
  CONSTRAINT `employees_ibfk_2` FOREIGN KEY (`position_id`) REFERENCES `positions` (`id`) ON DELETE SET NULL
) ENGINE=InnoDB AUTO_INCREMENT=14 DEFAULT CHARSET=utf8mb4 COLLATE=utf8mb4_unicode_ci;
/*!40101 SET character_set_client = @saved_cs_client */;

--
-- Dumping data for table `employees`
--

LOCK TABLES `employees` WRITE;
/*!40000 ALTER TABLE `employees` DISABLE KEYS */;
INSERT INTO `employees` VALUES (1,'KOM-EMP-2026-0001','Taliban','David',NULL,NULL,'1980-04-12','male','married','8004121234',NULL,NULL,NULL,'taliban.david@komagin.com','70123401',NULL,'Lot 12 Boroko Drive',NULL,'Port Moresby',NULL,'Papua New Guinea',NULL,8,NULL,NULL,'full_time','active','2024-01-15',NULL,NULL,NULL,8500.00,'monthly','Head Office','$2y$10$OvhQF.9dMN2meCDaFX5ycu7kH2xxaxKzSHlNWNpppeU/YLiaam6Ku','$2y$10$Ad.cRs9VYqt50aDnlCc5aO7o01ueEOkaS2a6SedC1vzODE1seN83S',0,NULL,'2026-07-11 23:34:51',1,'BSP Bank','1000234501','001',NULL,'Mary David','Spouse','70123411',NULL,'Mary David','Spouse','70123411',NULL,NULL,NULL,NULL,3,NULL,'2026-06-25 09:35:05','2026-07-11 13:37:49'),(2,'KOM-EMP-2026-0002','Charles','Richard',NULL,NULL,'1983-07-22','male','married','8307221235',NULL,NULL,NULL,'charles.richard@komagin.com','70123402',NULL,'Section 8 Waigani',NULL,'Port Moresby',NULL,'Papua New Guinea',NULL,1,NULL,NULL,'full_time','active','2023-03-01',NULL,NULL,NULL,7500.00,'monthly','Head Office','$2y$10$7A4sAdc.WJxGIbDPzb13cO16y/jFtwt/9DYTvnMWjS04qUaWAfOiu','$2y$10$Ad.cRs9VYqt50aDnlCc5aO7o01ueEOkaS2a6SedC1vzODE1seN83S',0,NULL,NULL,1,'BSP Bank','1000234502','001',NULL,'Lisa Richard','Spouse','70123412',NULL,'Lisa Richard','Spouse','70123412',NULL,NULL,NULL,NULL,3,NULL,'2026-06-25 09:36:15','2026-06-27 12:10:43'),(3,'KOM-EMP-2026-0003','Benson','Barua',NULL,NULL,'1995-02-14','male','single','9502141236',NULL,NULL,NULL,'benson.barua@komagin.com','70123403',NULL,'Konedobu Street',NULL,'Port Moresby',NULL,'Papua New Guinea',NULL,4,NULL,NULL,'full_time','active','2025-01-06',NULL,NULL,NULL,4200.00,'monthly','Site Office','$2y$10$GFzzM6igztB0QD7QgdbV2O5ekTyLgoclAB/aWA6lxSLX0Unyjz2RC','$2y$10$Ad.cRs9VYqt50aDnlCc5aO7o01ueEOkaS2a6SedC1vzODE1seN83S',1,'2026-06-27 22:01:20','2026-06-27 22:01:16',1,'Kina Bank','2000234503','002',NULL,'Paul Barua','Father','70123413',NULL,'Paul Barua','Father','70123413',NULL,NULL,NULL,NULL,3,NULL,'2026-06-25 09:37:25','2026-06-27 12:10:43'),(4,'KOM-EMP-2026-0004','David','Max',NULL,NULL,'1993-11-08','male','single','9311081237',NULL,NULL,NULL,'david.max@komagin.com','70123404',NULL,'Morata Estate',NULL,'Port Moresby',NULL,'Papua New Guinea',NULL,4,NULL,NULL,'full_time','active','2025-02-03',NULL,NULL,NULL,4200.00,'monthly','Site Office','$2y$10$JAM894UNidynS3qW4ZJg6e5dV8D4NEPWSvBpXl4r7aeCnbJBBPnHS','$2y$10$Ad.cRs9VYqt50aDnlCc5aO7o01ueEOkaS2a6SedC1vzODE1seN83S',0,NULL,NULL,1,'BSP Bank','1000234504','001',NULL,'Jane Max','Mother','70123414',NULL,'Jane Max','Mother','70123414',NULL,NULL,NULL,NULL,3,NULL,'2026-06-25 09:38:35','2026-06-27 12:10:43'),(5,'KOM-EMP-2026-0005','Issac','Jim',NULL,NULL,'1988-05-30','male','married','8805301238',NULL,NULL,NULL,'issac.jim@komagin.com','70123405',NULL,'Hohola Unit 7',NULL,'Port Moresby',NULL,'Papua New Guinea',NULL,4,NULL,NULL,'full_time','active','2022-08-15',NULL,NULL,NULL,6500.00,'monthly','Site Office','$2y$10$llYcHeOaQT7f/w/TRyaiJ.2BKp1F052llXCMLIK3QSQbFwtgHGsne','$2y$10$Ad.cRs9VYqt50aDnlCc5aO7o01ueEOkaS2a6SedC1vzODE1seN83S',0,NULL,NULL,1,'ANZ Bank','3000234505','003',NULL,'Ruth Jim','Spouse','70123415',NULL,'Ruth Jim','Spouse','70123415',NULL,NULL,NULL,NULL,3,NULL,'2026-06-25 09:39:45','2026-06-27 12:10:43'),(6,'KOM-EMP-2026-0006','Joe','Tengdui',NULL,NULL,'1979-09-18','male','married','7909181239',NULL,NULL,NULL,'joe.tengdui@komagin.com','70123406',NULL,'Gerehu Stage 5',NULL,'Port Moresby',NULL,'Papua New Guinea',NULL,4,NULL,NULL,'full_time','active','2020-04-01',NULL,NULL,NULL,9000.00,'monthly','Site Office','$2y$10$6mSH89pFsZyf33M.7lOpSOgbG1Ve8RXcMvRG80ZAZcPm5ecF1trcS','$2y$10$Ad.cRs9VYqt50aDnlCc5aO7o01ueEOkaS2a6SedC1vzODE1seN83S',0,NULL,NULL,1,'BSP Bank','1000234506','001',NULL,'Agnes Tengdui','Spouse','70123416',NULL,'Agnes Tengdui','Spouse','70123416',NULL,NULL,NULL,NULL,3,NULL,'2026-06-25 09:40:59','2026-06-27 12:10:43'),(7,'KOM-EMP-2026-0007','Joshua','Paul',NULL,NULL,'1991-03-25','male','married','9103251240',NULL,NULL,NULL,'joshua.paul@komagin.com','70123407',NULL,'Tokarara Block 18',NULL,'Port Moresby',NULL,'Papua New Guinea',NULL,9,NULL,NULL,'full_time','active','2023-06-12',NULL,NULL,NULL,5800.00,'monthly','Site Office','$2y$10$aaB0cmuviOzU3Gy/rZCXB.JMG03DuoJhDWylvhsDlGX418Q/k/zb.','$2y$10$Ad.cRs9VYqt50aDnlCc5aO7o01ueEOkaS2a6SedC1vzODE1seN83S',0,NULL,NULL,1,'Kina Bank','2000234507','002',NULL,'Sarah Paul','Spouse','70123417',NULL,'Sarah Paul','Spouse','70123417',NULL,NULL,NULL,NULL,3,NULL,'2026-06-25 09:42:11','2026-06-27 12:10:43'),(8,'KOM-EMP-2026-0008','Frank','David',NULL,NULL,'1982-12-03','male','married','8212031241',NULL,NULL,NULL,'frank.david@komagin.com','70123408',NULL,'Six Mile Compound',NULL,'Port Moresby',NULL,'Papua New Guinea',NULL,9,NULL,NULL,'full_time','active','2019-10-07',NULL,NULL,NULL,8200.00,'monthly','Site Office','$2y$10$z0dpLinVNGH4EP063HL5tendC21yoiHocE77MmJSGK..Jwt1KowZK','$2y$10$Ad.cRs9VYqt50aDnlCc5aO7o01ueEOkaS2a6SedC1vzODE1seN83S',0,NULL,NULL,1,'BSP Bank','1000234508','001',NULL,'Grace David','Spouse','70123418',NULL,'Grace David','Spouse','70123418',NULL,NULL,NULL,NULL,3,NULL,'2026-06-25 09:43:22','2026-06-27 12:10:43'),(9,'KOM-EMP-2026-0009','Mathew','Jonathan',NULL,NULL,'1990-08-17','male','single','9008171242',NULL,NULL,NULL,'mathew.jonathan@komagin.com','70123409',NULL,'Waigani Drive NCD',NULL,'Port Moresby',NULL,'Papua New Guinea',NULL,10,NULL,NULL,'full_time','active','2024-03-04',NULL,NULL,NULL,5500.00,'monthly','Head Office','$2y$10$kFO04L4XnW//jAE2RCuHBO5Kohyr3ienlV.NTAh29DYk3jgFD5TZC','$2y$10$Ad.cRs9VYqt50aDnlCc5aO7o01ueEOkaS2a6SedC1vzODE1seN83S',1,'2026-06-27 21:32:14','2026-06-27 21:32:12',1,'ANZ Bank','3000234509','003',NULL,'Peter Jonathan','Father','70123419',NULL,'Peter Jonathan','Father','70123419',NULL,NULL,NULL,NULL,3,NULL,'2026-06-25 09:44:32','2026-06-27 12:10:43'),(10,'KOM-EMP-2026-0010','Kohn','Digan',NULL,NULL,'1985-06-20','male','married','8506201243',NULL,NULL,NULL,'kohn.digan@komagin.com','70123410',NULL,'Badili Street 9',NULL,'Port Moresby',NULL,'Papua New Guinea',NULL,3,NULL,NULL,'full_time','active','2021-11-22',NULL,NULL,NULL,7000.00,'monthly','Head Office','$2y$10$xRcujx8gIFdT17NlNs8dpuJPwCP22PTAKnmn5KikT.s51p7PnVS96','$2y$10$Ad.cRs9VYqt50aDnlCc5aO7o01ueEOkaS2a6SedC1vzODE1seN83S',0,NULL,NULL,1,'BSP Bank','1000234510','001',NULL,'Karen Digan','Spouse','70123420',NULL,'Karen Digan','Spouse','70123420',NULL,NULL,NULL,NULL,3,NULL,'2026-06-25 09:45:42','2026-06-27 12:10:43'),(11,'KOM-EMP-2026-0011','Norman','Simon',NULL,NULL,'1987-01-11','male','married','8701111244',NULL,NULL,NULL,'norman.simon@komagin.com','70223401',NULL,'Ela Beach Flats',NULL,'Port Moresby',NULL,'Papua New Guinea',NULL,2,NULL,NULL,'full_time','active','2022-02-14',NULL,NULL,NULL,5000.00,'monthly','Head Office','$2y$10$lmXJsBJ0560n8oSJtjm0g.4qJKm5YuhrhqDPBye1TpKnHzCsKnkQm','$2y$10$Ad.cRs9VYqt50aDnlCc5aO7o01ueEOkaS2a6SedC1vzODE1seN83S',1,'2026-06-28 21:08:57','2026-06-28 21:08:40',1,'Kina Bank','2000234511','002',NULL,'Helen Simon','Spouse','70223411',NULL,'Helen Simon','Spouse','70223411',NULL,NULL,NULL,NULL,3,NULL,'2026-06-25 09:46:52','2026-06-28 11:08:57'),(12,'KOM-EMP-2026-0012','David','Komane',NULL,NULL,'1994-04-29','male','single','9404291245',NULL,NULL,NULL,'david.komane@komagin.com','70223402',NULL,'Gordon Estate Block 3',NULL,'Port Moresby',NULL,'Papua New Guinea',NULL,6,NULL,NULL,'full_time','active','2025-03-10',NULL,NULL,NULL,3800.00,'monthly','Head Office','$2y$10$JSAR6w6xoDbSqFM8M3g3CemY8iVZb9i9.t64VIesoOqCQC5Jo/efO','$2y$10$Ad.cRs9VYqt50aDnlCc5aO7o01ueEOkaS2a6SedC1vzODE1seN83S',0,NULL,NULL,1,'BSP Bank','1000234512','001',NULL,'Alice Komane','Mother','70223412',NULL,'Alice Komane','Mother','70223412',NULL,NULL,NULL,NULL,3,NULL,'2026-06-25 09:48:02','2026-06-27 12:10:43'),(13,'KOM-EMP-2026-0013','Zianna','Koma',NULL,NULL,'1975-10-06','female','married','7510061246',NULL,NULL,NULL,'zianna.koma@komagin.com','70223403',NULL,'Touaguba Hill Residence',NULL,'Port Moresby',NULL,'Papua New Guinea',NULL,11,NULL,NULL,'full_time','active','2018-06-01',NULL,NULL,NULL,15000.00,'monthly','Head Office','$2y$10$SnA5pA..l40SK.leKhjeTu7ajT3hPnZsE.61i7ijvWPw4UzG6zAgm','$2y$10$Ad.cRs9VYqt50aDnlCc5aO7o01ueEOkaS2a6SedC1vzODE1seN83S',1,'2026-06-26 18:04:29','2026-06-26 18:04:19',1,'ANZ Bank','3000234513','003',NULL,'Thomas Koma','Spouse','70223413',NULL,'Thomas Koma','Spouse','70223413',NULL,NULL,NULL,NULL,3,NULL,'2026-06-25 09:49:12','2026-06-27 12:10:43');
/*!40000 ALTER TABLE `employees` ENABLE KEYS */;
UNLOCK TABLES;

--
-- Table structure for table `generated_documents`
--

DROP TABLE IF EXISTS `generated_documents`;
/*!40101 SET @saved_cs_client     = @@character_set_client */;
/*!40101 SET character_set_client = utf8 */;
CREATE TABLE `generated_documents` (
  `id` int(10) unsigned NOT NULL AUTO_INCREMENT,
  `template_id` int(10) unsigned NOT NULL,
  `employee_id` int(10) unsigned NOT NULL,
  `title` varchar(255) NOT NULL,
  `body_html` longtext NOT NULL,
  `status` enum('draft','pending_approval','approved','rejected','issued') DEFAULT 'draft',
  `approved_by` int(10) unsigned DEFAULT NULL,
  `approved_at` datetime DEFAULT NULL,
  `issued_by` int(10) unsigned DEFAULT NULL,
  `issued_at` datetime DEFAULT NULL,
  `notes` text DEFAULT NULL,
  `generated_by` int(10) unsigned DEFAULT NULL,
  `generated_at` timestamp NOT NULL DEFAULT current_timestamp(),
  PRIMARY KEY (`id`),
  KEY `template_id` (`template_id`),
  KEY `idx_gendoc_emp` (`employee_id`),
  KEY `idx_gendoc_status` (`status`),
  CONSTRAINT `generated_documents_ibfk_1` FOREIGN KEY (`template_id`) REFERENCES `doc_templates` (`id`),
  CONSTRAINT `generated_documents_ibfk_2` FOREIGN KEY (`employee_id`) REFERENCES `employees` (`id`) ON DELETE CASCADE
) ENGINE=InnoDB AUTO_INCREMENT=2 DEFAULT CHARSET=utf8mb4 COLLATE=utf8mb4_unicode_ci;
/*!40101 SET character_set_client = @saved_cs_client */;

--
-- Dumping data for table `generated_documents`
--

LOCK TABLES `generated_documents` WRITE;
/*!40000 ALTER TABLE `generated_documents` DISABLE KEYS */;
INSERT INTO `generated_documents` VALUES (1,43,9,'Confidentiality Agreement','<div style=\"font-family:Georgia,serif;max-width:700px;margin:0 auto;\">\n<div style=\"text-align:center;margin-bottom:24px;\"><strong>Komagin Limited</strong></div>\n<h2 style=\"font-size:1rem;text-align:center;text-decoration:underline;margin-bottom:24px;\">EMPLOYEE CONFIDENTIALITY AGREEMENT</h2>\n<p>This Confidentiality Agreement is entered into between <strong>Komagin Limited</strong> (\"the Company\") and <strong>Mathew Jonathan</strong> (\"the Employee\"), Employee No: KOM-EMP-2026-0009, effective <strong>04 March 2024</strong>.</p>\n<p style=\"margin-top:16px;\"><strong>1. Confidential Information</strong><br>\nThe Employee agrees to keep confidential all trade secrets, business strategies, client information, financial data, personnel records, pricing information, and any other proprietary information of the Company.</p>\n<p style=\"margin-top:12px;\"><strong>2. Non-Disclosure</strong><br>\nThe Employee will not, without prior written consent, disclose any confidential information to any third party during or after the period of employment.</p>\n<p style=\"margin-top:12px;\"><strong>3. Return of Information</strong><br>\nUpon termination of employment, the Employee will return all documents, data, and materials containing confidential information.</p>\n<p style=\"margin-top:12px;\"><strong>4. Duration</strong><br>\nThis agreement remains in force during employment and for a period of 2 years after termination.</p>\n<div style=\"display:grid;grid-template-columns:1fr 1fr;gap:32px;margin-top:40px;\">\n<div style=\"border-top:1px solid #333;padding-top:8px;font-size:0.85rem;\">For: Komagin Limited<br>Signature: _______________<br>Date: 25 June 2026</div>\n<div style=\"border-top:1px solid #333;padding-top:8px;font-size:0.85rem;\">Employee: Mathew Jonathan<br>Signature: _______________<br>Date: 25 June 2026</div>\n</div>\n</div>','draft',NULL,NULL,NULL,NULL,NULL,1,'2026-06-25 13:11:10');
/*!40000 ALTER TABLE `generated_documents` ENABLE KEYS */;
UNLOCK TABLES;

--
-- Table structure for table `grievance_records`
--

DROP TABLE IF EXISTS `grievance_records`;
/*!40101 SET @saved_cs_client     = @@character_set_client */;
/*!40101 SET character_set_client = utf8 */;
CREATE TABLE `grievance_records` (
  `id` int(10) unsigned NOT NULL AUTO_INCREMENT,
  `employee_id` int(10) unsigned NOT NULL,
  `case_number` varchar(30) DEFAULT NULL,
  `filed_date` date NOT NULL,
  `complaint_description` text NOT NULL,
  `grievance_type` varchar(100) DEFAULT NULL,
  `assigned_hr_officer` int(10) unsigned DEFAULT NULL,
  `investigation_notes` text DEFAULT NULL,
  `resolution` text DEFAULT NULL,
  `status` enum('open','investigating','resolved','closed') DEFAULT 'open',
  `resolved_at` date DEFAULT NULL,
  `created_at` timestamp NOT NULL DEFAULT current_timestamp(),
  `updated_at` timestamp NOT NULL DEFAULT current_timestamp() ON UPDATE current_timestamp(),
  PRIMARY KEY (`id`),
  KEY `employee_id` (`employee_id`),
  CONSTRAINT `grievance_records_ibfk_1` FOREIGN KEY (`employee_id`) REFERENCES `employees` (`id`) ON DELETE CASCADE
) ENGINE=InnoDB AUTO_INCREMENT=2 DEFAULT CHARSET=utf8mb4 COLLATE=utf8mb4_unicode_ci;
/*!40101 SET character_set_client = @saved_cs_client */;

--
-- Dumping data for table `grievance_records`
--

LOCK TABLES `grievance_records` WRITE;
/*!40000 ALTER TABLE `grievance_records` DISABLE KEYS */;
INSERT INTO `grievance_records` VALUES (1,5,'GRIEV-2026-001','2026-06-10','Employee raises concern about inequitable distribution of overtime assignments within the Engineering department.','Workplace fairness',2,'Meeting held with department head. Overtime rotation schedule to be formalised.','Rotation schedule introduced from July 2026. Employee satisfied with outcome.','resolved','2026-06-20','2026-06-27 12:10:44','2026-06-27 12:10:44');
/*!40000 ALTER TABLE `grievance_records` ENABLE KEYS */;
UNLOCK TABLES;

--
-- Table structure for table `kiosk_audit`
--

DROP TABLE IF EXISTS `kiosk_audit`;
/*!40101 SET @saved_cs_client     = @@character_set_client */;
/*!40101 SET character_set_client = utf8 */;
CREATE TABLE `kiosk_audit` (
  `id` bigint(20) unsigned NOT NULL AUTO_INCREMENT,
  `kiosk_session_id` int(10) unsigned DEFAULT NULL,
  `employee_id` int(10) unsigned DEFAULT NULL,
  `employee_number` varchar(30) DEFAULT NULL,
  `action` enum('sign_in','break_out','break_in','sign_out','failed_auth','kiosk_opened','kiosk_closed') NOT NULL,
  `result` enum('success','error') DEFAULT 'success',
  `error_message` text DEFAULT NULL,
  `ip_address` varchar(45) DEFAULT NULL,
  `recorded_at` timestamp NOT NULL DEFAULT current_timestamp(),
  PRIMARY KEY (`id`),
  KEY `idx_kiosk_emp` (`employee_id`),
  KEY `idx_kiosk_date` (`recorded_at`),
  CONSTRAINT `kiosk_audit_ibfk_1` FOREIGN KEY (`employee_id`) REFERENCES `employees` (`id`) ON DELETE SET NULL
) ENGINE=InnoDB AUTO_INCREMENT=12 DEFAULT CHARSET=utf8mb4 COLLATE=utf8mb4_unicode_ci;
/*!40101 SET character_set_client = @saved_cs_client */;

--
-- Dumping data for table `kiosk_audit`
--

LOCK TABLES `kiosk_audit` WRITE;
/*!40000 ALTER TABLE `kiosk_audit` DISABLE KEYS */;
INSERT INTO `kiosk_audit` VALUES (1,1,NULL,NULL,'kiosk_closed','success',NULL,'::1','2026-06-25 10:08:44'),(2,1,NULL,NULL,'kiosk_opened','success',NULL,'::1','2026-06-25 10:09:11'),(3,1,13,'KOM-EMP-2026-0013','sign_in','success',NULL,'::1','2026-06-25 10:11:07'),(4,1,13,'KOM-EMP-2026-0013','sign_in','error','You are already signed in today at 08:11 PM.','::1','2026-06-25 10:11:30'),(5,1,13,'KOM-EMP-2026-0013','sign_out','success',NULL,'::1','2026-06-25 10:11:57'),(6,1,NULL,NULL,'kiosk_closed','success',NULL,'::1','2026-06-25 22:26:16'),(7,1,NULL,NULL,'kiosk_opened','success',NULL,'::1','2026-06-28 10:48:14'),(8,1,12,'KOM-EMP-2026-0012','sign_in','success',NULL,'::1','2026-06-28 10:49:21'),(9,1,NULL,NULL,'kiosk_closed','success',NULL,'::1','2026-06-28 10:50:17'),(10,4,NULL,NULL,'kiosk_opened','success',NULL,'::1','2026-07-10 00:08:06'),(11,4,NULL,NULL,'kiosk_closed','success',NULL,'::1','2026-07-10 00:08:20');
/*!40000 ALTER TABLE `kiosk_audit` ENABLE KEYS */;
UNLOCK TABLES;

--
-- Table structure for table `kiosk_sessions`
--

DROP TABLE IF EXISTS `kiosk_sessions`;
/*!40101 SET @saved_cs_client     = @@character_set_client */;
/*!40101 SET character_set_client = utf8 */;
CREATE TABLE `kiosk_sessions` (
  `id` int(10) unsigned NOT NULL AUTO_INCREMENT,
  `kiosk_token` varchar(32) NOT NULL DEFAULT '',
  `location_name` varchar(150) NOT NULL DEFAULT 'Main Office',
  `status` enum('open','closed') NOT NULL DEFAULT 'closed',
  `opened_by` int(10) unsigned DEFAULT NULL,
  `opened_at` datetime DEFAULT NULL,
  `closed_by` int(10) unsigned DEFAULT NULL,
  `closed_at` datetime DEFAULT NULL,
  `scheduled_open` time DEFAULT NULL,
  `scheduled_close` time DEFAULT NULL,
  `notes` text DEFAULT NULL,
  `created_at` timestamp NOT NULL DEFAULT current_timestamp(),
  `updated_at` timestamp NOT NULL DEFAULT current_timestamp() ON UPDATE current_timestamp(),
  PRIMARY KEY (`id`),
  UNIQUE KEY `uk_kiosk_token` (`kiosk_token`),
  KEY `opened_by` (`opened_by`),
  KEY `closed_by` (`closed_by`),
  CONSTRAINT `kiosk_sessions_ibfk_1` FOREIGN KEY (`opened_by`) REFERENCES `users` (`id`) ON DELETE SET NULL,
  CONSTRAINT `kiosk_sessions_ibfk_2` FOREIGN KEY (`closed_by`) REFERENCES `users` (`id`) ON DELETE SET NULL
) ENGINE=InnoDB AUTO_INCREMENT=5 DEFAULT CHARSET=utf8mb4 COLLATE=utf8mb4_unicode_ci;
/*!40101 SET character_set_client = @saved_cs_client */;

--
-- Dumping data for table `kiosk_sessions`
--

LOCK TABLES `kiosk_sessions` WRITE;
/*!40000 ALTER TABLE `kiosk_sessions` DISABLE KEYS */;
INSERT INTO `kiosk_sessions` VALUES (1,'c2c0cc630408a9a8cbe8eba3ef729dbb','Main Office','closed',1,'2026-06-28 20:48:13',1,'2026-06-28 20:50:17',NULL,NULL,'','2026-06-24 12:43:51','2026-07-10 00:14:13'),(2,'49825245a133c2aa497bd7098bcfebb2','Hagen Headquarter','closed',NULL,NULL,NULL,NULL,NULL,NULL,NULL,'2026-07-10 00:03:26','2026-07-10 00:14:13'),(4,'de9c15e3b59caadef03b1533905169ea','kundiawa Branch','closed',1,'2026-07-10 10:08:06',1,'2026-07-10 10:08:20','08:00:00',NULL,'','2026-07-10 00:06:19','2026-07-10 00:14:13');
/*!40000 ALTER TABLE `kiosk_sessions` ENABLE KEYS */;
UNLOCK TABLES;

--
-- Table structure for table `leave_applications`
--

DROP TABLE IF EXISTS `leave_applications`;
/*!40101 SET @saved_cs_client     = @@character_set_client */;
/*!40101 SET character_set_client = utf8 */;
CREATE TABLE `leave_applications` (
  `id` int(10) unsigned NOT NULL AUTO_INCREMENT,
  `employee_id` int(10) unsigned NOT NULL,
  `leave_type_id` int(10) unsigned NOT NULL,
  `start_date` date NOT NULL,
  `end_date` date NOT NULL,
  `total_days` decimal(5,1) DEFAULT 0.0,
  `reason` text DEFAULT NULL,
  `supporting_document` varchar(255) DEFAULT NULL,
  `status` enum('pending','approved','rejected','cancelled') DEFAULT 'pending',
  `supervisor_status` enum('pending','approved','rejected') DEFAULT 'pending',
  `supervisor_id` int(10) unsigned DEFAULT NULL,
  `supervisor_reviewed_at` datetime DEFAULT NULL,
  `supervisor_remarks` text DEFAULT NULL,
  `hr_status` enum('pending','approved','rejected') DEFAULT 'pending',
  `hr_reviewed_by` int(10) unsigned DEFAULT NULL,
  `hr_reviewed_at` datetime DEFAULT NULL,
  `hr_remarks` text DEFAULT NULL,
  `created_at` timestamp NOT NULL DEFAULT current_timestamp(),
  `updated_at` timestamp NOT NULL DEFAULT current_timestamp() ON UPDATE current_timestamp(),
  PRIMARY KEY (`id`),
  KEY `employee_id` (`employee_id`),
  KEY `leave_type_id` (`leave_type_id`),
  CONSTRAINT `leave_applications_ibfk_1` FOREIGN KEY (`employee_id`) REFERENCES `employees` (`id`) ON DELETE CASCADE,
  CONSTRAINT `leave_applications_ibfk_2` FOREIGN KEY (`leave_type_id`) REFERENCES `leave_types` (`id`) ON DELETE CASCADE
) ENGINE=InnoDB AUTO_INCREMENT=9 DEFAULT CHARSET=utf8mb4 COLLATE=utf8mb4_unicode_ci;
/*!40101 SET character_set_client = @saved_cs_client */;

--
-- Dumping data for table `leave_applications`
--

LOCK TABLES `leave_applications` WRITE;
/*!40000 ALTER TABLE `leave_applications` DISABLE KEYS */;
INSERT INTO `leave_applications` VALUES (1,1,1,'2026-05-12','2026-05-14',3.0,'Annual leave ??? family event',NULL,'approved','pending',NULL,NULL,NULL,'approved',1,'2026-05-10 09:00:00',NULL,'2026-06-27 12:10:44','2026-06-27 12:10:44'),(2,3,2,'2026-06-03','2026-06-04',2.0,'Medical certificate attached',NULL,'approved','pending',NULL,NULL,NULL,'approved',1,'2026-06-02 08:30:00',NULL,'2026-06-27 12:10:44','2026-06-27 12:10:44'),(3,5,1,'2026-07-07','2026-07-11',5.0,'Annual leave ??? vacation',NULL,'pending','pending',NULL,NULL,NULL,'pending',NULL,NULL,NULL,'2026-06-27 12:10:44','2026-06-27 12:10:44'),(4,7,1,'2026-07-14','2026-07-16',3.0,'Annual leave ??? personal matter',NULL,'pending','pending',NULL,NULL,NULL,'pending',NULL,NULL,NULL,'2026-06-27 12:10:44','2026-06-27 12:10:44'),(5,9,2,'2026-06-10','2026-06-10',1.0,'Sick ??? doctor visit',NULL,'approved','pending',NULL,NULL,NULL,'approved',1,'2026-06-09 17:00:00',NULL,'2026-06-27 12:10:44','2026-06-27 12:10:44'),(6,11,3,'2026-05-20','2026-05-22',3.0,'Compassionate ??? bereavement',NULL,'approved','pending',NULL,NULL,NULL,'approved',1,'2026-05-19 10:00:00',NULL,'2026-06-27 12:10:44','2026-06-27 12:10:44'),(7,12,6,'2026-08-04','2026-08-08',5.0,'Study leave ??? Professional cert exam',NULL,'pending','pending',NULL,NULL,NULL,'pending',NULL,NULL,NULL,'2026-06-27 12:10:44','2026-06-27 12:10:44');
/*!40000 ALTER TABLE `leave_applications` ENABLE KEYS */;
UNLOCK TABLES;

--
-- Table structure for table `leave_balances`
--

DROP TABLE IF EXISTS `leave_balances`;
/*!40101 SET @saved_cs_client     = @@character_set_client */;
/*!40101 SET character_set_client = utf8 */;
CREATE TABLE `leave_balances` (
  `id` int(10) unsigned NOT NULL AUTO_INCREMENT,
  `employee_id` int(10) unsigned NOT NULL,
  `leave_type_id` int(10) unsigned NOT NULL,
  `year` year(4) NOT NULL,
  `entitled_days` decimal(5,1) DEFAULT 0.0,
  `used_days` decimal(5,1) DEFAULT 0.0,
  `pending_days` decimal(5,1) DEFAULT 0.0,
  `carried_forward` decimal(5,1) DEFAULT 0.0,
  `remaining_days` decimal(5,1) DEFAULT 0.0,
  `updated_at` timestamp NOT NULL DEFAULT current_timestamp() ON UPDATE current_timestamp(),
  PRIMARY KEY (`id`),
  UNIQUE KEY `leave_balance_unique` (`employee_id`,`leave_type_id`,`year`),
  KEY `leave_type_id` (`leave_type_id`),
  CONSTRAINT `leave_balances_ibfk_1` FOREIGN KEY (`employee_id`) REFERENCES `employees` (`id`) ON DELETE CASCADE,
  CONSTRAINT `leave_balances_ibfk_2` FOREIGN KEY (`leave_type_id`) REFERENCES `leave_types` (`id`) ON DELETE CASCADE
) ENGINE=InnoDB AUTO_INCREMENT=107 DEFAULT CHARSET=utf8mb4 COLLATE=utf8mb4_unicode_ci;
/*!40101 SET character_set_client = @saved_cs_client */;

--
-- Dumping data for table `leave_balances`
--

LOCK TABLES `leave_balances` WRITE;
/*!40000 ALTER TABLE `leave_balances` DISABLE KEYS */;
INSERT INTO `leave_balances` VALUES (1,1,1,2026,21.0,4.0,2.0,0.0,15.0,'2026-07-11 10:15:28'),(2,1,3,2026,5.0,0.0,0.0,0.0,5.0,'2026-06-25 09:50:48'),(3,1,8,2026,3.0,0.0,0.0,0.0,3.0,'2026-06-25 09:50:48'),(4,1,7,2026,0.0,0.0,0.0,0.0,0.0,'2026-06-25 09:50:48'),(5,1,4,2026,120.0,0.0,0.0,0.0,120.0,'2026-06-25 09:50:48'),(6,1,5,2026,10.0,0.0,0.0,0.0,10.0,'2026-06-25 09:50:48'),(7,1,2,2026,30.0,0.0,0.0,0.0,30.0,'2026-06-25 09:50:48'),(8,1,6,2026,10.0,0.0,0.0,0.0,10.0,'2026-06-25 09:50:48'),(9,2,1,2026,21.0,5.0,0.0,0.0,16.0,'2026-06-27 12:10:43'),(10,2,3,2026,5.0,0.0,0.0,0.0,5.0,'2026-06-25 09:50:48'),(11,2,8,2026,3.0,0.0,0.0,0.0,3.0,'2026-06-25 09:50:48'),(12,2,7,2026,0.0,0.0,0.0,0.0,0.0,'2026-06-25 09:50:48'),(13,2,4,2026,120.0,0.0,0.0,0.0,120.0,'2026-06-25 09:50:48'),(14,2,5,2026,10.0,0.0,0.0,0.0,10.0,'2026-06-25 09:50:48'),(15,2,2,2026,30.0,0.0,0.0,0.0,30.0,'2026-06-25 09:50:48'),(16,2,6,2026,10.0,0.0,0.0,0.0,10.0,'2026-06-25 09:50:48'),(17,3,1,2026,21.0,5.0,0.0,0.0,17.0,'2026-06-27 12:10:43'),(18,3,3,2026,5.0,0.0,0.0,0.0,5.0,'2026-06-25 09:50:48'),(19,3,8,2026,3.0,0.0,0.0,0.0,3.0,'2026-06-25 09:50:48'),(20,3,7,2026,0.0,0.0,0.0,0.0,0.0,'2026-06-25 09:50:48'),(21,3,4,2026,120.0,0.0,0.0,0.0,120.0,'2026-06-25 09:50:48'),(22,3,5,2026,10.0,0.0,0.0,0.0,10.0,'2026-06-25 09:50:48'),(23,3,2,2026,30.0,0.0,0.0,0.0,30.0,'2026-06-25 09:50:48'),(24,3,6,2026,10.0,0.0,0.0,0.0,10.0,'2026-06-25 09:50:48'),(25,4,1,2026,21.0,2.0,0.0,0.0,18.0,'2026-06-27 12:10:43'),(26,4,3,2026,5.0,0.0,0.0,0.0,5.0,'2026-06-25 09:50:48'),(27,4,8,2026,3.0,0.0,0.0,0.0,3.0,'2026-06-25 09:50:48'),(28,4,7,2026,0.0,0.0,0.0,0.0,0.0,'2026-06-25 09:50:48'),(29,4,4,2026,120.0,0.0,0.0,0.0,120.0,'2026-06-25 09:50:48'),(30,4,5,2026,10.0,0.0,0.0,0.0,10.0,'2026-06-25 09:50:48'),(31,4,2,2026,30.0,0.0,0.0,0.0,30.0,'2026-06-25 09:50:48'),(32,4,6,2026,10.0,0.0,0.0,0.0,10.0,'2026-06-25 09:50:48'),(33,5,1,2026,21.0,2.0,0.0,0.0,15.0,'2026-06-27 12:10:43'),(34,5,3,2026,5.0,0.0,0.0,0.0,5.0,'2026-06-25 09:50:48'),(35,5,8,2026,3.0,0.0,0.0,0.0,3.0,'2026-06-25 09:50:48'),(36,5,7,2026,0.0,0.0,0.0,0.0,0.0,'2026-06-25 09:50:48'),(37,5,4,2026,120.0,0.0,0.0,0.0,120.0,'2026-06-25 09:50:48'),(38,5,5,2026,10.0,0.0,0.0,0.0,10.0,'2026-06-25 09:50:48'),(39,5,2,2026,30.0,0.0,0.0,0.0,30.0,'2026-06-25 09:50:48'),(40,5,6,2026,10.0,0.0,0.0,0.0,10.0,'2026-06-25 09:50:48'),(41,6,1,2026,21.0,2.0,0.0,0.0,19.0,'2026-06-27 12:10:43'),(42,6,3,2026,5.0,0.0,0.0,0.0,5.0,'2026-06-25 09:50:48'),(43,6,8,2026,3.0,0.0,0.0,0.0,3.0,'2026-06-25 09:50:48'),(44,6,7,2026,0.0,0.0,0.0,0.0,0.0,'2026-06-25 09:50:48'),(45,6,4,2026,120.0,0.0,0.0,0.0,120.0,'2026-06-25 09:50:48'),(46,6,5,2026,10.0,0.0,0.0,0.0,10.0,'2026-06-25 09:50:48'),(47,6,2,2026,30.0,0.0,0.0,0.0,30.0,'2026-06-25 09:50:48'),(48,6,6,2026,10.0,0.0,0.0,0.0,10.0,'2026-06-25 09:50:48'),(49,7,1,2026,21.0,4.0,0.0,0.0,20.0,'2026-06-27 12:10:43'),(50,7,3,2026,5.0,0.0,0.0,0.0,5.0,'2026-06-25 09:50:48'),(51,7,8,2026,3.0,0.0,0.0,0.0,3.0,'2026-06-25 09:50:48'),(52,7,7,2026,0.0,0.0,0.0,0.0,0.0,'2026-06-25 09:50:48'),(53,7,4,2026,120.0,0.0,0.0,0.0,120.0,'2026-06-25 09:50:48'),(54,7,5,2026,10.0,0.0,0.0,0.0,10.0,'2026-06-25 09:50:48'),(55,7,2,2026,30.0,0.0,0.0,0.0,30.0,'2026-06-25 09:50:48'),(56,7,6,2026,10.0,0.0,0.0,0.0,10.0,'2026-06-25 09:50:48'),(57,8,1,2026,21.0,4.0,0.0,0.0,15.0,'2026-06-27 12:10:43'),(58,8,3,2026,5.0,0.0,0.0,0.0,5.0,'2026-06-25 09:50:48'),(59,8,8,2026,3.0,0.0,0.0,0.0,3.0,'2026-06-25 09:50:48'),(60,8,7,2026,0.0,0.0,0.0,0.0,0.0,'2026-06-25 09:50:48'),(61,8,4,2026,120.0,0.0,0.0,0.0,120.0,'2026-06-25 09:50:48'),(62,8,5,2026,10.0,0.0,0.0,0.0,10.0,'2026-06-25 09:50:48'),(63,8,2,2026,30.0,0.0,0.0,0.0,30.0,'2026-06-25 09:50:48'),(64,8,6,2026,10.0,0.0,0.0,0.0,10.0,'2026-06-25 09:50:48'),(65,9,1,2026,21.0,3.0,0.0,0.0,17.0,'2026-06-27 12:10:43'),(66,9,3,2026,5.0,0.0,0.0,0.0,5.0,'2026-06-25 09:50:48'),(67,9,8,2026,3.0,0.0,0.0,0.0,3.0,'2026-06-25 09:50:48'),(68,9,7,2026,0.0,0.0,0.0,0.0,0.0,'2026-06-25 09:50:48'),(69,9,4,2026,120.0,0.0,0.0,0.0,120.0,'2026-06-25 09:50:48'),(70,9,5,2026,10.0,0.0,0.0,0.0,10.0,'2026-06-25 09:50:48'),(71,9,2,2026,30.0,0.0,0.0,0.0,30.0,'2026-06-25 09:50:48'),(72,9,6,2026,10.0,0.0,0.0,0.0,10.0,'2026-06-25 09:50:48'),(73,10,1,2026,21.0,6.0,0.0,0.0,18.0,'2026-06-27 12:10:43'),(74,10,3,2026,5.0,0.0,0.0,0.0,5.0,'2026-06-25 09:50:48'),(75,10,8,2026,3.0,0.0,0.0,0.0,3.0,'2026-06-25 09:50:48'),(76,10,7,2026,0.0,0.0,0.0,0.0,0.0,'2026-06-25 09:50:48'),(77,10,4,2026,120.0,0.0,0.0,0.0,120.0,'2026-06-25 09:50:48'),(78,10,5,2026,10.0,0.0,0.0,0.0,10.0,'2026-06-25 09:50:48'),(79,10,2,2026,30.0,0.0,0.0,0.0,30.0,'2026-06-25 09:50:48'),(80,10,6,2026,10.0,0.0,0.0,0.0,10.0,'2026-06-25 09:50:48'),(81,11,1,2026,21.0,4.0,0.0,0.0,15.0,'2026-06-27 12:10:43'),(82,11,3,2026,5.0,0.0,0.0,0.0,5.0,'2026-06-25 09:50:48'),(83,11,8,2026,3.0,0.0,0.0,0.0,3.0,'2026-06-25 09:50:48'),(84,11,7,2026,0.0,0.0,0.0,0.0,0.0,'2026-06-25 09:50:48'),(85,11,4,2026,120.0,0.0,0.0,0.0,120.0,'2026-06-25 09:50:48'),(86,11,5,2026,10.0,0.0,0.0,0.0,10.0,'2026-06-25 09:50:48'),(87,11,2,2026,30.0,0.0,0.0,0.0,30.0,'2026-06-25 09:50:48'),(88,11,6,2026,10.0,0.0,0.0,0.0,10.0,'2026-06-25 09:50:48'),(89,12,1,2026,21.0,3.0,0.0,0.0,17.0,'2026-06-27 12:10:43'),(90,12,3,2026,5.0,0.0,0.0,0.0,5.0,'2026-06-25 09:50:48'),(91,12,8,2026,3.0,0.0,0.0,0.0,3.0,'2026-06-25 09:50:48'),(92,12,7,2026,0.0,0.0,0.0,0.0,0.0,'2026-06-25 09:50:48'),(93,12,4,2026,120.0,0.0,0.0,0.0,120.0,'2026-06-25 09:50:48'),(94,12,5,2026,10.0,0.0,0.0,0.0,10.0,'2026-06-25 09:50:48'),(95,12,2,2026,30.0,0.0,0.0,0.0,30.0,'2026-06-25 09:50:48'),(96,12,6,2026,10.0,0.0,0.0,0.0,10.0,'2026-06-25 09:50:48'),(97,13,1,2026,21.0,2.0,0.0,0.0,15.0,'2026-06-27 12:10:43'),(98,13,3,2026,5.0,0.0,0.0,0.0,5.0,'2026-06-25 09:50:48'),(99,13,8,2026,3.0,0.0,0.0,0.0,3.0,'2026-06-25 09:50:48'),(100,13,7,2026,0.0,0.0,0.0,0.0,0.0,'2026-06-25 09:50:48'),(101,13,4,2026,120.0,0.0,0.0,0.0,120.0,'2026-06-25 09:50:48'),(102,13,5,2026,10.0,0.0,0.0,0.0,10.0,'2026-06-25 09:50:48'),(103,13,2,2026,30.0,0.0,0.0,0.0,30.0,'2026-06-25 09:50:48'),(104,13,6,2026,10.0,0.0,0.0,0.0,10.0,'2026-06-25 09:50:48');
/*!40000 ALTER TABLE `leave_balances` ENABLE KEYS */;
UNLOCK TABLES;

--
-- Table structure for table `leave_types`
--

DROP TABLE IF EXISTS `leave_types`;
/*!40101 SET @saved_cs_client     = @@character_set_client */;
/*!40101 SET character_set_client = utf8 */;
CREATE TABLE `leave_types` (
  `id` int(10) unsigned NOT NULL AUTO_INCREMENT,
  `name` varchar(100) NOT NULL,
  `code` varchar(20) DEFAULT NULL,
  `max_days` int(11) DEFAULT 0,
  `carry_forward` tinyint(1) DEFAULT 0,
  `max_carry_forward_days` int(11) DEFAULT 0,
  `requires_document` tinyint(1) DEFAULT 0,
  `is_paid` tinyint(1) DEFAULT 1,
  `approval_required` tinyint(1) DEFAULT 1,
  `gender_specific` enum('all','male','female') DEFAULT 'all',
  `description` text DEFAULT NULL,
  `is_active` tinyint(1) DEFAULT 1,
  `created_at` timestamp NOT NULL DEFAULT current_timestamp(),
  PRIMARY KEY (`id`)
) ENGINE=InnoDB AUTO_INCREMENT=9 DEFAULT CHARSET=utf8mb4 COLLATE=utf8mb4_unicode_ci;
/*!40101 SET character_set_client = @saved_cs_client */;

--
-- Dumping data for table `leave_types`
--

LOCK TABLES `leave_types` WRITE;
/*!40000 ALTER TABLE `leave_types` DISABLE KEYS */;
INSERT INTO `leave_types` VALUES (1,'Annual Leave','AL',21,1,0,0,1,1,'all',NULL,1,'2026-06-09 23:28:19'),(2,'Sick Leave','SL',30,0,0,1,1,1,'all',NULL,1,'2026-06-09 23:28:19'),(3,'Compassionate Leave','CL',5,0,0,1,1,1,'all',NULL,1,'2026-06-09 23:28:19'),(4,'Maternity Leave','ML',120,0,0,1,1,1,'all',NULL,1,'2026-06-09 23:28:19'),(5,'Paternity Leave','PL',10,0,0,0,1,1,'all',NULL,1,'2026-06-09 23:28:19'),(6,'Study Leave','STL',10,0,0,1,1,1,'all',NULL,1,'2026-06-09 23:28:19'),(7,'Leave Without Pay','LWP',0,0,0,1,0,1,'all',NULL,1,'2026-06-09 23:28:19'),(8,'Emergency Leave','EL',3,0,0,0,1,1,'all',NULL,1,'2026-06-09 23:28:19');
/*!40000 ALTER TABLE `leave_types` ENABLE KEYS */;
UNLOCK TABLES;

--
-- Table structure for table `notifications`
--

DROP TABLE IF EXISTS `notifications`;
/*!40101 SET @saved_cs_client     = @@character_set_client */;
/*!40101 SET character_set_client = utf8 */;
CREATE TABLE `notifications` (
  `id` int(10) unsigned NOT NULL AUTO_INCREMENT,
  `user_id` int(10) unsigned NOT NULL,
  `type` enum('info','success','warning','danger') DEFAULT 'info',
  `title` varchar(255) NOT NULL,
  `message` text NOT NULL,
  `link` varchar(500) DEFAULT NULL,
  `is_read` tinyint(1) DEFAULT 0,
  `read_at` datetime DEFAULT NULL,
  `created_at` timestamp NOT NULL DEFAULT current_timestamp(),
  PRIMARY KEY (`id`),
  KEY `idx_notif_user` (`user_id`,`is_read`),
  CONSTRAINT `notifications_ibfk_1` FOREIGN KEY (`user_id`) REFERENCES `users` (`id`) ON DELETE CASCADE
) ENGINE=InnoDB AUTO_INCREMENT=32 DEFAULT CHARSET=utf8mb4 COLLATE=utf8mb4_unicode_ci;
/*!40101 SET character_set_client = @saved_cs_client */;

--
-- Dumping data for table `notifications`
--

LOCK TABLES `notifications` WRITE;
/*!40000 ALTER TABLE `notifications` DISABLE KEYS */;
INSERT INTO `notifications` VALUES (1,3,'info','New Employee Added','Employee KOM-EMP-2026-0001 - Taliban David has been added.','http://localhost/HR_Komagin/modules/employees/view.php?id=1',1,'2026-06-25 20:03:25','2026-06-25 09:35:05'),(2,3,'info','New Employee Added','Employee KOM-EMP-2026-0002 - Charles Richard has been added.','http://localhost/HR_Komagin/modules/employees/view.php?id=2',1,'2026-06-25 20:03:25','2026-06-25 09:36:15'),(3,3,'info','New Employee Added','Employee KOM-EMP-2026-0003 - Benson Barua has been added.','http://localhost/HR_Komagin/modules/employees/view.php?id=3',1,'2026-06-25 20:03:25','2026-06-25 09:37:25'),(4,3,'info','New Employee Added','Employee KOM-EMP-2026-0004 - David Max has been added.','http://localhost/HR_Komagin/modules/employees/view.php?id=4',1,'2026-06-25 20:03:25','2026-06-25 09:38:35'),(5,3,'info','New Employee Added','Employee KOM-EMP-2026-0005 - Issac Jim has been added.','http://localhost/HR_Komagin/modules/employees/view.php?id=5',1,'2026-06-25 20:03:25','2026-06-25 09:39:45'),(6,3,'info','New Employee Added','Employee KOM-EMP-2026-0006 - Joe Tengdui has been added.','http://localhost/HR_Komagin/modules/employees/view.php?id=6',1,'2026-06-25 20:03:25','2026-06-25 09:40:59'),(7,3,'info','New Employee Added','Employee KOM-EMP-2026-0007 - Joshua Paul has been added.','http://localhost/HR_Komagin/modules/employees/view.php?id=7',1,'2026-06-25 20:03:25','2026-06-25 09:42:11'),(8,3,'info','New Employee Added','Employee KOM-EMP-2026-0008 - Frank David has been added.','http://localhost/HR_Komagin/modules/employees/view.php?id=8',1,'2026-06-25 20:03:25','2026-06-25 09:43:22'),(9,3,'info','New Employee Added','Employee KOM-EMP-2026-0009 - Mathew Jonathan has been added.','http://localhost/HR_Komagin/modules/employees/view.php?id=9',1,'2026-06-25 20:03:25','2026-06-25 09:44:32'),(10,3,'info','New Employee Added','Employee KOM-EMP-2026-0010 - Kohn Digan has been added.','http://localhost/HR_Komagin/modules/employees/view.php?id=10',1,'2026-06-25 20:03:25','2026-06-25 09:45:42'),(11,3,'info','New Employee Added','Employee KOM-EMP-2026-0011 - Norman Simon has been added.','http://localhost/HR_Komagin/modules/employees/view.php?id=11',1,'2026-06-25 20:03:25','2026-06-25 09:46:52'),(12,3,'info','New Employee Added','Employee KOM-EMP-2026-0012 - David Komane has been added.','http://localhost/HR_Komagin/modules/employees/view.php?id=12',1,'2026-06-25 20:03:25','2026-06-25 09:48:02'),(13,3,'info','New Employee Added','Employee KOM-EMP-2026-0013 - Zianna Koma has been added.','http://localhost/HR_Komagin/modules/employees/view.php?id=13',1,'2026-06-25 20:03:25','2026-06-25 09:49:12'),(14,2,'success','Payroll Published - May 2026','May 2026 payroll has been published. Payslips are now visible in employee portals.','/modules/payroll/index.php',0,NULL,'2026-06-27 12:10:44'),(15,3,'success','Payroll Published - May 2026','May 2026 payroll has been published. Payslips are now visible in employee portals.','/modules/payroll/index.php',0,NULL,'2026-06-27 12:10:44'),(17,1,'warning','7 Leave Applications Awaiting Review','There are pending leave applications requiring HR Manager approval.','/modules/leave/index.php',1,'2026-07-11 23:35:46','2026-06-27 12:10:44'),(18,3,'warning','7 Leave Applications Awaiting Review','There are pending leave applications requiring HR Manager approval.','/modules/leave/index.php',0,NULL,'2026-06-27 12:10:44'),(20,3,'info','New Employee Hub Requests','5 employee requests have been submitted and require HR response.','/modules/hub/index.php',0,NULL,'2026-06-27 12:10:44'),(21,4,'info','New Employee Hub Requests','5 employee requests have been submitted and require HR response.','/modules/hub/index.php',0,NULL,'2026-06-27 12:10:44'),(23,1,'info','3 New Recruitment Applications','New applications received for open vacancies. Please review.','/modules/recruitment/index.php',1,'2026-07-11 23:35:46','2026-06-27 12:10:44'),(24,3,'info','3 New Recruitment Applications','New applications received for open vacancies. Please review.','/modules/recruitment/index.php',0,NULL,'2026-06-27 12:10:44'),(26,3,'','New Hub Request: General Query','Taliban David submitted a general query: p2csrftest_1783775843','http://localhost/HR_Komagin/modules/hub/index.php',0,NULL,'2026-07-11 13:17:32'),(27,1,'','New Hub Request: General Query','Taliban David submitted a general query: p2csrftest_1783775843','http://localhost/HR_Komagin/modules/hub/index.php',1,'2026-07-11 23:35:46','2026-07-11 13:17:32'),(28,3,'','New Hub Request: General Query','Taliban David submitted a general query: p2csrftest_1783776806','http://localhost/HR_Komagin/modules/hub/index.php',0,NULL,'2026-07-11 13:33:35'),(29,1,'','New Hub Request: General Query','Taliban David submitted a general query: p2csrftest_1783776806','http://localhost/HR_Komagin/modules/hub/index.php',1,'2026-07-11 23:35:46','2026-07-11 13:33:35'),(30,3,'','New Hub Request: General Query','Taliban David submitted a general query: p2csrftest_1783776923','http://localhost/HR_Komagin/modules/hub/index.php',0,NULL,'2026-07-11 13:35:32'),(31,1,'','New Hub Request: General Query','Taliban David submitted a general query: p2csrftest_1783776923','http://localhost/HR_Komagin/modules/hub/index.php',1,'2026-07-11 23:35:46','2026-07-11 13:35:32');
/*!40000 ALTER TABLE `notifications` ENABLE KEYS */;
UNLOCK TABLES;

--
-- Table structure for table `onboarding_checklists`
--

DROP TABLE IF EXISTS `onboarding_checklists`;
/*!40101 SET @saved_cs_client     = @@character_set_client */;
/*!40101 SET character_set_client = utf8 */;
CREATE TABLE `onboarding_checklists` (
  `id` int(10) unsigned NOT NULL AUTO_INCREMENT,
  `employee_id` int(10) unsigned NOT NULL,
  `task_name` varchar(200) NOT NULL,
  `category` varchar(100) DEFAULT NULL,
  `is_completed` tinyint(1) DEFAULT 0,
  `completed_by` int(10) unsigned DEFAULT NULL,
  `completed_at` datetime DEFAULT NULL,
  `due_date` date DEFAULT NULL,
  `notes` text DEFAULT NULL,
  `created_at` timestamp NOT NULL DEFAULT current_timestamp(),
  PRIMARY KEY (`id`),
  KEY `employee_id` (`employee_id`),
  CONSTRAINT `onboarding_checklists_ibfk_1` FOREIGN KEY (`employee_id`) REFERENCES `employees` (`id`) ON DELETE CASCADE
) ENGINE=InnoDB AUTO_INCREMENT=18 DEFAULT CHARSET=utf8mb4 COLLATE=utf8mb4_unicode_ci;
/*!40101 SET character_set_client = @saved_cs_client */;

--
-- Dumping data for table `onboarding_checklists`
--

LOCK TABLES `onboarding_checklists` WRITE;
/*!40000 ALTER TABLE `onboarding_checklists` DISABLE KEYS */;
INSERT INTO `onboarding_checklists` VALUES (1,3,'Signed employment contract','Documentation',1,1,'2026-01-06 09:00:00','2026-01-06',NULL,'2026-06-27 12:10:44'),(2,3,'IT access and email setup','IT Setup',1,1,'2026-01-06 10:30:00','2026-01-06',NULL,'2026-06-27 12:10:44'),(3,3,'Company induction completed','Orientation',1,1,'2026-01-07 16:00:00','2026-01-07',NULL,'2026-06-27 12:10:44'),(4,3,'Health & Safety briefing','Compliance',1,1,'2026-01-07 14:00:00','2026-01-07',NULL,'2026-06-27 12:10:44'),(5,3,'POPI acknowledgement signed','Compliance',1,1,'2026-01-08 09:00:00','2026-01-08',NULL,'2026-06-27 12:10:44'),(6,3,'Uniform and PPE issued','Equipment',1,1,'2026-01-08 11:00:00','2026-01-08',NULL,'2026-06-27 12:10:44'),(7,3,'30-day probation check-in','Performance',1,1,'2026-02-07 14:00:00','2026-02-07',NULL,'2026-06-27 12:10:44'),(8,4,'Signed employment contract','Documentation',1,1,'2026-02-03 09:00:00','2026-02-03',NULL,'2026-06-27 12:10:44'),(9,4,'IT access and email setup','IT Setup',1,1,'2026-02-03 11:00:00','2026-02-03',NULL,'2026-06-27 12:10:44'),(10,4,'Company induction completed','Orientation',1,1,'2026-02-04 16:00:00','2026-02-04',NULL,'2026-06-27 12:10:44'),(11,4,'Health & Safety briefing','Compliance',1,1,'2026-02-04 14:00:00','2026-02-04',NULL,'2026-06-27 12:10:44'),(12,4,'30-day probation check-in','Performance',0,NULL,NULL,'2026-03-05',NULL,'2026-06-27 12:10:44'),(13,12,'Signed employment contract','Documentation',1,1,'2025-03-10 09:00:00','2025-03-10',NULL,'2026-06-27 12:10:44'),(14,12,'IT access and email setup','IT Setup',1,1,'2025-03-10 11:00:00','2025-03-10',NULL,'2026-06-27 12:10:44'),(15,12,'Company induction completed','Orientation',1,1,'2025-03-11 16:00:00','2025-03-11',NULL,'2026-06-27 12:10:44'),(16,12,'POPI acknowledgement signed','Compliance',1,1,'2025-03-11 09:00:00','2025-03-11',NULL,'2026-06-27 12:10:44'),(17,12,'60-day performance review','Performance',1,1,'2025-05-12 14:00:00','2025-05-12',NULL,'2026-06-27 12:10:44');
/*!40000 ALTER TABLE `onboarding_checklists` ENABLE KEYS */;
UNLOCK TABLES;

--
-- Table structure for table `overtime_records`
--

DROP TABLE IF EXISTS `overtime_records`;
/*!40101 SET @saved_cs_client     = @@character_set_client */;
/*!40101 SET character_set_client = utf8 */;
CREATE TABLE `overtime_records` (
  `id` int(10) unsigned NOT NULL AUTO_INCREMENT,
  `attendance_id` int(10) unsigned NOT NULL,
  `employee_id` int(10) unsigned NOT NULL,
  `overtime_date` date NOT NULL,
  `suggested_hours` decimal(5,2) DEFAULT 0.00,
  `approved_hours` decimal(5,2) DEFAULT 0.00,
  `overtime_type` varchar(50) DEFAULT NULL,
  `reason` text DEFAULT NULL,
  `status` enum('pending','approved','rejected') DEFAULT 'pending',
  `reviewed_by` int(10) unsigned DEFAULT NULL,
  `reviewed_at` datetime DEFAULT NULL,
  `hr_remarks` text DEFAULT NULL,
  `is_locked` tinyint(1) DEFAULT 0,
  `created_at` timestamp NOT NULL DEFAULT current_timestamp(),
  `updated_at` timestamp NOT NULL DEFAULT current_timestamp() ON UPDATE current_timestamp(),
  PRIMARY KEY (`id`),
  KEY `attendance_id` (`attendance_id`),
  KEY `employee_id` (`employee_id`),
  CONSTRAINT `overtime_records_ibfk_1` FOREIGN KEY (`attendance_id`) REFERENCES `attendance` (`id`) ON DELETE CASCADE,
  CONSTRAINT `overtime_records_ibfk_2` FOREIGN KEY (`employee_id`) REFERENCES `employees` (`id`) ON DELETE CASCADE
) ENGINE=InnoDB AUTO_INCREMENT=64 DEFAULT CHARSET=utf8mb4 COLLATE=utf8mb4_unicode_ci;
/*!40101 SET character_set_client = @saved_cs_client */;

--
-- Dumping data for table `overtime_records`
--

LOCK TABLES `overtime_records` WRITE;
/*!40000 ALTER TABLE `overtime_records` DISABLE KEYS */;
INSERT INTO `overtime_records` VALUES (1,2,1,'2026-06-01',0.67,0.67,'authorized','Project delivery requirement','approved',1,'2026-06-27 22:10:44',NULL,0,'2026-06-27 12:10:44','2026-06-27 12:10:44'),(2,3,1,'2026-06-02',1.35,1.35,'authorized','Project delivery requirement','approved',1,'2026-06-27 22:10:44',NULL,0,'2026-06-27 12:10:44','2026-06-27 12:10:44'),(3,4,1,'2026-06-03',1.05,1.05,'authorized','Project delivery requirement','approved',1,'2026-06-27 22:10:44',NULL,0,'2026-06-27 12:10:44','2026-06-27 12:10:44'),(4,5,1,'2026-06-04',1.14,1.14,'authorized','Project delivery requirement','approved',1,'2026-06-27 22:10:44',NULL,0,'2026-06-27 12:10:44','2026-06-27 12:10:44'),(5,7,1,'2026-06-08',0.52,0.52,'authorized','Project delivery requirement','approved',1,'2026-06-27 22:10:44',NULL,0,'2026-06-27 12:10:44','2026-06-27 12:10:44'),(6,8,1,'2026-06-09',0.56,0.56,'authorized','Project delivery requirement','approved',1,'2026-06-27 22:10:44',NULL,0,'2026-06-27 12:10:44','2026-06-27 12:10:44'),(7,9,1,'2026-06-10',1.27,1.27,'authorized','Project delivery requirement','approved',1,'2026-06-27 22:10:44',NULL,0,'2026-06-27 12:10:44','2026-06-27 12:10:44'),(8,10,1,'2026-06-11',0.20,0.20,'authorized','Project delivery requirement','approved',1,'2026-06-27 22:10:44',NULL,0,'2026-06-27 12:10:44','2026-06-27 12:10:44'),(9,11,1,'2026-06-12',0.93,0.93,'authorized','Project delivery requirement','approved',1,'2026-06-27 22:10:44',NULL,0,'2026-06-27 12:10:44','2026-06-27 12:10:44'),(10,12,1,'2026-06-15',1.21,1.21,'authorized','Project delivery requirement','approved',1,'2026-06-27 22:10:44',NULL,0,'2026-06-27 12:10:44','2026-06-27 12:10:44'),(11,13,1,'2026-06-16',0.77,0.77,'authorized','Project delivery requirement','approved',1,'2026-06-27 22:10:44',NULL,0,'2026-06-27 12:10:44','2026-06-27 12:10:44'),(12,14,1,'2026-06-17',0.06,0.06,'authorized','Project delivery requirement','approved',1,'2026-06-27 22:10:44',NULL,0,'2026-06-27 12:10:44','2026-06-27 12:10:44'),(13,15,1,'2026-06-18',1.01,1.01,'authorized','Project delivery requirement','approved',1,'2026-06-27 22:10:44',NULL,0,'2026-06-27 12:10:44','2026-06-27 12:10:44'),(14,17,1,'2026-06-22',0.66,0.66,'authorized','Project delivery requirement','approved',1,'2026-06-27 22:10:44',NULL,0,'2026-06-27 12:10:44','2026-06-27 12:10:44'),(15,18,1,'2026-06-23',0.89,0.89,'authorized','Project delivery requirement','approved',1,'2026-06-27 22:10:44',NULL,0,'2026-06-27 12:10:44','2026-06-27 12:10:44'),(16,19,1,'2026-06-24',0.10,0.10,'authorized','Project delivery requirement','approved',1,'2026-06-27 22:10:44',NULL,0,'2026-06-27 12:10:44','2026-06-27 12:10:44'),(17,20,1,'2026-06-25',0.46,0.46,'authorized','Project delivery requirement','approved',1,'2026-06-27 22:10:44',NULL,0,'2026-06-27 12:10:44','2026-06-27 12:10:44'),(18,21,1,'2026-06-26',0.40,0.40,'authorized','Project delivery requirement','approved',1,'2026-06-27 22:10:44',NULL,0,'2026-06-27 12:10:44','2026-06-27 12:10:44'),(19,22,2,'2026-06-01',0.30,0.30,'authorized','Project delivery requirement','approved',1,'2026-06-27 22:10:44',NULL,0,'2026-06-27 12:10:44','2026-06-27 12:10:44'),(20,23,2,'2026-06-02',1.13,1.13,'authorized','Project delivery requirement','approved',1,'2026-06-27 22:10:44',NULL,0,'2026-06-27 12:10:44','2026-06-27 12:10:44'),(21,24,2,'2026-06-03',0.92,0.92,'authorized','Project delivery requirement','approved',1,'2026-06-27 22:10:44',NULL,0,'2026-06-27 12:10:44','2026-06-27 12:10:44'),(22,26,2,'2026-06-05',0.64,0.64,'authorized','Project delivery requirement','approved',1,'2026-06-27 22:10:44',NULL,0,'2026-06-27 12:10:44','2026-06-27 12:10:44'),(23,27,2,'2026-06-08',0.59,0.59,'authorized','Project delivery requirement','approved',1,'2026-06-27 22:10:44',NULL,0,'2026-06-27 12:10:44','2026-06-27 12:10:44'),(24,28,2,'2026-06-09',1.03,1.03,'authorized','Project delivery requirement','approved',1,'2026-06-27 22:10:44',NULL,0,'2026-06-27 12:10:44','2026-06-27 12:10:44'),(25,29,2,'2026-06-10',1.09,1.09,'authorized','Project delivery requirement','approved',1,'2026-06-27 22:10:44',NULL,0,'2026-06-27 12:10:44','2026-06-27 12:10:44'),(26,30,2,'2026-06-11',0.55,0.55,'authorized','Project delivery requirement','approved',1,'2026-06-27 22:10:44',NULL,0,'2026-06-27 12:10:44','2026-06-27 12:10:44'),(27,31,2,'2026-06-12',1.08,1.08,'authorized','Project delivery requirement','approved',1,'2026-06-27 22:10:44',NULL,0,'2026-06-27 12:10:44','2026-06-27 12:10:44'),(28,32,2,'2026-06-15',1.04,1.04,'authorized','Project delivery requirement','approved',1,'2026-06-27 22:10:44',NULL,0,'2026-06-27 12:10:44','2026-06-27 12:10:44'),(29,33,2,'2026-06-16',0.82,0.82,'authorized','Project delivery requirement','approved',1,'2026-06-27 22:10:44',NULL,0,'2026-06-27 12:10:44','2026-06-27 12:10:44'),(30,34,2,'2026-06-17',0.78,0.78,'authorized','Project delivery requirement','approved',1,'2026-06-27 22:10:44',NULL,0,'2026-06-27 12:10:44','2026-06-27 12:10:44'),(31,35,2,'2026-06-18',0.25,0.25,'authorized','Project delivery requirement','approved',1,'2026-06-27 22:10:44',NULL,0,'2026-06-27 12:10:44','2026-06-27 12:10:44'),(32,36,2,'2026-06-19',0.66,0.66,'authorized','Project delivery requirement','approved',1,'2026-06-27 22:10:44',NULL,0,'2026-06-27 12:10:44','2026-06-27 12:10:44'),(33,37,2,'2026-06-22',0.46,0.46,'authorized','Project delivery requirement','approved',1,'2026-06-27 22:10:44',NULL,0,'2026-06-27 12:10:44','2026-06-27 12:10:44'),(34,38,2,'2026-06-23',0.98,0.98,'authorized','Project delivery requirement','approved',1,'2026-06-27 22:10:44',NULL,0,'2026-06-27 12:10:44','2026-06-27 12:10:44'),(35,39,2,'2026-06-24',0.16,0.16,'authorized','Project delivery requirement','approved',1,'2026-06-27 22:10:44',NULL,0,'2026-06-27 12:10:44','2026-06-27 12:10:44'),(36,40,2,'2026-06-25',0.50,0.50,'authorized','Project delivery requirement','approved',1,'2026-06-27 22:10:44',NULL,0,'2026-06-27 12:10:44','2026-06-27 12:10:44'),(37,41,2,'2026-06-26',0.87,0.87,'authorized','Project delivery requirement','approved',1,'2026-06-27 22:10:44',NULL,0,'2026-06-27 12:10:44','2026-06-27 12:10:44'),(38,43,3,'2026-06-02',0.76,0.76,'authorized','Project delivery requirement','approved',1,'2026-06-27 22:10:44',NULL,0,'2026-06-27 12:10:44','2026-06-27 12:10:44'),(39,44,3,'2026-06-03',0.86,0.86,'authorized','Project delivery requirement','approved',1,'2026-06-27 22:10:44',NULL,0,'2026-06-27 12:10:44','2026-06-27 12:10:44'),(40,45,3,'2026-06-04',1.11,1.11,'authorized','Project delivery requirement','approved',1,'2026-06-27 22:10:44',NULL,0,'2026-06-27 12:10:44','2026-06-27 12:10:44');
/*!40000 ALTER TABLE `overtime_records` ENABLE KEYS */;
UNLOCK TABLES;

--
-- Table structure for table `payroll_deductions`
--

DROP TABLE IF EXISTS `payroll_deductions`;
/*!40101 SET @saved_cs_client     = @@character_set_client */;
/*!40101 SET character_set_client = utf8 */;
CREATE TABLE `payroll_deductions` (
  `id` int(10) unsigned NOT NULL AUTO_INCREMENT,
  `employee_id` int(10) unsigned NOT NULL,
  `deduction_type` enum('tax','uif','pension','provident','medical_aid','loan','garnishee','other') NOT NULL,
  `description` varchar(255) NOT NULL,
  `is_percentage` tinyint(1) DEFAULT 0,
  `amount` decimal(12,2) DEFAULT NULL,
  `percentage` decimal(5,2) DEFAULT NULL,
  `employer_contribution` decimal(12,2) DEFAULT NULL,
  `employer_percentage` decimal(5,2) DEFAULT NULL,
  `is_recurring` tinyint(1) DEFAULT 1,
  `effective_from` date NOT NULL,
  `effective_to` date DEFAULT NULL,
  `is_active` tinyint(1) DEFAULT 1,
  `notes` text DEFAULT NULL,
  `created_by` int(10) unsigned DEFAULT NULL,
  `created_at` timestamp NOT NULL DEFAULT current_timestamp(),
  `updated_at` timestamp NOT NULL DEFAULT current_timestamp() ON UPDATE current_timestamp(),
  PRIMARY KEY (`id`),
  KEY `employee_id` (`employee_id`),
  CONSTRAINT `payroll_deductions_ibfk_1` FOREIGN KEY (`employee_id`) REFERENCES `employees` (`id`) ON DELETE CASCADE
) ENGINE=InnoDB AUTO_INCREMENT=100 DEFAULT CHARSET=utf8mb4 COLLATE=utf8mb4_unicode_ci;
/*!40101 SET character_set_client = @saved_cs_client */;

--
-- Dumping data for table `payroll_deductions`
--

LOCK TABLES `payroll_deductions` WRITE;
/*!40000 ALTER TABLE `payroll_deductions` DISABLE KEYS */;
INSERT INTO `payroll_deductions` VALUES (1,1,'uif','UIF Employee Contribution',1,NULL,1.00,NULL,NULL,1,'2026-01-01',NULL,1,NULL,1,'2026-06-25 01:05:31','2026-06-25 01:05:31'),(2,22,'uif','UIF Employee Contribution',1,NULL,1.00,NULL,NULL,1,'2026-01-01',NULL,1,NULL,1,'2026-06-25 01:05:31','2026-06-25 01:05:31'),(3,23,'uif','UIF Employee Contribution',1,NULL,1.00,NULL,NULL,1,'2026-01-01',NULL,1,NULL,1,'2026-06-25 01:05:31','2026-06-25 01:05:31'),(4,24,'uif','UIF Employee Contribution',1,NULL,1.00,NULL,NULL,1,'2026-01-01',NULL,1,NULL,1,'2026-06-25 01:05:31','2026-06-25 01:05:31'),(5,25,'uif','UIF Employee Contribution',1,NULL,1.00,NULL,NULL,1,'2026-01-01',NULL,1,NULL,1,'2026-06-25 01:05:31','2026-06-25 01:05:31'),(6,26,'uif','UIF Employee Contribution',1,NULL,1.00,NULL,NULL,1,'2026-01-01',NULL,1,NULL,1,'2026-06-25 01:05:31','2026-06-25 01:05:31'),(7,27,'uif','UIF Employee Contribution',1,NULL,1.00,NULL,NULL,1,'2026-01-01',NULL,1,NULL,1,'2026-06-25 01:05:31','2026-06-25 01:05:31'),(8,28,'uif','UIF Employee Contribution',1,NULL,1.00,NULL,NULL,1,'2026-01-01',NULL,1,NULL,1,'2026-06-25 01:05:31','2026-06-25 01:05:31'),(9,29,'uif','UIF Employee Contribution',1,NULL,1.00,NULL,NULL,1,'2026-01-01',NULL,1,NULL,1,'2026-06-25 01:05:31','2026-06-25 01:05:31'),(10,31,'uif','UIF Employee Contribution',1,NULL,1.00,NULL,NULL,1,'2026-01-01',NULL,1,NULL,1,'2026-06-25 01:05:31','2026-06-25 01:05:31'),(11,32,'uif','UIF Employee Contribution',1,NULL,1.00,NULL,NULL,1,'2026-01-01',NULL,1,NULL,1,'2026-06-25 01:05:31','2026-06-25 01:05:31'),(12,33,'uif','UIF Employee Contribution',1,NULL,1.00,NULL,NULL,1,'2026-01-01',NULL,1,NULL,1,'2026-06-25 01:05:31','2026-06-25 01:05:31'),(13,34,'uif','UIF Employee Contribution',1,NULL,1.00,NULL,NULL,1,'2026-01-01',NULL,1,NULL,1,'2026-06-25 01:05:31','2026-06-25 01:05:31'),(14,35,'uif','UIF Employee Contribution',1,NULL,1.00,NULL,NULL,1,'2026-01-01',NULL,1,NULL,1,'2026-06-25 01:05:31','2026-06-25 01:05:31'),(15,36,'uif','UIF Employee Contribution',1,NULL,1.00,NULL,NULL,1,'2026-01-01',NULL,1,NULL,1,'2026-06-25 01:05:31','2026-06-25 01:05:31'),(16,37,'uif','UIF Employee Contribution',1,NULL,1.00,NULL,NULL,1,'2026-01-01',NULL,1,NULL,1,'2026-06-25 01:05:31','2026-06-25 01:05:31'),(17,38,'uif','UIF Employee Contribution',1,NULL,1.00,NULL,NULL,1,'2026-01-01',NULL,1,NULL,1,'2026-06-25 01:05:31','2026-06-25 01:05:31'),(32,1,'tax','PAYE Tax Deduction',1,NULL,20.00,NULL,NULL,1,'2026-01-01',NULL,1,NULL,1,'2026-06-25 01:05:31','2026-06-25 01:05:31'),(33,22,'tax','PAYE Tax Deduction',1,NULL,20.00,NULL,NULL,1,'2026-01-01',NULL,1,NULL,1,'2026-06-25 01:05:31','2026-06-25 01:05:31'),(34,23,'tax','PAYE Tax Deduction',1,NULL,20.00,NULL,NULL,1,'2026-01-01',NULL,1,NULL,1,'2026-06-25 01:05:31','2026-06-25 01:05:31'),(35,24,'tax','PAYE Tax Deduction',1,NULL,20.00,NULL,NULL,1,'2026-01-01',NULL,1,NULL,1,'2026-06-25 01:05:31','2026-06-25 01:05:31'),(36,25,'tax','PAYE Tax Deduction',1,NULL,20.00,NULL,NULL,1,'2026-01-01',NULL,1,NULL,1,'2026-06-25 01:05:31','2026-06-25 01:05:31'),(37,26,'tax','PAYE Tax Deduction',1,NULL,20.00,NULL,NULL,1,'2026-01-01',NULL,1,NULL,1,'2026-06-25 01:05:31','2026-06-25 01:05:31'),(38,27,'tax','PAYE Tax Deduction',1,NULL,20.00,NULL,NULL,1,'2026-01-01',NULL,1,NULL,1,'2026-06-25 01:05:31','2026-06-25 01:05:31'),(39,28,'tax','PAYE Tax Deduction',1,NULL,20.00,NULL,NULL,1,'2026-01-01',NULL,1,NULL,1,'2026-06-25 01:05:31','2026-06-25 01:05:31'),(40,29,'tax','PAYE Tax Deduction',1,NULL,20.00,NULL,NULL,1,'2026-01-01',NULL,1,NULL,1,'2026-06-25 01:05:31','2026-06-25 01:05:31'),(41,31,'tax','PAYE Tax Deduction',1,NULL,20.00,NULL,NULL,1,'2026-01-01',NULL,1,NULL,1,'2026-06-25 01:05:31','2026-06-25 01:05:31'),(42,32,'tax','PAYE Tax Deduction',1,NULL,20.00,NULL,NULL,1,'2026-01-01',NULL,1,NULL,1,'2026-06-25 01:05:31','2026-06-25 01:05:31'),(43,33,'tax','PAYE Tax Deduction',1,NULL,20.00,NULL,NULL,1,'2026-01-01',NULL,1,NULL,1,'2026-06-25 01:05:31','2026-06-25 01:05:31'),(44,34,'tax','PAYE Tax Deduction',1,NULL,20.00,NULL,NULL,1,'2026-01-01',NULL,1,NULL,1,'2026-06-25 01:05:31','2026-06-25 01:05:31'),(45,35,'tax','PAYE Tax Deduction',1,NULL,20.00,NULL,NULL,1,'2026-01-01',NULL,1,NULL,1,'2026-06-25 01:05:31','2026-06-25 01:05:31'),(46,36,'tax','PAYE Tax Deduction',1,NULL,20.00,NULL,NULL,1,'2026-01-01',NULL,1,NULL,1,'2026-06-25 01:05:31','2026-06-25 01:05:31'),(47,37,'tax','PAYE Tax Deduction',1,NULL,20.00,NULL,NULL,1,'2026-01-01',NULL,1,NULL,1,'2026-06-25 01:05:31','2026-06-25 01:05:31'),(48,38,'tax','PAYE Tax Deduction',1,NULL,20.00,NULL,NULL,1,'2026-01-01',NULL,1,NULL,1,'2026-06-25 01:05:31','2026-06-25 01:05:31'),(63,1,'uif','UIF Employee Contribution (1%)',1,NULL,1.00,NULL,NULL,1,'2026-01-01',NULL,1,NULL,1,'2026-06-27 12:10:44','2026-06-27 12:10:44'),(64,2,'uif','UIF Employee Contribution (1%)',1,NULL,1.00,NULL,NULL,1,'2026-01-01',NULL,1,NULL,1,'2026-06-27 12:10:44','2026-06-27 12:10:44'),(65,3,'uif','UIF Employee Contribution (1%)',1,NULL,1.00,NULL,NULL,1,'2026-01-01',NULL,1,NULL,1,'2026-06-27 12:10:44','2026-06-27 12:10:44'),(66,4,'uif','UIF Employee Contribution (1%)',1,NULL,1.00,NULL,NULL,1,'2026-01-01',NULL,1,NULL,1,'2026-06-27 12:10:44','2026-06-27 12:10:44'),(67,5,'uif','UIF Employee Contribution (1%)',1,NULL,1.00,NULL,NULL,1,'2026-01-01',NULL,1,NULL,1,'2026-06-27 12:10:44','2026-06-27 12:10:44'),(68,6,'uif','UIF Employee Contribution (1%)',1,NULL,1.00,NULL,NULL,1,'2026-01-01',NULL,1,NULL,1,'2026-06-27 12:10:44','2026-06-27 12:10:44'),(69,7,'uif','UIF Employee Contribution (1%)',1,NULL,1.00,NULL,NULL,1,'2026-01-01',NULL,1,NULL,1,'2026-06-27 12:10:44','2026-06-27 12:10:44'),(70,8,'uif','UIF Employee Contribution (1%)',1,NULL,1.00,NULL,NULL,1,'2026-01-01',NULL,1,NULL,1,'2026-06-27 12:10:44','2026-06-27 12:10:44'),(71,9,'uif','UIF Employee Contribution (1%)',1,NULL,1.00,NULL,NULL,1,'2026-01-01',NULL,1,NULL,1,'2026-06-27 12:10:44','2026-06-27 12:10:44'),(72,10,'uif','UIF Employee Contribution (1%)',1,NULL,1.00,NULL,NULL,1,'2026-01-01',NULL,1,NULL,1,'2026-06-27 12:10:44','2026-06-27 12:10:44'),(73,11,'uif','UIF Employee Contribution (1%)',1,NULL,1.00,NULL,NULL,1,'2026-01-01',NULL,1,NULL,1,'2026-06-27 12:10:44','2026-06-27 12:10:44'),(74,12,'uif','UIF Employee Contribution (1%)',1,NULL,1.00,NULL,NULL,1,'2026-01-01',NULL,1,NULL,1,'2026-06-27 12:10:44','2026-06-27 12:10:44'),(75,13,'uif','UIF Employee Contribution (1%)',1,NULL,1.00,NULL,NULL,1,'2026-01-01',NULL,1,NULL,1,'2026-06-27 12:10:44','2026-06-27 12:10:44'),(78,1,'tax','PAYE Income Tax (20%)',1,NULL,20.00,NULL,NULL,1,'2026-01-01',NULL,1,NULL,1,'2026-06-27 12:10:44','2026-06-27 12:10:44'),(79,2,'tax','PAYE Income Tax (20%)',1,NULL,20.00,NULL,NULL,1,'2026-01-01',NULL,1,NULL,1,'2026-06-27 12:10:44','2026-06-27 12:10:44'),(80,3,'tax','PAYE Income Tax (20%)',1,NULL,20.00,NULL,NULL,1,'2026-01-01',NULL,1,NULL,1,'2026-06-27 12:10:44','2026-06-27 12:10:44'),(81,4,'tax','PAYE Income Tax (20%)',1,NULL,20.00,NULL,NULL,1,'2026-01-01',NULL,1,NULL,1,'2026-06-27 12:10:44','2026-06-27 12:10:44'),(82,5,'tax','PAYE Income Tax (20%)',1,NULL,20.00,NULL,NULL,1,'2026-01-01',NULL,1,NULL,1,'2026-06-27 12:10:44','2026-06-27 12:10:44'),(83,6,'tax','PAYE Income Tax (20%)',1,NULL,20.00,NULL,NULL,1,'2026-01-01',NULL,1,NULL,1,'2026-06-27 12:10:44','2026-06-27 12:10:44'),(84,7,'tax','PAYE Income Tax (20%)',1,NULL,20.00,NULL,NULL,1,'2026-01-01',NULL,1,NULL,1,'2026-06-27 12:10:44','2026-06-27 12:10:44'),(85,8,'tax','PAYE Income Tax (20%)',1,NULL,20.00,NULL,NULL,1,'2026-01-01',NULL,1,NULL,1,'2026-06-27 12:10:44','2026-06-27 12:10:44'),(86,9,'tax','PAYE Income Tax (20%)',1,NULL,20.00,NULL,NULL,1,'2026-01-01',NULL,1,NULL,1,'2026-06-27 12:10:44','2026-06-27 12:10:44'),(87,10,'tax','PAYE Income Tax (20%)',1,NULL,20.00,NULL,NULL,1,'2026-01-01',NULL,1,NULL,1,'2026-06-27 12:10:44','2026-06-27 12:10:44'),(88,11,'tax','PAYE Income Tax (20%)',1,NULL,20.00,NULL,NULL,1,'2026-01-01',NULL,1,NULL,1,'2026-06-27 12:10:44','2026-06-27 12:10:44'),(89,12,'tax','PAYE Income Tax (20%)',1,NULL,20.00,NULL,NULL,1,'2026-01-01',NULL,1,NULL,1,'2026-06-27 12:10:44','2026-06-27 12:10:44'),(90,13,'tax','PAYE Income Tax (20%)',1,NULL,20.00,NULL,NULL,1,'2026-01-01',NULL,1,NULL,1,'2026-06-27 12:10:44','2026-06-27 12:10:44'),(93,1,'medical_aid','Medical Aid ??? Employee Contribution',0,450.00,NULL,NULL,NULL,1,'2026-01-01',NULL,1,NULL,1,'2026-06-27 12:10:44','2026-06-27 12:10:44'),(94,2,'medical_aid','Medical Aid ??? Employee Contribution',0,450.00,NULL,NULL,NULL,1,'2026-01-01',NULL,1,NULL,1,'2026-06-27 12:10:44','2026-06-27 12:10:44'),(95,5,'medical_aid','Medical Aid ??? Employee Contribution',0,450.00,NULL,NULL,NULL,1,'2026-01-01',NULL,1,NULL,1,'2026-06-27 12:10:44','2026-06-27 12:10:44'),(96,6,'medical_aid','Medical Aid ??? Employee Contribution',0,450.00,NULL,NULL,NULL,1,'2026-01-01',NULL,1,NULL,1,'2026-06-27 12:10:44','2026-06-27 12:10:44'),(97,8,'medical_aid','Medical Aid ??? Employee Contribution',0,450.00,NULL,NULL,NULL,1,'2026-01-01',NULL,1,NULL,1,'2026-06-27 12:10:44','2026-06-27 12:10:44'),(98,10,'medical_aid','Medical Aid ??? Employee Contribution',0,450.00,NULL,NULL,NULL,1,'2026-01-01',NULL,1,NULL,1,'2026-06-27 12:10:44','2026-06-27 12:10:44'),(99,13,'medical_aid','Medical Aid ??? Employee Contribution',0,450.00,NULL,NULL,NULL,1,'2026-01-01',NULL,1,NULL,1,'2026-06-27 12:10:44','2026-06-27 12:10:44');
/*!40000 ALTER TABLE `payroll_deductions` ENABLE KEYS */;
UNLOCK TABLES;

--
-- Table structure for table `payroll_runs`
--

DROP TABLE IF EXISTS `payroll_runs`;
/*!40101 SET @saved_cs_client     = @@character_set_client */;
/*!40101 SET character_set_client = utf8 */;
CREATE TABLE `payroll_runs` (
  `id` int(10) unsigned NOT NULL AUTO_INCREMENT,
  `period_month` tinyint(2) NOT NULL,
  `period_year` year(4) NOT NULL,
  `status` enum('draft','processing','finalized','published') DEFAULT 'draft',
  `total_gross` decimal(14,2) DEFAULT 0.00,
  `total_net` decimal(14,2) DEFAULT 0.00,
  `total_deductions` decimal(14,2) DEFAULT 0.00,
  `employee_count` int(11) DEFAULT 0,
  `notes` text DEFAULT NULL,
  `processed_by` int(10) unsigned DEFAULT NULL,
  `finalized_at` datetime DEFAULT NULL,
  `created_at` timestamp NOT NULL DEFAULT current_timestamp(),
  `updated_at` timestamp NOT NULL DEFAULT current_timestamp() ON UPDATE current_timestamp(),
  PRIMARY KEY (`id`),
  UNIQUE KEY `payroll_run_unique` (`period_month`,`period_year`)
) ENGINE=InnoDB AUTO_INCREMENT=3 DEFAULT CHARSET=utf8mb4 COLLATE=utf8mb4_unicode_ci;
/*!40101 SET character_set_client = @saved_cs_client */;

--
-- Dumping data for table `payroll_runs`
--

LOCK TABLES `payroll_runs` WRITE;
/*!40000 ALTER TABLE `payroll_runs` DISABLE KEYS */;
INSERT INTO `payroll_runs` VALUES (1,5,2026,'published',90200.00,65846.00,24354.00,13,NULL,1,'2026-05-31 16:00:00','2026-06-27 12:10:44','2026-06-27 12:10:44'),(2,6,2026,'finalized',77337.18,56456.15,20881.03,12,NULL,1,'2026-06-27 12:00:00','2026-06-27 12:10:44','2026-06-27 12:10:44');
/*!40000 ALTER TABLE `payroll_runs` ENABLE KEYS */;
UNLOCK TABLES;

--
-- Table structure for table `payslip_items`
--

DROP TABLE IF EXISTS `payslip_items`;
/*!40101 SET @saved_cs_client     = @@character_set_client */;
/*!40101 SET character_set_client = utf8 */;
CREATE TABLE `payslip_items` (
  `id` int(10) unsigned NOT NULL AUTO_INCREMENT,
  `payslip_id` int(10) unsigned NOT NULL,
  `item_type` enum('earning','deduction','employer_contribution','info') NOT NULL,
  `description` varchar(255) NOT NULL,
  `amount` decimal(12,2) NOT NULL DEFAULT 0.00,
  `sort_order` tinyint(3) unsigned DEFAULT 0,
  PRIMARY KEY (`id`),
  KEY `payslip_id` (`payslip_id`),
  CONSTRAINT `payslip_items_ibfk_1` FOREIGN KEY (`payslip_id`) REFERENCES `payslips` (`id`) ON DELETE CASCADE
) ENGINE=InnoDB DEFAULT CHARSET=utf8mb4 COLLATE=utf8mb4_unicode_ci;
/*!40101 SET character_set_client = @saved_cs_client */;

--
-- Dumping data for table `payslip_items`
--

LOCK TABLES `payslip_items` WRITE;
/*!40000 ALTER TABLE `payslip_items` DISABLE KEYS */;
/*!40000 ALTER TABLE `payslip_items` ENABLE KEYS */;
UNLOCK TABLES;

--
-- Table structure for table `payslips`
--

DROP TABLE IF EXISTS `payslips`;
/*!40101 SET @saved_cs_client     = @@character_set_client */;
/*!40101 SET character_set_client = utf8 */;
CREATE TABLE `payslips` (
  `id` int(10) unsigned NOT NULL AUTO_INCREMENT,
  `employee_id` int(10) unsigned NOT NULL,
  `period_month` tinyint(2) NOT NULL,
  `period_year` year(4) NOT NULL,
  `payroll_run_id` int(10) unsigned DEFAULT NULL,
  `gross_salary` decimal(12,2) DEFAULT NULL,
  `basic_salary` decimal(12,2) DEFAULT 0.00,
  `deductions` decimal(12,2) DEFAULT NULL,
  `net_salary` decimal(12,2) DEFAULT NULL,
  `total_deductions` decimal(12,2) DEFAULT 0.00,
  `tax_amount` decimal(12,2) DEFAULT 0.00,
  `uif_employee` decimal(12,2) DEFAULT 0.00,
  `uif_employer` decimal(12,2) DEFAULT 0.00,
  `other_deductions` decimal(12,2) DEFAULT 0.00,
  `total_employer_cost` decimal(12,2) DEFAULT 0.00,
  `overtime_hours` decimal(6,2) DEFAULT 0.00,
  `overtime_amount` decimal(12,2) DEFAULT 0.00,
  `leave_days_taken` decimal(5,1) DEFAULT 0.0,
  `notes` text DEFAULT NULL,
  `status` enum('draft','finalized','sent') DEFAULT 'draft',
  `file_path` varchar(500) DEFAULT NULL,
  `uploaded_by` int(10) unsigned DEFAULT NULL,
  `uploaded_at` timestamp NOT NULL DEFAULT current_timestamp(),
  PRIMARY KEY (`id`),
  UNIQUE KEY `payslip_unique` (`employee_id`,`period_month`,`period_year`),
  CONSTRAINT `payslips_ibfk_1` FOREIGN KEY (`employee_id`) REFERENCES `employees` (`id`) ON DELETE CASCADE
) ENGINE=InnoDB AUTO_INCREMENT=32 DEFAULT CHARSET=utf8mb4 COLLATE=utf8mb4_unicode_ci;
/*!40101 SET character_set_client = @saved_cs_client */;

--
-- Dumping data for table `payslips`
--

LOCK TABLES `payslips` WRITE;
/*!40000 ALTER TABLE `payslips` DISABLE KEYS */;
INSERT INTO `payslips` VALUES (1,13,6,2026,NULL,7.00,7.00,NULL,-3.00,10.00,5.00,5.00,5.00,0.00,0.00,1.00,3.00,0.0,'final pay slip','finalized',NULL,NULL,'2026-06-25 10:20:03'),(2,1,5,2026,1,8500.00,8500.00,NULL,6205.00,2295.00,1700.00,85.00,85.00,425.00,0.00,0.00,0.00,0.0,NULL,'sent',NULL,NULL,'2026-06-27 12:10:44'),(3,2,5,2026,1,7500.00,7500.00,NULL,5475.00,2025.00,1500.00,75.00,75.00,375.00,0.00,0.00,0.00,0.0,NULL,'sent',NULL,NULL,'2026-06-27 12:10:44'),(4,3,5,2026,1,4200.00,4200.00,NULL,3066.00,1134.00,840.00,42.00,42.00,210.00,0.00,0.00,0.00,0.0,NULL,'sent',NULL,NULL,'2026-06-27 12:10:44'),(5,4,5,2026,1,4200.00,4200.00,NULL,3066.00,1134.00,840.00,42.00,42.00,210.00,0.00,0.00,0.00,0.0,NULL,'sent',NULL,NULL,'2026-06-27 12:10:44'),(6,5,5,2026,1,6500.00,6500.00,NULL,4745.00,1755.00,1300.00,65.00,65.00,325.00,0.00,0.00,0.00,0.0,NULL,'sent',NULL,NULL,'2026-06-27 12:10:44'),(7,6,5,2026,1,9000.00,9000.00,NULL,6570.00,2430.00,1800.00,90.00,90.00,450.00,0.00,0.00,0.00,0.0,NULL,'sent',NULL,NULL,'2026-06-27 12:10:44'),(8,7,5,2026,1,5800.00,5800.00,NULL,4234.00,1566.00,1160.00,58.00,58.00,290.00,0.00,0.00,0.00,0.0,NULL,'sent',NULL,NULL,'2026-06-27 12:10:44'),(9,8,5,2026,1,8200.00,8200.00,NULL,5986.00,2214.00,1640.00,82.00,82.00,410.00,0.00,0.00,0.00,0.0,NULL,'sent',NULL,NULL,'2026-06-27 12:10:44'),(10,9,5,2026,1,5500.00,5500.00,NULL,4015.00,1485.00,1100.00,55.00,55.00,275.00,0.00,0.00,0.00,0.0,NULL,'sent',NULL,NULL,'2026-06-27 12:10:44'),(11,10,5,2026,1,7000.00,7000.00,NULL,5110.00,1890.00,1400.00,70.00,70.00,350.00,0.00,0.00,0.00,0.0,NULL,'sent',NULL,NULL,'2026-06-27 12:10:44'),(12,11,5,2026,1,5000.00,5000.00,NULL,3650.00,1350.00,1000.00,50.00,50.00,250.00,0.00,0.00,0.00,0.0,NULL,'sent',NULL,NULL,'2026-06-27 12:10:44'),(13,12,5,2026,1,3800.00,3800.00,NULL,2774.00,1026.00,760.00,38.00,38.00,190.00,0.00,0.00,0.00,0.0,NULL,'sent',NULL,NULL,'2026-06-27 12:10:44'),(14,13,5,2026,1,15000.00,15000.00,NULL,10950.00,4050.00,3000.00,150.00,150.00,750.00,0.00,0.00,0.00,0.0,NULL,'sent',NULL,NULL,'2026-06-27 12:10:44'),(17,1,6,2026,2,9555.86,8500.00,NULL,6975.78,2580.08,1911.17,95.56,95.56,477.79,0.00,13.25,1055.86,0.0,NULL,'finalized',NULL,NULL,'2026-06-27 12:10:44'),(18,2,6,2026,2,8473.83,7500.00,NULL,6185.90,2287.93,1694.77,84.74,84.74,423.69,0.00,13.85,973.83,0.0,NULL,'finalized',NULL,NULL,'2026-06-27 12:10:44'),(19,3,6,2026,2,4307.49,4200.00,NULL,3144.47,1163.02,861.50,43.07,43.07,215.37,0.00,2.73,107.49,0.0,NULL,'finalized',NULL,NULL,'2026-06-27 12:10:44'),(20,4,6,2026,2,4200.00,4200.00,NULL,3066.00,1134.00,840.00,42.00,42.00,210.00,0.00,0.00,0.00,0.0,NULL,'finalized',NULL,NULL,'2026-06-27 12:10:44'),(21,5,6,2026,2,6500.00,6500.00,NULL,4745.00,1755.00,1300.00,65.00,65.00,325.00,0.00,0.00,0.00,0.0,NULL,'finalized',NULL,NULL,'2026-06-27 12:10:44'),(22,6,6,2026,2,9000.00,9000.00,NULL,6570.00,2430.00,1800.00,90.00,90.00,450.00,0.00,0.00,0.00,0.0,NULL,'finalized',NULL,NULL,'2026-06-27 12:10:44'),(23,7,6,2026,2,5800.00,5800.00,NULL,4234.00,1566.00,1160.00,58.00,58.00,290.00,0.00,0.00,0.00,0.0,NULL,'finalized',NULL,NULL,'2026-06-27 12:10:44'),(24,8,6,2026,2,8200.00,8200.00,NULL,5986.00,2214.00,1640.00,82.00,82.00,410.00,0.00,0.00,0.00,0.0,NULL,'finalized',NULL,NULL,'2026-06-27 12:10:44'),(25,9,6,2026,2,5500.00,5500.00,NULL,4015.00,1485.00,1100.00,55.00,55.00,275.00,0.00,0.00,0.00,0.0,NULL,'finalized',NULL,NULL,'2026-06-27 12:10:44'),(26,10,6,2026,2,7000.00,7000.00,NULL,5110.00,1890.00,1400.00,70.00,70.00,350.00,0.00,0.00,0.00,0.0,NULL,'finalized',NULL,NULL,'2026-06-27 12:10:44'),(27,11,6,2026,2,5000.00,5000.00,NULL,3650.00,1350.00,1000.00,50.00,50.00,250.00,0.00,0.00,0.00,0.0,NULL,'finalized',NULL,NULL,'2026-06-27 12:10:44'),(28,12,6,2026,2,3800.00,3800.00,NULL,2774.00,1026.00,760.00,38.00,38.00,190.00,0.00,0.00,0.00,0.0,NULL,'finalized',NULL,NULL,'2026-06-27 12:10:44');
/*!40000 ALTER TABLE `payslips` ENABLE KEYS */;
UNLOCK TABLES;

--
-- Table structure for table `performance_reviews`
--

DROP TABLE IF EXISTS `performance_reviews`;
/*!40101 SET @saved_cs_client     = @@character_set_client */;
/*!40101 SET character_set_client = utf8 */;
CREATE TABLE `performance_reviews` (
  `id` int(10) unsigned NOT NULL AUTO_INCREMENT,
  `employee_id` int(10) unsigned NOT NULL,
  `reviewer_id` int(10) unsigned NOT NULL,
  `review_period` varchar(50) DEFAULT NULL,
  `review_date` date NOT NULL,
  `overall_score` decimal(5,2) DEFAULT NULL,
  `self_assessment` text DEFAULT NULL,
  `supervisor_assessment` text DEFAULT NULL,
  `strengths` text DEFAULT NULL,
  `improvements` text DEFAULT NULL,
  `recommendation` enum('promote','salary_review','training','warning','no_action') DEFAULT NULL,
  `recommendation_notes` text DEFAULT NULL,
  `status` enum('draft','submitted','completed') DEFAULT 'draft',
  `created_at` timestamp NOT NULL DEFAULT current_timestamp(),
  `updated_at` timestamp NOT NULL DEFAULT current_timestamp() ON UPDATE current_timestamp(),
  PRIMARY KEY (`id`),
  KEY `employee_id` (`employee_id`),
  CONSTRAINT `performance_reviews_ibfk_1` FOREIGN KEY (`employee_id`) REFERENCES `employees` (`id`) ON DELETE CASCADE
) ENGINE=InnoDB AUTO_INCREMENT=17 DEFAULT CHARSET=utf8mb4 COLLATE=utf8mb4_unicode_ci;
/*!40101 SET character_set_client = @saved_cs_client */;

--
-- Dumping data for table `performance_reviews`
--

LOCK TABLES `performance_reviews` WRITE;
/*!40000 ALTER TABLE `performance_reviews` DISABLE KEYS */;
INSERT INTO `performance_reviews` VALUES (1,1,1,'Q1 2026','2026-03-31',4.70,'I have consistently met my targets this quarter, contributing to team goals and maintaining good working relationships.','Demonstrates strong commitment and technical competence. Consistently delivers quality work.','Technical expertise, reliability, teamwork','Time management on complex multi-task assignments','no_action','Recommended based on Q1 performance assessment','completed','2026-06-27 12:10:44','2026-06-27 12:10:44'),(2,2,1,'Q1 2026','2026-03-31',4.40,'I have consistently met my targets this quarter, contributing to team goals and maintaining good working relationships.','Demonstrates strong commitment and technical competence. Consistently delivers quality work.','Technical expertise, reliability, teamwork','Time management on complex multi-task assignments','salary_review','Recommended based on Q1 performance assessment','completed','2026-06-27 12:10:44','2026-06-27 12:10:44'),(3,3,1,'Q1 2026','2026-03-31',3.70,'I have consistently met my targets this quarter, contributing to team goals and maintaining good working relationships.','Demonstrates strong commitment and technical competence. Consistently delivers quality work.','Technical expertise, reliability, teamwork','Time management on complex multi-task assignments','salary_review','Recommended based on Q1 performance assessment','completed','2026-06-27 12:10:44','2026-06-27 12:10:44'),(4,4,1,'Q1 2026','2026-03-31',4.00,'I have consistently met my targets this quarter, contributing to team goals and maintaining good working relationships.','Demonstrates strong commitment and technical competence. Consistently delivers quality work.','Technical expertise, reliability, teamwork','Time management on complex multi-task assignments','salary_review','Recommended based on Q1 performance assessment','completed','2026-06-27 12:10:44','2026-06-27 12:10:44'),(5,5,1,'Q1 2026','2026-03-31',4.80,'I have consistently met my targets this quarter, contributing to team goals and maintaining good working relationships.','Demonstrates strong commitment and technical competence. Consistently delivers quality work.','Technical expertise, reliability, teamwork','Time management on complex multi-task assignments','salary_review','Recommended based on Q1 performance assessment','completed','2026-06-27 12:10:44','2026-06-27 12:10:44'),(6,6,1,'Q1 2026','2026-03-31',4.10,'I have consistently met my targets this quarter, contributing to team goals and maintaining good working relationships.','Demonstrates strong commitment and technical competence. Consistently delivers quality work.','Technical expertise, reliability, teamwork','Time management on complex multi-task assignments','no_action','Recommended based on Q1 performance assessment','completed','2026-06-27 12:10:44','2026-06-27 12:10:44'),(7,7,1,'Q1 2026','2026-03-31',4.00,'I have consistently met my targets this quarter, contributing to team goals and maintaining good working relationships.','Demonstrates strong commitment and technical competence. Consistently delivers quality work.','Technical expertise, reliability, teamwork','Time management on complex multi-task assignments','training','Recommended based on Q1 performance assessment','completed','2026-06-27 12:10:44','2026-06-27 12:10:44'),(8,8,1,'Q1 2026','2026-03-31',4.40,'I have consistently met my targets this quarter, contributing to team goals and maintaining good working relationships.','Demonstrates strong commitment and technical competence. Consistently delivers quality work.','Technical expertise, reliability, teamwork','Time management on complex multi-task assignments','no_action','Recommended based on Q1 performance assessment','completed','2026-06-27 12:10:44','2026-06-27 12:10:44'),(9,9,1,'Q1 2026','2026-03-31',3.60,'I have consistently met my targets this quarter, contributing to team goals and maintaining good working relationships.','Demonstrates strong commitment and technical competence. Consistently delivers quality work.','Technical expertise, reliability, teamwork','Time management on complex multi-task assignments','no_action','Recommended based on Q1 performance assessment','completed','2026-06-27 12:10:44','2026-06-27 12:10:44'),(10,10,1,'Q1 2026','2026-03-31',4.50,'I have consistently met my targets this quarter, contributing to team goals and maintaining good working relationships.','Demonstrates strong commitment and technical competence. Consistently delivers quality work.','Technical expertise, reliability, teamwork','Time management on complex multi-task assignments','no_action','Recommended based on Q1 performance assessment','completed','2026-06-27 12:10:44','2026-06-27 12:10:44'),(11,11,1,'Q1 2026','2026-03-31',3.80,'I have consistently met my targets this quarter, contributing to team goals and maintaining good working relationships.','Demonstrates strong commitment and technical competence. Consistently delivers quality work.','Technical expertise, reliability, teamwork','Time management on complex multi-task assignments','training','Recommended based on Q1 performance assessment','completed','2026-06-27 12:10:44','2026-06-27 12:10:44'),(16,13,1,'Q1 2026','2026-03-31',4.80,'Successfully steered the organisation through the Q1 strategic review and expansion. All KPIs achieved.','Exceptional strategic leadership. The organisation has benefited significantly from her direction.','Strategic vision, stakeholder management, decision-making, mentoring','Delegation of operational tasks to enable more strategic focus','salary_review','Outstanding performance ??? recommend 10% salary review effective July 2026','completed','2026-06-27 12:10:44','2026-06-27 12:10:44');
/*!40000 ALTER TABLE `performance_reviews` ENABLE KEYS */;
UNLOCK TABLES;

--
-- Table structure for table `permissions`
--

DROP TABLE IF EXISTS `permissions`;
/*!40101 SET @saved_cs_client     = @@character_set_client */;
/*!40101 SET character_set_client = utf8 */;
CREATE TABLE `permissions` (
  `id` int(10) unsigned NOT NULL AUTO_INCREMENT,
  `name` varchar(100) NOT NULL,
  `slug` varchar(100) NOT NULL,
  `module` varchar(50) NOT NULL,
  `description` text DEFAULT NULL,
  PRIMARY KEY (`id`),
  UNIQUE KEY `slug` (`slug`)
) ENGINE=InnoDB AUTO_INCREMENT=97 DEFAULT CHARSET=utf8mb4 COLLATE=utf8mb4_unicode_ci;
/*!40101 SET character_set_client = @saved_cs_client */;

--
-- Dumping data for table `permissions`
--

LOCK TABLES `permissions` WRITE;
/*!40000 ALTER TABLE `permissions` DISABLE KEYS */;
INSERT INTO `permissions` VALUES (1,'View Dashboard','dashboard.view','dashboard','Access HR dashboard'),(2,'View Dashboard Analytics','dashboard.analytics','dashboard','View analytics charts on dashboard'),(3,'View Employees','employees.view','employees','View employee list and profiles'),(4,'Create Employees','employees.create','employees','Add new employees'),(5,'Edit Employees','employees.edit','employees','Edit employee profiles'),(6,'Delete Employees','employees.delete','employees','Archive or delete employees'),(7,'Export Employees','employees.export','employees','Export employee data to CSV'),(8,'Manage Employee Status','employees.status','employees','Change employee employment status'),(9,'Approve Profile Updates','employees.approve_updates','employees','Approve employee self-service profile update requests'),(10,'Manage Portal Passwords','employees.portal_password','employees','Set and reset employee portal passwords'),(11,'Generate Update Links','employees.update_links','employees','Generate tokenised profile update links'),(12,'View Attendance','attendance.view','attendance','View attendance records'),(13,'Edit Attendance','attendance.edit','attendance','Manually adjust attendance records'),(14,'Approve Attendance','attendance.approve','attendance','Lock and approve attendance records'),(15,'Export Attendance','attendance.export','attendance','Export attendance to CSV'),(16,'Manage Kiosk','kiosk.manage','attendance','Open and close the attendance kiosk'),(17,'View Timesheets','timesheets.view','timesheets','View timesheet records'),(18,'Edit Timesheets','timesheets.edit','timesheets','Edit timesheet entries'),(19,'Approve Timesheets','timesheets.approve','timesheets','Approve timesheet correction requests'),(20,'Approve Overtime','timesheets.approve_ot','timesheets','Approve overtime records'),(21,'Export Timesheets','timesheets.export','timesheets','Export timesheets to CSV'),(22,'View Leave','leave.view','leave','View leave applications'),(23,'Apply Leave','leave.apply','leave','Submit leave applications'),(24,'Approve Leave','leave.approve','leave','Approve or reject leave applications'),(25,'Manage Leave Types','leave.types','leave','Create and edit leave types'),(26,'Export Leave','leave.export','leave','Export leave data to CSV'),(27,'View Recruitment','recruitment.view','recruitment','View vacancies and applications'),(28,'Manage Recruitment','recruitment.manage','recruitment','Create and manage vacancies'),(29,'Review Applications','recruitment.review','recruitment','Review and shortlist applicants'),(30,'Export Recruitment','recruitment.export','recruitment','Export recruitment data'),(31,'View Onboarding','onboarding.view','onboarding','View onboarding checklists'),(32,'Manage Onboarding','onboarding.manage','onboarding','Create and complete onboarding tasks'),(33,'View Training','training.view','training','View training programs'),(34,'Manage Training','training.manage','training','Create and manage training programs'),(35,'Enrol in Training','training.enrol','training','Enrol employees in training'),(36,'Export Training','training.export','training','Export training data'),(37,'View Performance','performance.view','performance','View performance reviews'),(38,'Manage Performance','performance.manage','performance','Create and submit performance reviews'),(39,'Approve Performance','performance.approve','performance','Finalise performance reviews'),(40,'View Disciplinary','disciplinary.view','disciplinary','View disciplinary and grievance records'),(41,'Manage Disciplinary','disciplinary.manage','disciplinary','Create and manage cases'),(42,'Close Disciplinary','disciplinary.close','disciplinary','Close and resolve disciplinary cases'),(43,'View Assets','assets.view','assets','View asset register'),(44,'Manage Assets','assets.manage','assets','Add and manage assets'),(45,'Assign Assets','assets.assign','assets','Assign and return assets to employees'),(46,'View Documents','documents.view','documents','View employee documents'),(47,'Upload Documents','documents.upload','documents','Upload documents for employees'),(48,'Verify Documents','documents.verify','documents','Mark documents as verified'),(49,'Delete Documents','documents.delete','documents','Delete employee documents'),(50,'View Missing Documents','documents.missing','documents','View missing document alerts'),(51,'View Payroll Dashboard','payroll.view','payroll','View payroll dashboard and summaries'),(52,'Manage Payslips','payroll.payslips','payroll','Create and edit payslips'),(53,'Run Payroll','payroll.run','payroll','Create and process payroll runs'),(54,'Finalize Payroll','payroll.finalize','payroll','Finalize and publish payroll runs'),(55,'Manage Deductions','payroll.deductions','payroll','Manage employee deduction rules'),(56,'Manage Savings','payroll.savings','payroll','Manage employee savings and benefits'),(57,'View Payroll Reports','payroll.reports','payroll','View payroll reports and summaries'),(58,'Export Payroll','payroll.export','payroll','Export payroll data'),(59,'View Reports','reports.view','reports','Access the reports hub'),(60,'Export Reports','reports.export','reports','Export reports to CSV/PDF'),(61,'View Employee Reports','reports.employees','reports','View employee master reports'),(62,'View Timesheet Reports','reports.timesheets','reports','View timesheet reports'),(63,'View Payroll Reports (HR)','reports.payroll','reports','View payroll cost reports (HR side)'),(64,'View Archive','archive.view','archive','View archived records'),(65,'Generate Archives','archive.generate','archive','Generate monthly/quarterly/yearly archives'),(66,'Lock Archives','archive.lock','archive','Lock archive records'),(67,'View Hub Requests','hub.view','hub','View employee request hub'),(68,'Manage Hub Requests','hub.manage','hub','Assign and resolve employee requests'),(69,'Access Portal','portal.access','portal','Access employee self-service portal'),(70,'Submit Portal Requests','portal.requests','portal','Submit requests via employee portal'),(71,'View Own Payslips','portal.payslips','portal','View own payslips in portal'),(72,'View Own Attendance','portal.attendance','portal','View own attendance in portal'),(73,'View Own Leave','portal.leave','portal','View own leave in portal'),(74,'Manage Users','users.manage','users','Create and manage user accounts'),(75,'View Users','users.view','users','View user accounts'),(76,'Manage Roles','roles.manage','roles','Configure role permissions'),(77,'Manage Settings','settings.manage','settings','Manage company settings'),(78,'View Audit Logs','audit.view','audit','View system audit logs'),(79,'Export Audit Logs','audit.export','audit','Export audit log data'),(80,'Manage Letterheads','branding.letterheads','branding','Upload and manage company letterheads'),(81,'Manage Signatures','branding.signatures','branding','Upload and manage signatory signatures'),(82,'Manage Stamps','branding.stamps','branding','Upload and manage company stamps'),(83,'Manage Watermarks','branding.watermarks','branding','Upload and manage watermarks'),(84,'Manage Theme','branding.theme','branding','Configure system colours and appearance'),(85,'Send Email','email.send','email','Send email notifications'),(86,'View Email Logs','email.logs','email','View email delivery logs'),(87,'View Temporary Employees','temp_employees.view','temp_employees','View the temporary employees list and profiles'),(88,'Create Temporary Employees','temp_employees.create','temp_employees','Add new temporary employees'),(89,'Edit Temporary Employees','temp_employees.edit','temp_employees','Edit temporary employee details'),(90,'Delete Temporary Employees','temp_employees.delete','temp_employees','Delete temporary employee records'),(91,'View Consultants','consultants.view','consultants','View consultant list and profiles'),(92,'Create Consultants','consultants.create','consultants','Add new consultants'),(93,'Edit Consultants','consultants.edit','consultants','Edit consultant details and scope items'),(94,'Delete Consultants','consultants.delete','consultants','Delete consultant records'),(95,'View Activity Log','activity_log.view','activity_log','View the detailed per-user/entity activity log and export it'),(96,'View All Approval Workflows','approvals.manage_all','approvals','See every approval workflow in the system, not just those assigned to you');
/*!40000 ALTER TABLE `permissions` ENABLE KEYS */;
UNLOCK TABLES;

--
-- Table structure for table `positions`
--

DROP TABLE IF EXISTS `positions`;
/*!40101 SET @saved_cs_client     = @@character_set_client */;
/*!40101 SET character_set_client = utf8 */;
CREATE TABLE `positions` (
  `id` int(10) unsigned NOT NULL AUTO_INCREMENT,
  `department_id` int(10) unsigned DEFAULT NULL,
  `title` varchar(150) NOT NULL,
  `job_grade` varchar(50) DEFAULT NULL,
  `description` text DEFAULT NULL,
  `is_active` tinyint(1) DEFAULT 1,
  `created_at` timestamp NOT NULL DEFAULT current_timestamp(),
  `updated_at` timestamp NOT NULL DEFAULT current_timestamp() ON UPDATE current_timestamp(),
  PRIMARY KEY (`id`),
  KEY `department_id` (`department_id`),
  CONSTRAINT `positions_ibfk_1` FOREIGN KEY (`department_id`) REFERENCES `departments` (`id`) ON DELETE SET NULL
) ENGINE=InnoDB AUTO_INCREMENT=24 DEFAULT CHARSET=utf8mb4 COLLATE=utf8mb4_unicode_ci;
/*!40101 SET character_set_client = @saved_cs_client */;

--
-- Dumping data for table `positions`
--

LOCK TABLES `positions` WRITE;
/*!40000 ALTER TABLE `positions` DISABLE KEYS */;
INSERT INTO `positions` VALUES (1,1,'HR Manager','M1',NULL,1,'2026-06-09 23:28:19','2026-06-09 23:28:19'),(2,1,'HR Officer','S2',NULL,1,'2026-06-09 23:28:19','2026-06-09 23:28:19'),(3,2,'Finance Manager','M1',NULL,1,'2026-06-09 23:28:19','2026-06-09 23:28:19'),(4,2,'Finance Officer','S2',NULL,1,'2026-06-09 23:28:19','2026-06-09 23:28:19'),(5,3,'Operations Manager','M1',NULL,1,'2026-06-09 23:28:19','2026-06-09 23:28:19'),(6,3,'Operations Supervisor','S1',NULL,1,'2026-06-09 23:28:19','2026-06-09 23:28:19'),(7,4,'Senior Engineer','P2',NULL,1,'2026-06-09 23:28:19','2026-06-09 23:28:19'),(8,4,'Engineer','P1',NULL,1,'2026-06-09 23:28:19','2026-06-09 23:28:19'),(9,5,'Workshop Supervisor','S1',NULL,1,'2026-06-09 23:28:19','2026-06-09 23:28:19'),(10,5,'Technician','T1',NULL,1,'2026-06-09 23:28:19','2026-06-09 23:28:19'),(11,6,'Administrative Officer','S2',NULL,1,'2026-06-09 23:28:19','2026-06-09 23:28:19'),(12,7,'Project Manager','M1',NULL,1,'2026-06-09 23:28:19','2026-06-09 23:28:19'),(13,8,'Business Development Manager','M1',NULL,1,'2026-06-25 09:29:22','2026-06-25 09:29:22'),(14,4,'Civil Engineer','P1',NULL,1,'2026-06-25 09:29:22','2026-06-25 09:29:22'),(15,4,'Lead Civil Engineer','P2',NULL,1,'2026-06-25 09:29:22','2026-06-25 09:29:22'),(16,4,'Draftsman','T2',NULL,1,'2026-06-25 09:29:22','2026-06-25 09:29:22'),(17,9,'Surveyor','P1',NULL,1,'2026-06-25 09:29:22','2026-06-25 09:29:22'),(18,9,'Lead Surveyor','P2',NULL,1,'2026-06-25 09:29:22','2026-06-25 09:29:22'),(19,10,'IT Officer','P1',NULL,1,'2026-06-25 09:29:22','2026-06-25 09:29:22'),(20,3,'Asset Manager','M1',NULL,1,'2026-06-25 09:29:22','2026-06-25 09:29:22'),(21,2,'Accounts Officer','S2',NULL,1,'2026-06-25 09:29:22','2026-06-25 09:29:22'),(22,6,'Admin Officer','S1',NULL,1,'2026-06-25 09:29:22','2026-06-25 09:29:22'),(23,11,'General Manager','E1',NULL,1,'2026-06-25 09:29:22','2026-06-25 09:29:22');
/*!40000 ALTER TABLE `positions` ENABLE KEYS */;
UNLOCK TABLES;

--
-- Table structure for table `recruitment_applications`
--

DROP TABLE IF EXISTS `recruitment_applications`;
/*!40101 SET @saved_cs_client     = @@character_set_client */;
/*!40101 SET character_set_client = utf8 */;
CREATE TABLE `recruitment_applications` (
  `id` int(10) unsigned NOT NULL AUTO_INCREMENT,
  `vacancy_id` int(10) unsigned NOT NULL,
  `application_number` varchar(30) DEFAULT NULL,
  `first_name` varchar(100) NOT NULL,
  `last_name` varchar(100) NOT NULL,
  `email` varchar(150) NOT NULL,
  `phone` varchar(30) DEFAULT NULL,
  `current_position` varchar(150) DEFAULT NULL,
  `current_employer` varchar(150) DEFAULT NULL,
  `years_experience` int(11) DEFAULT 0,
  `qualifications` text DEFAULT NULL,
  `cover_letter` text DEFAULT NULL,
  `cv_file` varchar(255) DEFAULT NULL,
  `certificate_file` varchar(255) DEFAULT NULL,
  `cover_letter_file` varchar(255) DEFAULT NULL,
  `status` enum('submitted','reviewing','shortlisted','interview_scheduled','interviewed','selected','rejected','withdrawn') DEFAULT 'submitted',
  `interview_date` datetime DEFAULT NULL,
  `interview_notes` text DEFAULT NULL,
  `hr_remarks` text DEFAULT NULL,
  `reviewed_by` int(10) unsigned DEFAULT NULL,
  `converted_to_employee_id` int(10) unsigned DEFAULT NULL,
  `created_at` timestamp NOT NULL DEFAULT current_timestamp(),
  `updated_at` timestamp NOT NULL DEFAULT current_timestamp() ON UPDATE current_timestamp(),
  PRIMARY KEY (`id`),
  KEY `vacancy_id` (`vacancy_id`),
  CONSTRAINT `recruitment_applications_ibfk_1` FOREIGN KEY (`vacancy_id`) REFERENCES `recruitment_vacancies` (`id`) ON DELETE CASCADE
) ENGINE=InnoDB AUTO_INCREMENT=8 DEFAULT CHARSET=utf8mb4 COLLATE=utf8mb4_unicode_ci;
/*!40101 SET character_set_client = @saved_cs_client */;

--
-- Dumping data for table `recruitment_applications`
--

LOCK TABLES `recruitment_applications` WRITE;
/*!40000 ALTER TABLE `recruitment_applications` DISABLE KEYS */;
INSERT INTO `recruitment_applications` VALUES (1,1,'APP-2026-001','Peter','Teine','peter.teine@email.com','+675 7123 4001','Junior QS','PNG Roads Authority',4,'BSc Quantity Surveying, UTECH','I am excited to apply for this position...',NULL,NULL,NULL,'shortlisted',NULL,NULL,NULL,NULL,NULL,'2026-06-27 12:10:44','2026-06-27 12:10:44'),(2,1,'APP-2026-002','Maria','Geno','maria.geno@email.com','+675 7123 4002','QS Technician','BuildCo PNG',2,'Diploma in QS, UNITECH','My experience in construction measurement...',NULL,NULL,NULL,'reviewing',NULL,NULL,NULL,NULL,NULL,'2026-06-27 12:10:44','2026-06-27 12:10:44'),(3,1,'APP-2026-003','Henry','Kaupa','henry.kaupa@email.com','+675 7123 4003','Assistant QS','Pacific Contractors',3,'BSc QS, Divine Word University','With 3 years in QS practice...',NULL,NULL,NULL,'interview_scheduled',NULL,NULL,NULL,NULL,NULL,'2026-06-27 12:10:44','2026-06-27 12:10:44'),(4,2,'APP-2026-004','Grace','Peke','grace.peke@email.com','+675 7123 4004','Accounts Clerk','PNG Harbours Limited',2,'Diploma Accounting, IBSAT','I am a detail-oriented accounting professional...',NULL,NULL,NULL,'shortlisted',NULL,NULL,NULL,NULL,NULL,'2026-06-27 12:10:44','2026-06-27 12:10:44'),(5,2,'APP-2026-005','Thomas','Warr','thomas.warr@email.com','+675 7123 4005','Graduate Accountant','KPMG PNG',1,'BCom Accounting, UPNG','As a recent graduate with KPMG experience...',NULL,NULL,NULL,'submitted',NULL,NULL,NULL,NULL,NULL,'2026-06-27 12:10:44','2026-06-27 12:10:44'),(6,3,'APP-2026-006','James','Poi','james.poi@email.com','+675 7123 4006','Civil Engineer','NDB PNG',6,'BE Civil, UNITECH','I have 6 years of site engineering experience...',NULL,NULL,NULL,'shortlisted',NULL,NULL,NULL,NULL,NULL,'2026-06-27 12:10:44','2026-06-27 12:10:44'),(7,3,'APP-2026-007','Anna','Kolo','anna.kolo@email.com','+675 7123 4007','Site Supervisor','Highland Mining',8,'BE Civil, UNITECH','My 8 years in mining and infrastructure...',NULL,NULL,NULL,'interview_scheduled',NULL,NULL,NULL,NULL,NULL,'2026-06-27 12:10:44','2026-06-27 12:10:44');
/*!40000 ALTER TABLE `recruitment_applications` ENABLE KEYS */;
UNLOCK TABLES;

--
-- Table structure for table `recruitment_vacancies`
--

DROP TABLE IF EXISTS `recruitment_vacancies`;
/*!40101 SET @saved_cs_client     = @@character_set_client */;
/*!40101 SET character_set_client = utf8 */;
CREATE TABLE `recruitment_vacancies` (
  `id` int(10) unsigned NOT NULL AUTO_INCREMENT,
  `job_title` varchar(150) NOT NULL,
  `department_id` int(10) unsigned DEFAULT NULL,
  `position_id` int(10) unsigned DEFAULT NULL,
  `description` text DEFAULT NULL,
  `requirements` text DEFAULT NULL,
  `responsibilities` text DEFAULT NULL,
  `employment_type` enum('full_time','part_time','contract','casual','intern') DEFAULT 'full_time',
  `location` varchar(150) DEFAULT NULL,
  `salary_range` varchar(100) DEFAULT NULL,
  `deadline` date DEFAULT NULL,
  `status` enum('draft','open','closed','on_hold') DEFAULT 'draft',
  `positions_available` int(11) DEFAULT 1,
  `published_at` datetime DEFAULT NULL,
  `closed_at` datetime DEFAULT NULL,
  `created_by` int(10) unsigned DEFAULT NULL,
  `created_at` timestamp NOT NULL DEFAULT current_timestamp(),
  `updated_at` timestamp NOT NULL DEFAULT current_timestamp() ON UPDATE current_timestamp(),
  PRIMARY KEY (`id`),
  KEY `department_id` (`department_id`),
  CONSTRAINT `recruitment_vacancies_ibfk_1` FOREIGN KEY (`department_id`) REFERENCES `departments` (`id`) ON DELETE SET NULL
) ENGINE=InnoDB AUTO_INCREMENT=4 DEFAULT CHARSET=utf8mb4 COLLATE=utf8mb4_unicode_ci;
/*!40101 SET character_set_client = @saved_cs_client */;

--
-- Dumping data for table `recruitment_vacancies`
--

LOCK TABLES `recruitment_vacancies` WRITE;
/*!40000 ALTER TABLE `recruitment_vacancies` DISABLE KEYS */;
INSERT INTO `recruitment_vacancies` VALUES (1,'Quantity Surveyor',9,NULL,'We are seeking a qualified Quantity Surveyor to join our Survey team.','Degree in Quantity Surveying, 3+ years experience, proficient in CostX','Cost estimation, bill of quantities, tender preparation, site measurement','full_time',NULL,NULL,'2026-08-31','open',1,NULL,NULL,1,'2026-06-27 12:10:44','2026-06-27 12:10:44'),(2,'Junior Accountant',2,NULL,'Entry-level accountant position within the Finance team.','Accounting degree or equivalent, knowledge of MYOB preferred','Accounts payable/receivable, bank reconciliations, monthly reporting support','full_time',NULL,NULL,'2026-07-31','open',1,NULL,NULL,1,'2026-06-27 12:10:44','2026-06-27 12:10:44'),(3,'Site Engineer',4,NULL,'Contract site engineer required for the Eastern Highway Project.','Civil Engineering degree, 5+ years site experience, valid PNGEngineers license','Daily site supervision, quality control, progress reporting, safety compliance','contract',NULL,NULL,'2026-08-15','open',2,NULL,NULL,1,'2026-06-27 12:10:44','2026-06-27 12:10:44');
/*!40000 ALTER TABLE `recruitment_vacancies` ENABLE KEYS */;
UNLOCK TABLES;

--
-- Table structure for table `role_permissions`
--

DROP TABLE IF EXISTS `role_permissions`;
/*!40101 SET @saved_cs_client     = @@character_set_client */;
/*!40101 SET character_set_client = utf8 */;
CREATE TABLE `role_permissions` (
  `id` int(10) unsigned NOT NULL AUTO_INCREMENT,
  `role` varchar(50) NOT NULL,
  `permission_id` int(10) unsigned NOT NULL,
  `can_view` tinyint(1) DEFAULT 0,
  `can_create` tinyint(1) DEFAULT 0,
  `can_edit` tinyint(1) DEFAULT 0,
  `can_delete` tinyint(1) DEFAULT 0,
  `can_approve` tinyint(1) DEFAULT 0,
  `can_export` tinyint(1) DEFAULT 0,
  `can_publish` tinyint(1) DEFAULT 0,
  `can_share` tinyint(1) DEFAULT 0,
  PRIMARY KEY (`id`),
  UNIQUE KEY `role_permission_unique` (`role`,`permission_id`),
  KEY `permission_id` (`permission_id`),
  CONSTRAINT `role_permissions_ibfk_1` FOREIGN KEY (`permission_id`) REFERENCES `permissions` (`id`) ON DELETE CASCADE
) ENGINE=InnoDB AUTO_INCREMENT=1283 DEFAULT CHARSET=utf8mb4 COLLATE=utf8mb4_unicode_ci;
/*!40101 SET character_set_client = @saved_cs_client */;

--
-- Dumping data for table `role_permissions`
--

LOCK TABLES `role_permissions` WRITE;
/*!40000 ALTER TABLE `role_permissions` DISABLE KEYS */;
INSERT INTO `role_permissions` VALUES (1,'hr_manager',65,1,1,1,0,1,1,1,0),(2,'hr_manager',66,1,1,1,0,1,1,1,0),(3,'hr_manager',64,1,1,1,0,1,1,1,0),(4,'hr_manager',45,1,1,1,0,1,1,1,0),(5,'hr_manager',44,1,1,1,0,1,1,1,0),(6,'hr_manager',43,1,1,1,0,1,1,1,0),(7,'hr_manager',14,1,1,1,0,1,1,1,0),(8,'hr_manager',13,1,1,1,0,1,1,1,0),(9,'hr_manager',15,1,1,1,0,1,1,1,0),(10,'hr_manager',12,1,1,1,0,1,1,1,0),(11,'hr_manager',79,1,0,0,0,1,1,1,0),(12,'hr_manager',78,1,1,1,0,1,1,1,0),(13,'hr_manager',2,1,1,1,0,1,1,1,0),(14,'hr_manager',1,1,1,1,0,1,1,1,0),(15,'hr_manager',42,1,1,1,0,1,1,1,0),(16,'hr_manager',41,1,1,1,0,1,1,1,0),(17,'hr_manager',40,1,1,1,0,1,1,1,0),(18,'hr_manager',49,1,1,1,1,1,1,1,0),(19,'hr_manager',50,1,1,1,0,1,1,1,0),(20,'hr_manager',47,1,1,1,0,1,1,1,0),(21,'hr_manager',48,1,1,1,0,1,1,1,0),(22,'hr_manager',46,1,1,1,0,1,1,1,0),(23,'hr_manager',9,1,1,1,0,1,1,1,0),(24,'hr_manager',4,1,1,1,0,1,1,1,0),(25,'hr_manager',6,1,1,1,1,1,1,1,0),(26,'hr_manager',5,1,1,1,0,1,1,1,0),(27,'hr_manager',7,1,1,1,0,1,1,1,0),(28,'hr_manager',10,1,1,1,0,1,1,1,0),(29,'hr_manager',8,1,1,1,0,1,1,1,0),(30,'hr_manager',11,1,1,1,0,1,1,1,1),(31,'hr_manager',3,1,1,1,0,1,1,1,0),(32,'hr_manager',68,1,1,1,0,1,1,1,0),(33,'hr_manager',67,1,1,1,0,1,1,1,0),(34,'hr_manager',16,1,1,1,0,1,1,1,0),(35,'hr_manager',23,1,1,1,0,1,1,1,0),(36,'hr_manager',24,1,1,1,0,1,1,1,0),(37,'hr_manager',26,1,1,1,0,1,1,1,0),(38,'hr_manager',25,1,1,1,0,1,1,1,0),(39,'hr_manager',22,1,1,1,0,1,1,1,0),(40,'hr_manager',32,1,1,1,0,1,1,1,0),(41,'hr_manager',31,1,1,1,0,1,1,1,0),(42,'hr_manager',55,1,1,1,0,1,1,1,0),(43,'hr_manager',58,1,1,1,0,1,0,1,0),(44,'hr_manager',54,1,0,0,0,1,0,0,0),(45,'hr_manager',52,1,1,1,0,1,1,1,0),(46,'hr_manager',57,1,1,1,0,1,1,1,0),(47,'hr_manager',53,1,0,0,0,1,1,1,0),(48,'hr_manager',56,1,1,1,0,1,1,1,0),(49,'hr_manager',51,1,1,1,0,1,1,1,0),(50,'hr_manager',39,1,1,1,0,1,1,1,0),(51,'hr_manager',38,1,1,1,0,1,1,1,0),(52,'hr_manager',37,1,1,1,0,1,1,1,0),(53,'hr_manager',69,1,1,1,0,1,1,1,0),(54,'hr_manager',72,1,1,1,0,1,1,1,0),(55,'hr_manager',73,1,1,1,0,1,1,1,0),(56,'hr_manager',71,1,1,1,0,1,1,1,0),(57,'hr_manager',70,1,1,1,0,1,1,1,0),(58,'hr_manager',30,1,1,1,0,1,1,1,0),(59,'hr_manager',28,1,1,1,0,1,1,1,0),(60,'hr_manager',29,1,1,1,0,1,1,1,0),(61,'hr_manager',27,1,1,1,0,1,1,1,0),(62,'hr_manager',61,1,1,1,0,1,1,1,0),(63,'hr_manager',60,1,1,1,0,1,1,1,0),(64,'hr_manager',63,1,1,1,0,1,1,1,0),(65,'hr_manager',62,1,1,1,0,1,1,1,0),(66,'hr_manager',59,1,1,1,0,1,1,1,0),(67,'hr_manager',76,1,0,0,0,1,0,1,0),(68,'hr_manager',77,1,1,1,0,1,1,1,0),(69,'hr_manager',19,1,1,1,0,1,1,1,0),(70,'hr_manager',20,1,1,1,0,1,1,1,0),(71,'hr_manager',18,1,1,1,0,1,1,1,0),(72,'hr_manager',21,1,1,1,0,1,1,1,0),(73,'hr_manager',17,1,1,1,0,1,1,1,0),(74,'hr_manager',35,1,1,1,0,1,1,1,0),(75,'hr_manager',36,1,1,1,0,1,1,1,0),(76,'hr_manager',34,1,1,1,0,1,1,1,0),(77,'hr_manager',33,1,1,1,0,1,1,1,0),(78,'hr_manager',74,1,1,1,0,1,1,1,0),(79,'hr_manager',75,1,1,1,0,1,1,1,0),(128,'hr_officer',65,1,0,0,0,0,0,0,0),(129,'hr_officer',66,1,0,0,0,0,0,0,0),(130,'hr_officer',64,1,0,0,0,0,0,0,0),(131,'hr_officer',45,1,1,1,0,0,0,0,0),(132,'hr_officer',44,1,1,1,0,0,0,0,0),(133,'hr_officer',43,1,0,0,0,0,0,0,0),(134,'hr_officer',14,1,0,0,0,1,0,0,0),(135,'hr_officer',13,1,1,1,0,0,0,0,0),(136,'hr_officer',15,1,0,0,0,0,1,0,0),(137,'hr_officer',12,1,0,0,0,0,0,0,0),(138,'hr_officer',79,0,0,0,0,0,0,0,0),(139,'hr_officer',78,1,0,0,0,0,0,0,0),(140,'hr_officer',2,1,0,0,0,0,0,0,0),(141,'hr_officer',1,1,0,0,0,0,0,0,0),(142,'hr_officer',42,1,0,0,0,1,0,0,0),(143,'hr_officer',41,1,1,1,0,0,0,0,0),(144,'hr_officer',40,1,0,0,0,0,0,0,0),(145,'hr_officer',49,1,0,0,0,0,0,0,0),(146,'hr_officer',50,1,0,0,0,0,0,0,0),(147,'hr_officer',47,1,1,1,0,0,0,0,0),(148,'hr_officer',48,1,0,0,0,1,0,0,0),(149,'hr_officer',46,1,0,0,0,0,0,0,0),(150,'hr_officer',9,1,0,1,0,1,0,0,0),(151,'hr_officer',4,1,1,0,0,0,0,0,0),(152,'hr_officer',6,1,0,0,0,0,0,0,0),(153,'hr_officer',5,1,0,1,0,0,0,0,0),(154,'hr_officer',7,1,0,0,0,0,1,0,0),(155,'hr_officer',10,1,1,0,0,0,0,0,0),(156,'hr_officer',8,1,0,1,0,0,0,0,0),(157,'hr_officer',11,1,1,0,0,0,0,0,1),(158,'hr_officer',3,1,0,0,0,0,0,0,0),(159,'hr_officer',68,1,1,1,0,0,0,0,0),(160,'hr_officer',67,1,0,0,0,0,0,0,0),(161,'hr_officer',16,1,0,0,0,0,0,0,0),(162,'hr_officer',23,1,1,0,0,0,0,0,0),(163,'hr_officer',24,1,0,0,0,1,0,0,0),(164,'hr_officer',26,1,0,0,0,0,1,0,0),(165,'hr_officer',25,1,0,0,0,0,0,0,0),(166,'hr_officer',22,1,0,0,0,0,0,0,0),(167,'hr_officer',32,1,1,1,0,1,0,0,0),(168,'hr_officer',31,1,0,0,0,0,0,0,0),(169,'hr_officer',55,0,0,0,0,0,0,0,0),(170,'hr_officer',58,0,0,0,0,0,0,0,0),(171,'hr_officer',54,0,0,0,0,0,0,0,0),(172,'hr_officer',52,1,0,0,0,0,0,0,0),(173,'hr_officer',57,1,0,0,0,0,0,0,0),(174,'hr_officer',53,0,0,0,0,0,0,0,0),(175,'hr_officer',56,0,0,0,0,0,0,0,0),(176,'hr_officer',51,1,0,0,0,0,0,0,0),(177,'hr_officer',39,1,0,0,0,1,0,0,0),(178,'hr_officer',38,1,1,1,0,0,0,0,0),(179,'hr_officer',37,1,0,0,0,0,0,0,0),(180,'hr_officer',69,1,0,0,0,0,0,0,0),(181,'hr_officer',72,1,0,0,0,0,0,0,0),(182,'hr_officer',73,1,0,0,0,0,0,0,0),(183,'hr_officer',71,1,0,0,0,0,0,0,0),(184,'hr_officer',70,1,0,0,0,0,0,0,0),(185,'hr_officer',30,1,0,0,0,0,1,0,0),(186,'hr_officer',28,1,0,0,0,0,0,0,0),(187,'hr_officer',29,1,0,0,0,0,0,0,0),(188,'hr_officer',27,1,0,0,0,0,0,0,0),(189,'hr_officer',61,1,0,0,0,0,1,0,0),(190,'hr_officer',60,1,0,0,0,0,0,0,0),(191,'hr_officer',63,0,0,0,0,0,0,0,0),(192,'hr_officer',62,1,0,0,0,0,1,0,0),(193,'hr_officer',59,1,0,0,0,0,0,0,0),(194,'hr_officer',76,0,0,0,0,0,0,0,0),(195,'hr_officer',77,0,0,0,0,0,0,0,0),(196,'hr_officer',19,1,0,0,0,1,0,0,0),(197,'hr_officer',20,1,0,0,0,1,0,0,0),(198,'hr_officer',18,1,0,0,0,0,0,0,0),(199,'hr_officer',21,1,0,0,0,0,1,0,0),(200,'hr_officer',17,1,0,0,0,0,0,0,0),(201,'hr_officer',35,1,1,0,0,0,0,0,0),(202,'hr_officer',36,1,0,0,0,0,1,0,0),(203,'hr_officer',34,1,1,1,0,0,0,0,0),(204,'hr_officer',33,1,0,0,0,0,0,0,0),(205,'hr_officer',74,0,0,0,0,0,0,0,0),(206,'hr_officer',75,1,0,0,0,0,0,0,0),(255,'payroll_manager',65,0,0,0,0,0,0,0,0),(256,'payroll_manager',66,0,0,0,0,0,0,0,0),(257,'payroll_manager',64,0,0,0,0,0,0,0,0),(258,'payroll_manager',45,0,0,0,0,0,0,0,0),(259,'payroll_manager',44,0,0,0,0,0,0,0,0),(260,'payroll_manager',43,0,0,0,0,0,0,0,0),(261,'payroll_manager',14,0,0,0,0,0,0,0,0),(262,'payroll_manager',13,0,0,0,0,0,0,0,0),(263,'payroll_manager',15,0,0,0,0,0,0,0,0),(264,'payroll_manager',12,1,0,0,0,0,0,0,0),(265,'payroll_manager',79,0,0,0,0,0,0,0,0),(266,'payroll_manager',78,1,0,0,0,0,0,0,0),(267,'payroll_manager',2,0,0,0,0,0,0,0,0),(268,'payroll_manager',1,1,0,0,0,0,0,0,0),(269,'payroll_manager',42,0,0,0,0,0,0,0,0),(270,'payroll_manager',41,0,0,0,0,0,0,0,0),(271,'payroll_manager',40,0,0,0,0,0,0,0,0),(272,'payroll_manager',49,0,0,0,0,0,0,0,0),(273,'payroll_manager',50,0,0,0,0,0,0,0,0),(274,'payroll_manager',47,0,0,0,0,0,0,0,0),(275,'payroll_manager',48,0,0,0,0,0,0,0,0),(276,'payroll_manager',46,0,0,0,0,0,0,0,0),(277,'payroll_manager',9,0,0,0,0,0,0,0,0),(278,'payroll_manager',4,0,0,0,0,0,0,0,0),(279,'payroll_manager',6,0,0,0,0,0,0,0,0),(280,'payroll_manager',5,0,0,0,0,0,0,0,0),(281,'payroll_manager',7,0,0,0,0,0,0,0,0),(282,'payroll_manager',10,0,0,0,0,0,0,0,0),(283,'payroll_manager',8,0,0,0,0,0,0,0,0),(284,'payroll_manager',11,0,0,0,0,0,0,0,0),(285,'payroll_manager',3,1,0,0,0,0,0,0,0),(286,'payroll_manager',68,0,0,0,0,0,0,0,0),(287,'payroll_manager',67,0,0,0,0,0,0,0,0),(288,'payroll_manager',16,0,0,0,0,0,0,0,0),(289,'payroll_manager',23,0,0,0,0,0,0,0,0),(290,'payroll_manager',24,0,0,0,0,0,0,0,0),(291,'payroll_manager',26,0,0,0,0,0,0,0,0),(292,'payroll_manager',25,0,0,0,0,0,0,0,0),(293,'payroll_manager',22,1,0,0,0,0,0,0,0),(294,'payroll_manager',32,0,0,0,0,0,0,0,0),(295,'payroll_manager',31,0,0,0,0,0,0,0,0),(296,'payroll_manager',55,1,1,1,0,0,0,0,0),(297,'payroll_manager',58,1,0,0,0,0,1,0,0),(298,'payroll_manager',54,1,0,0,0,1,0,1,0),(299,'payroll_manager',52,1,1,1,0,0,0,0,0),(300,'payroll_manager',57,1,0,0,0,0,1,0,0),(301,'payroll_manager',53,1,1,1,0,1,0,0,0),(302,'payroll_manager',56,1,1,1,0,0,0,0,0),(303,'payroll_manager',51,1,0,0,0,0,0,0,0),(304,'payroll_manager',39,0,0,0,0,0,0,0,0),(305,'payroll_manager',38,0,0,0,0,0,0,0,0),(306,'payroll_manager',37,0,0,0,0,0,0,0,0),(307,'payroll_manager',69,0,0,0,0,0,0,0,0),(308,'payroll_manager',72,0,0,0,0,0,0,0,0),(309,'payroll_manager',73,0,0,0,0,0,0,0,0),(310,'payroll_manager',71,0,0,0,0,0,0,0,0),(311,'payroll_manager',70,0,0,0,0,0,0,0,0),(312,'payroll_manager',30,0,0,0,0,0,0,0,0),(313,'payroll_manager',28,0,0,0,0,0,0,0,0),(314,'payroll_manager',29,0,0,0,0,0,0,0,0),(315,'payroll_manager',27,0,0,0,0,0,0,0,0),(316,'payroll_manager',61,0,0,0,0,0,0,0,0),(317,'payroll_manager',60,0,0,0,0,0,0,0,0),(318,'payroll_manager',63,1,0,0,0,0,1,0,0),(319,'payroll_manager',62,1,0,0,0,0,0,0,0),(320,'payroll_manager',59,0,0,0,0,0,0,0,0),(321,'payroll_manager',76,0,0,0,0,0,0,0,0),(322,'payroll_manager',77,0,0,0,0,0,0,0,0),(323,'payroll_manager',19,0,0,0,0,0,0,0,0),(324,'payroll_manager',20,0,0,0,0,0,0,0,0),(325,'payroll_manager',18,0,0,0,0,0,0,0,0),(326,'payroll_manager',21,0,0,0,0,0,0,0,0),(327,'payroll_manager',17,1,0,0,0,0,0,0,0),(328,'payroll_manager',35,0,0,0,0,0,0,0,0),(329,'payroll_manager',36,0,0,0,0,0,0,0,0),(330,'payroll_manager',34,0,0,0,0,0,0,0,0),(331,'payroll_manager',33,0,0,0,0,0,0,0,0),(332,'payroll_manager',74,0,0,0,0,0,0,0,0),(333,'payroll_manager',75,0,0,0,0,0,0,0,0),(382,'payroll_officer',65,0,0,0,0,0,0,0,0),(383,'payroll_officer',66,0,0,0,0,0,0,0,0),(384,'payroll_officer',64,0,0,0,0,0,0,0,0),(385,'payroll_officer',45,0,0,0,0,0,0,0,0),(386,'payroll_officer',44,0,0,0,0,0,0,0,0),(387,'payroll_officer',43,0,0,0,0,0,0,0,0),(388,'payroll_officer',14,0,0,0,0,0,0,0,0),(389,'payroll_officer',13,0,0,0,0,0,0,0,0),(390,'payroll_officer',15,0,0,0,0,0,0,0,0),(391,'payroll_officer',12,1,0,0,0,0,0,0,0),(392,'payroll_officer',79,0,0,0,0,0,0,0,0),(393,'payroll_officer',78,0,0,0,0,0,0,0,0),(394,'payroll_officer',2,0,0,0,0,0,0,0,0),(395,'payroll_officer',1,1,0,0,0,0,0,0,0),(396,'payroll_officer',42,0,0,0,0,0,0,0,0),(397,'payroll_officer',41,0,0,0,0,0,0,0,0),(398,'payroll_officer',40,0,0,0,0,0,0,0,0),(399,'payroll_officer',49,0,0,0,0,0,0,0,0),(400,'payroll_officer',50,0,0,0,0,0,0,0,0),(401,'payroll_officer',47,0,0,0,0,0,0,0,0),(402,'payroll_officer',48,0,0,0,0,0,0,0,0),(403,'payroll_officer',46,0,0,0,0,0,0,0,0),(404,'payroll_officer',9,0,0,0,0,0,0,0,0),(405,'payroll_officer',4,0,0,0,0,0,0,0,0),(406,'payroll_officer',6,0,0,0,0,0,0,0,0),(407,'payroll_officer',5,0,0,0,0,0,0,0,0),(408,'payroll_officer',7,0,0,0,0,0,0,0,0),(409,'payroll_officer',10,0,0,0,0,0,0,0,0),(410,'payroll_officer',8,0,0,0,0,0,0,0,0),(411,'payroll_officer',11,0,0,0,0,0,0,0,0),(412,'payroll_officer',3,1,0,0,0,0,0,0,0),(413,'payroll_officer',68,0,0,0,0,0,0,0,0),(414,'payroll_officer',67,0,0,0,0,0,0,0,0),(415,'payroll_officer',16,0,0,0,0,0,0,0,0),(416,'payroll_officer',23,0,0,0,0,0,0,0,0),(417,'payroll_officer',24,0,0,0,0,0,0,0,0),(418,'payroll_officer',26,0,0,0,0,0,0,0,0),(419,'payroll_officer',25,0,0,0,0,0,0,0,0),(420,'payroll_officer',22,0,0,0,0,0,0,0,0),(421,'payroll_officer',32,0,0,0,0,0,0,0,0),(422,'payroll_officer',31,0,0,0,0,0,0,0,0),(423,'payroll_officer',55,1,1,1,0,0,0,0,0),(424,'payroll_officer',58,0,0,0,0,0,1,0,0),(425,'payroll_officer',54,0,0,0,0,0,0,0,0),(426,'payroll_officer',52,1,1,1,0,0,0,0,0),(427,'payroll_officer',57,1,0,0,0,0,1,0,0),(428,'payroll_officer',53,1,0,0,0,0,0,0,0),(429,'payroll_officer',56,1,1,1,0,0,0,0,0),(430,'payroll_officer',51,1,0,0,0,0,0,0,0),(431,'payroll_officer',39,0,0,0,0,0,0,0,0),(432,'payroll_officer',38,0,0,0,0,0,0,0,0),(433,'payroll_officer',37,0,0,0,0,0,0,0,0),(434,'payroll_officer',69,0,0,0,0,0,0,0,0),(435,'payroll_officer',72,0,0,0,0,0,0,0,0),(436,'payroll_officer',73,0,0,0,0,0,0,0,0),(437,'payroll_officer',71,0,0,0,0,0,0,0,0),(438,'payroll_officer',70,0,0,0,0,0,0,0,0),(439,'payroll_officer',30,0,0,0,0,0,0,0,0),(440,'payroll_officer',28,0,0,0,0,0,0,0,0),(441,'payroll_officer',29,0,0,0,0,0,0,0,0),(442,'payroll_officer',27,0,0,0,0,0,0,0,0),(443,'payroll_officer',61,0,0,0,0,0,0,0,0),(444,'payroll_officer',60,0,0,0,0,0,0,0,0),(445,'payroll_officer',63,1,0,0,0,0,0,0,0),(446,'payroll_officer',62,0,0,0,0,0,0,0,0),(447,'payroll_officer',59,0,0,0,0,0,0,0,0),(448,'payroll_officer',76,0,0,0,0,0,0,0,0),(449,'payroll_officer',77,0,0,0,0,0,0,0,0),(450,'payroll_officer',19,0,0,0,0,0,0,0,0),(451,'payroll_officer',20,0,0,0,0,0,0,0,0),(452,'payroll_officer',18,0,0,0,0,0,0,0,0),(453,'payroll_officer',21,0,0,0,0,0,0,0,0),(454,'payroll_officer',17,1,0,0,0,0,0,0,0),(455,'payroll_officer',35,0,0,0,0,0,0,0,0),(456,'payroll_officer',36,0,0,0,0,0,0,0,0),(457,'payroll_officer',34,0,0,0,0,0,0,0,0),(458,'payroll_officer',33,0,0,0,0,0,0,0,0),(459,'payroll_officer',74,0,0,0,0,0,0,0,0),(460,'payroll_officer',75,0,0,0,0,0,0,0,0),(509,'finance_viewer',65,0,0,0,0,0,0,0,0),(510,'finance_viewer',66,0,0,0,0,0,0,0,0),(511,'finance_viewer',64,0,0,0,0,0,0,0,0),(512,'finance_viewer',45,0,0,0,0,0,0,0,0),(513,'finance_viewer',44,0,0,0,0,0,0,0,0),(514,'finance_viewer',43,0,0,0,0,0,0,0,0),(515,'finance_viewer',14,0,0,0,0,0,0,0,0),(516,'finance_viewer',13,0,0,0,0,0,0,0,0),(517,'finance_viewer',15,0,0,0,0,0,0,0,0),(518,'finance_viewer',12,0,0,0,0,0,0,0,0),(519,'finance_viewer',79,0,0,0,0,0,0,0,0),(520,'finance_viewer',78,0,0,0,0,0,0,0,0),(521,'finance_viewer',2,0,0,0,0,0,0,0,0),(522,'finance_viewer',1,1,0,0,0,0,0,0,0),(523,'finance_viewer',42,0,0,0,0,0,0,0,0),(524,'finance_viewer',41,0,0,0,0,0,0,0,0),(525,'finance_viewer',40,0,0,0,0,0,0,0,0),(526,'finance_viewer',49,0,0,0,0,0,0,0,0),(527,'finance_viewer',50,0,0,0,0,0,0,0,0),(528,'finance_viewer',47,0,0,0,0,0,0,0,0),(529,'finance_viewer',48,0,0,0,0,0,0,0,0),(530,'finance_viewer',46,0,0,0,0,0,0,0,0),(531,'finance_viewer',9,0,0,0,0,0,0,0,0),(532,'finance_viewer',4,0,0,0,0,0,0,0,0),(533,'finance_viewer',6,0,0,0,0,0,0,0,0),(534,'finance_viewer',5,0,0,0,0,0,0,0,0),(535,'finance_viewer',7,0,0,0,0,0,0,0,0),(536,'finance_viewer',10,0,0,0,0,0,0,0,0),(537,'finance_viewer',8,0,0,0,0,0,0,0,0),(538,'finance_viewer',11,0,0,0,0,0,0,0,0),(539,'finance_viewer',3,0,0,0,0,0,0,0,0),(540,'finance_viewer',68,0,0,0,0,0,0,0,0),(541,'finance_viewer',67,0,0,0,0,0,0,0,0),(542,'finance_viewer',16,0,0,0,0,0,0,0,0),(543,'finance_viewer',23,0,0,0,0,0,0,0,0),(544,'finance_viewer',24,0,0,0,0,0,0,0,0),(545,'finance_viewer',26,0,0,0,0,0,0,0,0),(546,'finance_viewer',25,0,0,0,0,0,0,0,0),(547,'finance_viewer',22,0,0,0,0,0,0,0,0),(548,'finance_viewer',32,0,0,0,0,0,0,0,0),(549,'finance_viewer',31,0,0,0,0,0,0,0,0),(550,'finance_viewer',55,0,0,0,0,0,0,0,0),(551,'finance_viewer',58,0,0,0,0,0,0,0,0),(552,'finance_viewer',54,0,0,0,0,0,0,0,0),(553,'finance_viewer',52,0,0,0,0,0,0,0,0),(554,'finance_viewer',57,1,0,0,0,0,1,0,0),(555,'finance_viewer',53,0,0,0,0,0,0,0,0),(556,'finance_viewer',56,0,0,0,0,0,0,0,0),(557,'finance_viewer',51,1,0,0,0,0,0,0,0),(558,'finance_viewer',39,0,0,0,0,0,0,0,0),(559,'finance_viewer',38,0,0,0,0,0,0,0,0),(560,'finance_viewer',37,0,0,0,0,0,0,0,0),(561,'finance_viewer',69,0,0,0,0,0,0,0,0),(562,'finance_viewer',72,0,0,0,0,0,0,0,0),(563,'finance_viewer',73,0,0,0,0,0,0,0,0),(564,'finance_viewer',71,0,0,0,0,0,0,0,0),(565,'finance_viewer',70,0,0,0,0,0,0,0,0),(566,'finance_viewer',30,0,0,0,0,0,0,0,0),(567,'finance_viewer',28,0,0,0,0,0,0,0,0),(568,'finance_viewer',29,0,0,0,0,0,0,0,0),(569,'finance_viewer',27,0,0,0,0,0,0,0,0),(570,'finance_viewer',61,0,0,0,0,0,0,0,0),(571,'finance_viewer',60,0,0,0,0,0,0,0,0),(572,'finance_viewer',63,1,0,0,0,0,1,0,0),(573,'finance_viewer',62,0,0,0,0,0,0,0,0),(574,'finance_viewer',59,1,0,0,0,0,0,0,0),(575,'finance_viewer',76,0,0,0,0,0,0,0,0),(576,'finance_viewer',77,0,0,0,0,0,0,0,0),(577,'finance_viewer',19,0,0,0,0,0,0,0,0),(578,'finance_viewer',20,0,0,0,0,0,0,0,0),(579,'finance_viewer',18,0,0,0,0,0,0,0,0),(580,'finance_viewer',21,0,0,0,0,0,0,0,0),(581,'finance_viewer',17,0,0,0,0,0,0,0,0),(582,'finance_viewer',35,0,0,0,0,0,0,0,0),(583,'finance_viewer',36,0,0,0,0,0,0,0,0),(584,'finance_viewer',34,0,0,0,0,0,0,0,0),(585,'finance_viewer',33,0,0,0,0,0,0,0,0),(586,'finance_viewer',74,0,0,0,0,0,0,0,0),(587,'finance_viewer',75,0,0,0,0,0,0,0,0),(636,'recruitment_officer',65,0,0,0,0,0,0,0,0),(637,'recruitment_officer',66,0,0,0,0,0,0,0,0),(638,'recruitment_officer',64,0,0,0,0,0,0,0,0),(639,'recruitment_officer',45,0,0,0,0,0,0,0,0),(640,'recruitment_officer',44,0,0,0,0,0,0,0,0),(641,'recruitment_officer',43,0,0,0,0,0,0,0,0),(642,'recruitment_officer',14,0,0,0,0,0,0,0,0),(643,'recruitment_officer',13,0,0,0,0,0,0,0,0),(644,'recruitment_officer',15,0,0,0,0,0,0,0,0),(645,'recruitment_officer',12,0,0,0,0,0,0,0,0),(646,'recruitment_officer',79,0,0,0,0,0,0,0,0),(647,'recruitment_officer',78,0,0,0,0,0,0,0,0),(648,'recruitment_officer',2,0,0,0,0,0,0,0,0),(649,'recruitment_officer',1,1,0,0,0,0,0,0,0),(650,'recruitment_officer',42,0,0,0,0,0,0,0,0),(651,'recruitment_officer',41,0,0,0,0,0,0,0,0),(652,'recruitment_officer',40,0,0,0,0,0,0,0,0),(653,'recruitment_officer',49,0,0,0,0,0,0,0,0),(654,'recruitment_officer',50,0,0,0,0,0,0,0,0),(655,'recruitment_officer',47,0,0,0,0,0,0,0,0),(656,'recruitment_officer',48,0,0,0,0,0,0,0,0),(657,'recruitment_officer',46,0,0,0,0,0,0,0,0),(658,'recruitment_officer',9,0,0,0,0,0,0,0,0),(659,'recruitment_officer',4,0,0,0,0,0,0,0,0),(660,'recruitment_officer',6,0,0,0,0,0,0,0,0),(661,'recruitment_officer',5,0,0,0,0,0,0,0,0),(662,'recruitment_officer',7,0,0,0,0,0,0,0,0),(663,'recruitment_officer',10,0,0,0,0,0,0,0,0),(664,'recruitment_officer',8,0,0,0,0,0,0,0,0),(665,'recruitment_officer',11,0,0,0,0,0,0,0,0),(666,'recruitment_officer',3,1,0,0,0,0,0,0,0),(667,'recruitment_officer',68,0,0,0,0,0,0,0,0),(668,'recruitment_officer',67,0,0,0,0,0,0,0,0),(669,'recruitment_officer',16,0,0,0,0,0,0,0,0),(670,'recruitment_officer',23,0,0,0,0,0,0,0,0),(671,'recruitment_officer',24,0,0,0,0,0,0,0,0),(672,'recruitment_officer',26,0,0,0,0,0,0,0,0),(673,'recruitment_officer',25,0,0,0,0,0,0,0,0),(674,'recruitment_officer',22,0,0,0,0,0,0,0,0),(675,'recruitment_officer',32,1,1,1,0,0,0,0,0),(676,'recruitment_officer',31,1,0,0,0,0,0,0,0),(677,'recruitment_officer',55,0,0,0,0,0,0,0,0),(678,'recruitment_officer',58,0,0,0,0,0,0,0,0),(679,'recruitment_officer',54,0,0,0,0,0,0,0,0),(680,'recruitment_officer',52,0,0,0,0,0,0,0,0),(681,'recruitment_officer',57,0,0,0,0,0,0,0,0),(682,'recruitment_officer',53,0,0,0,0,0,0,0,0),(683,'recruitment_officer',56,0,0,0,0,0,0,0,0),(684,'recruitment_officer',51,0,0,0,0,0,0,0,0),(685,'recruitment_officer',39,0,0,0,0,0,0,0,0),(686,'recruitment_officer',38,0,0,0,0,0,0,0,0),(687,'recruitment_officer',37,0,0,0,0,0,0,0,0),(688,'recruitment_officer',69,0,0,0,0,0,0,0,0),(689,'recruitment_officer',72,0,0,0,0,0,0,0,0),(690,'recruitment_officer',73,0,0,0,0,0,0,0,0),(691,'recruitment_officer',71,0,0,0,0,0,0,0,0),(692,'recruitment_officer',70,0,0,0,0,0,0,0,0),(693,'recruitment_officer',30,0,0,0,0,0,1,0,0),(694,'recruitment_officer',28,1,1,1,0,0,0,0,0),(695,'recruitment_officer',29,1,0,1,0,1,0,0,0),(696,'recruitment_officer',27,1,0,0,0,0,0,0,0),(697,'recruitment_officer',61,0,0,0,0,0,0,0,0),(698,'recruitment_officer',60,0,0,0,0,0,0,0,0),(699,'recruitment_officer',63,0,0,0,0,0,0,0,0),(700,'recruitment_officer',62,0,0,0,0,0,0,0,0),(701,'recruitment_officer',59,0,0,0,0,0,0,0,0),(702,'recruitment_officer',76,0,0,0,0,0,0,0,0),(703,'recruitment_officer',77,0,0,0,0,0,0,0,0),(704,'recruitment_officer',19,0,0,0,0,0,0,0,0),(705,'recruitment_officer',20,0,0,0,0,0,0,0,0),(706,'recruitment_officer',18,0,0,0,0,0,0,0,0),(707,'recruitment_officer',21,0,0,0,0,0,0,0,0),(708,'recruitment_officer',17,0,0,0,0,0,0,0,0),(709,'recruitment_officer',35,0,0,0,0,0,0,0,0),(710,'recruitment_officer',36,0,0,0,0,0,0,0,0),(711,'recruitment_officer',34,0,0,0,0,0,0,0,0),(712,'recruitment_officer',33,0,0,0,0,0,0,0,0),(713,'recruitment_officer',74,0,0,0,0,0,0,0,0),(714,'recruitment_officer',75,0,0,0,0,0,0,0,0),(763,'training_officer',65,0,0,0,0,0,0,0,0),(764,'training_officer',66,0,0,0,0,0,0,0,0),(765,'training_officer',64,0,0,0,0,0,0,0,0),(766,'training_officer',45,0,0,0,0,0,0,0,0),(767,'training_officer',44,0,0,0,0,0,0,0,0),(768,'training_officer',43,0,0,0,0,0,0,0,0),(769,'training_officer',14,0,0,0,0,0,0,0,0),(770,'training_officer',13,0,0,0,0,0,0,0,0),(771,'training_officer',15,0,0,0,0,0,0,0,0),(772,'training_officer',12,0,0,0,0,0,0,0,0),(773,'training_officer',79,0,0,0,0,0,0,0,0),(774,'training_officer',78,0,0,0,0,0,0,0,0),(775,'training_officer',2,0,0,0,0,0,0,0,0),(776,'training_officer',1,1,0,0,0,0,0,0,0),(777,'training_officer',42,0,0,0,0,0,0,0,0),(778,'training_officer',41,0,0,0,0,0,0,0,0),(779,'training_officer',40,0,0,0,0,0,0,0,0),(780,'training_officer',49,0,0,0,0,0,0,0,0),(781,'training_officer',50,0,0,0,0,0,0,0,0),(782,'training_officer',47,0,0,0,0,0,0,0,0),(783,'training_officer',48,0,0,0,0,0,0,0,0),(784,'training_officer',46,0,0,0,0,0,0,0,0),(785,'training_officer',9,0,0,0,0,0,0,0,0),(786,'training_officer',4,0,0,0,0,0,0,0,0),(787,'training_officer',6,0,0,0,0,0,0,0,0),(788,'training_officer',5,0,0,0,0,0,0,0,0),(789,'training_officer',7,0,0,0,0,0,0,0,0),(790,'training_officer',10,0,0,0,0,0,0,0,0),(791,'training_officer',8,0,0,0,0,0,0,0,0),(792,'training_officer',11,0,0,0,0,0,0,0,0),(793,'training_officer',3,1,0,0,0,0,0,0,0),(794,'training_officer',68,0,0,0,0,0,0,0,0),(795,'training_officer',67,0,0,0,0,0,0,0,0),(796,'training_officer',16,0,0,0,0,0,0,0,0),(797,'training_officer',23,0,0,0,0,0,0,0,0),(798,'training_officer',24,0,0,0,0,0,0,0,0),(799,'training_officer',26,0,0,0,0,0,0,0,0),(800,'training_officer',25,0,0,0,0,0,0,0,0),(801,'training_officer',22,0,0,0,0,0,0,0,0),(802,'training_officer',32,0,0,0,0,0,0,0,0),(803,'training_officer',31,0,0,0,0,0,0,0,0),(804,'training_officer',55,0,0,0,0,0,0,0,0),(805,'training_officer',58,0,0,0,0,0,0,0,0),(806,'training_officer',54,0,0,0,0,0,0,0,0),(807,'training_officer',52,0,0,0,0,0,0,0,0),(808,'training_officer',57,0,0,0,0,0,0,0,0),(809,'training_officer',53,0,0,0,0,0,0,0,0),(810,'training_officer',56,0,0,0,0,0,0,0,0),(811,'training_officer',51,0,0,0,0,0,0,0,0),(812,'training_officer',39,0,0,0,0,0,0,0,0),(813,'training_officer',38,0,0,0,0,0,0,0,0),(814,'training_officer',37,1,0,0,0,0,0,0,0),(815,'training_officer',69,0,0,0,0,0,0,0,0),(816,'training_officer',72,0,0,0,0,0,0,0,0),(817,'training_officer',73,0,0,0,0,0,0,0,0),(818,'training_officer',71,0,0,0,0,0,0,0,0),(819,'training_officer',70,0,0,0,0,0,0,0,0),(820,'training_officer',30,0,0,0,0,0,0,0,0),(821,'training_officer',28,0,0,0,0,0,0,0,0),(822,'training_officer',29,0,0,0,0,0,0,0,0),(823,'training_officer',27,0,0,0,0,0,0,0,0),(824,'training_officer',61,0,0,0,0,0,0,0,0),(825,'training_officer',60,0,0,0,0,0,0,0,0),(826,'training_officer',63,0,0,0,0,0,0,0,0),(827,'training_officer',62,0,0,0,0,0,0,0,0),(828,'training_officer',59,0,0,0,0,0,0,0,0),(829,'training_officer',76,0,0,0,0,0,0,0,0),(830,'training_officer',77,0,0,0,0,0,0,0,0),(831,'training_officer',19,0,0,0,0,0,0,0,0),(832,'training_officer',20,0,0,0,0,0,0,0,0),(833,'training_officer',18,0,0,0,0,0,0,0,0),(834,'training_officer',21,0,0,0,0,0,0,0,0),(835,'training_officer',17,0,0,0,0,0,0,0,0),(836,'training_officer',35,1,1,1,0,0,0,0,0),(837,'training_officer',36,0,0,0,0,0,1,0,0),(838,'training_officer',34,1,1,1,0,0,0,0,0),(839,'training_officer',33,1,0,0,0,0,0,0,0),(840,'training_officer',74,0,0,0,0,0,0,0,0),(841,'training_officer',75,0,0,0,0,0,0,0,0),(890,'supervisor',65,0,0,0,0,0,0,0,0),(891,'supervisor',66,0,0,0,0,0,0,0,0),(892,'supervisor',64,0,0,0,0,0,0,0,0),(893,'supervisor',45,0,0,0,0,0,0,0,0),(894,'supervisor',44,0,0,0,0,0,0,0,0),(895,'supervisor',43,0,0,0,0,0,0,0,0),(896,'supervisor',14,0,0,0,0,0,0,0,0),(897,'supervisor',13,0,0,0,0,0,0,0,0),(898,'supervisor',15,0,0,0,0,0,0,0,0),(899,'supervisor',12,1,0,0,0,0,0,0,0),(900,'supervisor',79,0,0,0,0,0,0,0,0),(901,'supervisor',78,0,0,0,0,0,0,0,0),(902,'supervisor',2,0,0,0,0,0,0,0,0),(903,'supervisor',1,1,0,0,0,0,0,0,0),(904,'supervisor',42,0,0,0,0,0,0,0,0),(905,'supervisor',41,0,0,0,0,0,0,0,0),(906,'supervisor',40,0,0,0,0,0,0,0,0),(907,'supervisor',49,0,0,0,0,0,0,0,0),(908,'supervisor',50,0,0,0,0,0,0,0,0),(909,'supervisor',47,0,0,0,0,0,0,0,0),(910,'supervisor',48,0,0,0,0,0,0,0,0),(911,'supervisor',46,0,0,0,0,0,0,0,0),(912,'supervisor',9,0,0,0,0,0,0,0,0),(913,'supervisor',4,0,0,0,0,0,0,0,0),(914,'supervisor',6,0,0,0,0,0,0,0,0),(915,'supervisor',5,0,0,0,0,0,0,0,0),(916,'supervisor',7,0,0,0,0,0,0,0,0),(917,'supervisor',10,0,0,0,0,0,0,0,0),(918,'supervisor',8,0,0,0,0,0,0,0,0),(919,'supervisor',11,0,0,0,0,0,0,0,0),(920,'supervisor',3,1,0,0,0,0,0,0,0),(921,'supervisor',68,0,0,0,0,0,0,0,0),(922,'supervisor',67,1,0,0,0,0,0,0,0),(923,'supervisor',16,0,0,0,0,0,0,0,0),(924,'supervisor',23,0,1,0,0,0,0,0,0),(925,'supervisor',24,0,0,0,0,1,0,0,0),(926,'supervisor',26,0,0,0,0,0,0,0,0),(927,'supervisor',25,0,0,0,0,0,0,0,0),(928,'supervisor',22,1,0,0,0,0,0,0,0),(929,'supervisor',32,0,0,0,0,0,0,0,0),(930,'supervisor',31,0,0,0,0,0,0,0,0),(931,'supervisor',55,0,0,0,0,0,0,0,0),(932,'supervisor',58,0,0,0,0,0,0,0,0),(933,'supervisor',54,0,0,0,0,0,0,0,0),(934,'supervisor',52,0,0,0,0,0,0,0,0),(935,'supervisor',57,0,0,0,0,0,0,0,0),(936,'supervisor',53,0,0,0,0,0,0,0,0),(937,'supervisor',56,0,0,0,0,0,0,0,0),(938,'supervisor',51,0,0,0,0,0,0,0,0),(939,'supervisor',39,0,0,0,0,0,0,0,0),(940,'supervisor',38,0,0,0,0,0,0,0,0),(941,'supervisor',37,1,0,0,0,0,0,0,0),(942,'supervisor',69,1,0,0,0,0,0,0,0),(943,'supervisor',72,1,0,0,0,0,0,0,0),(944,'supervisor',73,1,0,0,0,0,0,0,0),(945,'supervisor',71,1,0,0,0,0,0,0,0),(946,'supervisor',70,1,0,0,0,0,0,0,0),(947,'supervisor',30,0,0,0,0,0,0,0,0),(948,'supervisor',28,0,0,0,0,0,0,0,0),(949,'supervisor',29,0,0,0,0,0,0,0,0),(950,'supervisor',27,0,0,0,0,0,0,0,0),(951,'supervisor',61,0,0,0,0,0,0,0,0),(952,'supervisor',60,0,0,0,0,0,0,0,0),(953,'supervisor',63,0,0,0,0,0,0,0,0),(954,'supervisor',62,0,0,0,0,0,0,0,0),(955,'supervisor',59,0,0,0,0,0,0,0,0),(956,'supervisor',76,0,0,0,0,0,0,0,0),(957,'supervisor',77,0,0,0,0,0,0,0,0),(958,'supervisor',19,0,0,0,0,1,0,0,0),(959,'supervisor',20,0,0,0,0,1,0,0,0),(960,'supervisor',18,0,0,0,0,0,0,0,0),(961,'supervisor',21,0,0,0,0,0,0,0,0),(962,'supervisor',17,1,0,0,0,0,0,0,0),(963,'supervisor',35,0,0,0,0,0,0,0,0),(964,'supervisor',36,0,0,0,0,0,0,0,0),(965,'supervisor',34,0,0,0,0,0,0,0,0),(966,'supervisor',33,1,0,0,0,0,0,0,0),(967,'supervisor',74,0,0,0,0,0,0,0,0),(968,'supervisor',75,0,0,0,0,0,0,0,0),(1017,'employee',65,0,0,0,0,0,0,0,0),(1018,'employee',66,0,0,0,0,0,0,0,0),(1019,'employee',64,0,0,0,0,0,0,0,0),(1020,'employee',45,0,0,0,0,0,0,0,0),(1021,'employee',44,0,0,0,0,0,0,0,0),(1022,'employee',43,0,0,0,0,0,0,0,0),(1023,'employee',14,0,0,0,0,0,0,0,0),(1024,'employee',13,0,0,0,0,0,0,0,0),(1025,'employee',15,0,0,0,0,0,0,0,0),(1026,'employee',12,0,0,0,0,0,0,0,0),(1027,'employee',79,0,0,0,0,0,0,0,0),(1028,'employee',78,0,0,0,0,0,0,0,0),(1029,'employee',2,0,0,0,0,0,0,0,0),(1030,'employee',1,0,0,0,0,0,0,0,0),(1031,'employee',42,0,0,0,0,0,0,0,0),(1032,'employee',41,0,0,0,0,0,0,0,0),(1033,'employee',40,0,0,0,0,0,0,0,0),(1034,'employee',49,0,0,0,0,0,0,0,0),(1035,'employee',50,0,0,0,0,0,0,0,0),(1036,'employee',47,0,0,0,0,0,0,0,0),(1037,'employee',48,0,0,0,0,0,0,0,0),(1038,'employee',46,0,0,0,0,0,0,0,0),(1039,'employee',9,0,0,0,0,0,0,0,0),(1040,'employee',4,0,0,0,0,0,0,0,0),(1041,'employee',6,0,0,0,0,0,0,0,0),(1042,'employee',5,0,0,0,0,0,0,0,0),(1043,'employee',7,0,0,0,0,0,0,0,0),(1044,'employee',10,0,0,0,0,0,0,0,0),(1045,'employee',8,0,0,0,0,0,0,0,0),(1046,'employee',11,0,0,0,0,0,0,0,0),(1047,'employee',3,0,0,0,0,0,0,0,0),(1048,'employee',68,0,0,0,0,0,0,0,0),(1049,'employee',67,0,0,0,0,0,0,0,0),(1050,'employee',16,0,0,0,0,0,0,0,0),(1051,'employee',23,1,1,0,0,0,0,0,0),(1052,'employee',24,0,0,0,0,0,0,0,0),(1053,'employee',26,0,0,0,0,0,0,0,0),(1054,'employee',25,0,0,0,0,0,0,0,0),(1055,'employee',22,0,0,0,0,0,0,0,0),(1056,'employee',32,0,0,0,0,0,0,0,0),(1057,'employee',31,0,0,0,0,0,0,0,0),(1058,'employee',55,0,0,0,0,0,0,0,0),(1059,'employee',58,0,0,0,0,0,0,0,0),(1060,'employee',54,0,0,0,0,0,0,0,0),(1061,'employee',52,0,0,0,0,0,0,0,0),(1062,'employee',57,0,0,0,0,0,0,0,0),(1063,'employee',53,0,0,0,0,0,0,0,0),(1064,'employee',56,0,0,0,0,0,0,0,0),(1065,'employee',51,0,0,0,0,0,0,0,0),(1066,'employee',39,0,0,0,0,0,0,0,0),(1067,'employee',38,0,0,0,0,0,0,0,0),(1068,'employee',37,0,0,0,0,0,0,0,0),(1069,'employee',69,1,0,0,0,0,0,0,0),(1070,'employee',72,1,0,0,0,0,0,0,0),(1071,'employee',73,1,0,0,0,0,0,0,0),(1072,'employee',71,1,0,0,0,0,0,0,0),(1073,'employee',70,1,1,0,0,0,0,0,0),(1074,'employee',30,0,0,0,0,0,0,0,0),(1075,'employee',28,0,0,0,0,0,0,0,0),(1076,'employee',29,0,0,0,0,0,0,0,0),(1077,'employee',27,0,0,0,0,0,0,0,0),(1078,'employee',61,0,0,0,0,0,0,0,0),(1079,'employee',60,0,0,0,0,0,0,0,0),(1080,'employee',63,0,0,0,0,0,0,0,0),(1081,'employee',62,0,0,0,0,0,0,0,0),(1082,'employee',59,0,0,0,0,0,0,0,0),(1083,'employee',76,0,0,0,0,0,0,0,0),(1084,'employee',77,0,0,0,0,0,0,0,0),(1085,'employee',19,0,0,0,0,0,0,0,0),(1086,'employee',20,0,0,0,0,0,0,0,0),(1087,'employee',18,0,0,0,0,0,0,0,0),(1088,'employee',21,0,0,0,0,0,0,0,0),(1089,'employee',17,0,0,0,0,0,0,0,0),(1090,'employee',35,0,0,0,0,0,0,0,0),(1091,'employee',36,0,0,0,0,0,0,0,0),(1092,'employee',34,0,0,0,0,0,0,0,0),(1093,'employee',33,0,0,0,0,0,0,0,0),(1094,'employee',74,0,0,0,0,0,0,0,0),(1095,'employee',75,0,0,0,0,0,0,0,0),(1144,'kiosk_terminal',65,0,0,0,0,0,0,0,0),(1145,'kiosk_terminal',66,0,0,0,0,0,0,0,0),(1146,'kiosk_terminal',64,0,0,0,0,0,0,0,0),(1147,'kiosk_terminal',45,0,0,0,0,0,0,0,0),(1148,'kiosk_terminal',44,0,0,0,0,0,0,0,0),(1149,'kiosk_terminal',43,0,0,0,0,0,0,0,0),(1150,'kiosk_terminal',14,0,0,0,0,0,0,0,0),(1151,'kiosk_terminal',13,0,0,0,0,0,0,0,0),(1152,'kiosk_terminal',15,0,0,0,0,0,0,0,0),(1153,'kiosk_terminal',12,1,1,0,0,0,0,0,0),(1154,'kiosk_terminal',79,0,0,0,0,0,0,0,0),(1155,'kiosk_terminal',78,0,0,0,0,0,0,0,0),(1156,'kiosk_terminal',2,0,0,0,0,0,0,0,0),(1157,'kiosk_terminal',1,0,0,0,0,0,0,0,0),(1158,'kiosk_terminal',42,0,0,0,0,0,0,0,0),(1159,'kiosk_terminal',41,0,0,0,0,0,0,0,0),(1160,'kiosk_terminal',40,0,0,0,0,0,0,0,0),(1161,'kiosk_terminal',49,0,0,0,0,0,0,0,0),(1162,'kiosk_terminal',50,0,0,0,0,0,0,0,0),(1163,'kiosk_terminal',47,0,0,0,0,0,0,0,0),(1164,'kiosk_terminal',48,0,0,0,0,0,0,0,0),(1165,'kiosk_terminal',46,0,0,0,0,0,0,0,0),(1166,'kiosk_terminal',9,0,0,0,0,0,0,0,0),(1167,'kiosk_terminal',4,0,0,0,0,0,0,0,0),(1168,'kiosk_terminal',6,0,0,0,0,0,0,0,0),(1169,'kiosk_terminal',5,0,0,0,0,0,0,0,0),(1170,'kiosk_terminal',7,0,0,0,0,0,0,0,0),(1171,'kiosk_terminal',10,0,0,0,0,0,0,0,0),(1172,'kiosk_terminal',8,0,0,0,0,0,0,0,0),(1173,'kiosk_terminal',11,0,0,0,0,0,0,0,0),(1174,'kiosk_terminal',3,0,0,0,0,0,0,0,0),(1175,'kiosk_terminal',68,0,0,0,0,0,0,0,0),(1176,'kiosk_terminal',67,0,0,0,0,0,0,0,0),(1177,'kiosk_terminal',16,1,0,0,0,0,0,0,0),(1178,'kiosk_terminal',23,0,0,0,0,0,0,0,0),(1179,'kiosk_terminal',24,0,0,0,0,0,0,0,0),(1180,'kiosk_terminal',26,0,0,0,0,0,0,0,0),(1181,'kiosk_terminal',25,0,0,0,0,0,0,0,0),(1182,'kiosk_terminal',22,0,0,0,0,0,0,0,0),(1183,'kiosk_terminal',32,0,0,0,0,0,0,0,0),(1184,'kiosk_terminal',31,0,0,0,0,0,0,0,0),(1185,'kiosk_terminal',55,0,0,0,0,0,0,0,0),(1186,'kiosk_terminal',58,0,0,0,0,0,0,0,0),(1187,'kiosk_terminal',54,0,0,0,0,0,0,0,0),(1188,'kiosk_terminal',52,0,0,0,0,0,0,0,0),(1189,'kiosk_terminal',57,0,0,0,0,0,0,0,0),(1190,'kiosk_terminal',53,0,0,0,0,0,0,0,0),(1191,'kiosk_terminal',56,0,0,0,0,0,0,0,0),(1192,'kiosk_terminal',51,0,0,0,0,0,0,0,0),(1193,'kiosk_terminal',39,0,0,0,0,0,0,0,0),(1194,'kiosk_terminal',38,0,0,0,0,0,0,0,0),(1195,'kiosk_terminal',37,0,0,0,0,0,0,0,0),(1196,'kiosk_terminal',69,0,0,0,0,0,0,0,0),(1197,'kiosk_terminal',72,0,0,0,0,0,0,0,0),(1198,'kiosk_terminal',73,0,0,0,0,0,0,0,0),(1199,'kiosk_terminal',71,0,0,0,0,0,0,0,0),(1200,'kiosk_terminal',70,0,0,0,0,0,0,0,0),(1201,'kiosk_terminal',30,0,0,0,0,0,0,0,0),(1202,'kiosk_terminal',28,0,0,0,0,0,0,0,0),(1203,'kiosk_terminal',29,0,0,0,0,0,0,0,0),(1204,'kiosk_terminal',27,0,0,0,0,0,0,0,0),(1205,'kiosk_terminal',61,0,0,0,0,0,0,0,0),(1206,'kiosk_terminal',60,0,0,0,0,0,0,0,0),(1207,'kiosk_terminal',63,0,0,0,0,0,0,0,0),(1208,'kiosk_terminal',62,0,0,0,0,0,0,0,0),(1209,'kiosk_terminal',59,0,0,0,0,0,0,0,0),(1210,'kiosk_terminal',76,0,0,0,0,0,0,0,0),(1211,'kiosk_terminal',77,0,0,0,0,0,0,0,0),(1212,'kiosk_terminal',19,0,0,0,0,0,0,0,0),(1213,'kiosk_terminal',20,0,0,0,0,0,0,0,0),(1214,'kiosk_terminal',18,0,0,0,0,0,0,0,0),(1215,'kiosk_terminal',21,0,0,0,0,0,0,0,0),(1216,'kiosk_terminal',17,0,0,0,0,0,0,0,0),(1217,'kiosk_terminal',35,0,0,0,0,0,0,0,0),(1218,'kiosk_terminal',36,0,0,0,0,0,0,0,0),(1219,'kiosk_terminal',34,0,0,0,0,0,0,0,0),(1220,'kiosk_terminal',33,0,0,0,0,0,0,0,0),(1221,'kiosk_terminal',74,0,0,0,0,0,0,0,0),(1222,'kiosk_terminal',75,0,0,0,0,0,0,0,0),(1223,'super_admin',80,1,1,1,1,1,1,1,1),(1224,'super_admin',81,1,1,1,1,1,1,1,1),(1225,'super_admin',82,1,1,1,1,1,1,1,1),(1226,'super_admin',83,1,1,1,1,1,1,1,1),(1227,'super_admin',84,1,1,1,1,1,1,1,1),(1228,'super_admin',85,1,1,1,1,1,1,1,1),(1229,'super_admin',86,1,1,1,1,1,1,1,1),(1230,'hr_manager',80,1,1,1,1,1,1,1,1),(1231,'hr_manager',81,1,1,1,1,1,1,1,1),(1232,'hr_manager',82,1,1,1,1,1,1,1,1),(1233,'hr_manager',83,1,1,1,1,1,1,1,1),(1234,'hr_manager',84,1,1,1,1,1,1,1,1),(1235,'hr_manager',85,1,1,1,1,1,1,1,1),(1236,'hr_manager',86,1,1,1,1,1,1,1,1),(1237,'hr_officer',86,1,0,0,0,0,0,0,0),(1238,'super_admin',88,1,1,1,1,1,1,1,1),(1239,'super_admin',90,1,1,1,1,1,1,1,1),(1240,'super_admin',89,1,1,1,1,1,1,1,1),(1241,'super_admin',87,1,1,1,1,1,1,1,1),(1245,'hr_manager',88,1,1,1,0,1,1,0,0),(1246,'hr_manager',90,1,1,1,0,1,1,0,0),(1247,'hr_manager',89,1,1,1,0,1,1,0,0),(1248,'hr_manager',87,1,1,1,0,1,1,0,0),(1252,'hr_officer',88,1,0,0,0,0,1,0,0),(1253,'hr_officer',90,1,0,0,0,0,1,0,0),(1254,'hr_officer',89,1,0,0,0,0,1,0,0),(1255,'hr_officer',87,1,0,0,0,0,1,0,0),(1259,'super_admin',92,1,1,1,1,1,1,1,1),(1260,'super_admin',94,1,1,1,1,1,1,1,1),(1261,'super_admin',93,1,1,1,1,1,1,1,1),(1262,'super_admin',91,1,1,1,1,1,1,1,1),(1266,'hr_manager',92,1,1,1,0,1,1,0,0),(1267,'hr_manager',94,1,1,1,0,1,1,0,0),(1268,'hr_manager',93,1,1,1,0,1,1,0,0),(1269,'hr_manager',91,1,1,1,0,1,1,0,0),(1273,'hr_officer',92,1,0,0,0,0,1,0,0),(1274,'hr_officer',94,1,0,0,0,0,1,0,0),(1275,'hr_officer',93,1,0,0,0,0,1,0,0),(1276,'hr_officer',91,1,0,0,0,0,1,0,0),(1280,'super_admin',95,1,0,0,0,0,1,0,0),(1281,'super_admin',96,1,0,0,0,0,0,0,0),(1282,'hr_manager',96,1,0,0,0,0,0,0,0);
/*!40000 ALTER TABLE `role_permissions` ENABLE KEYS */;
UNLOCK TABLES;

--
-- Table structure for table `temp_employees`
--

DROP TABLE IF EXISTS `temp_employees`;
/*!40101 SET @saved_cs_client     = @@character_set_client */;
/*!40101 SET character_set_client = utf8 */;
CREATE TABLE `temp_employees` (
  `id` int(10) unsigned NOT NULL AUTO_INCREMENT,
  `employee_number` varchar(30) NOT NULL,
  `first_name` varchar(100) NOT NULL,
  `last_name` varchar(100) NOT NULL,
  `phone` varchar(30) DEFAULT NULL,
  `email` varchar(200) DEFAULT NULL,
  `position_title` varchar(200) DEFAULT NULL,
  `project_id` int(10) unsigned DEFAULT NULL,
  `site_id` int(10) unsigned DEFAULT NULL,
  `start_date` date DEFAULT NULL,
  `end_date` date DEFAULT NULL,
  `status` enum('active','completed','terminated') NOT NULL DEFAULT 'active',
  `daily_rate` decimal(10,2) DEFAULT NULL,
  `rate_type` enum('daily','hourly') NOT NULL DEFAULT 'daily',
  `notes` text DEFAULT NULL,
  `portal_active` tinyint(1) NOT NULL DEFAULT 0,
  `attendance_method` enum('kiosk','timesheet','both') NOT NULL DEFAULT 'kiosk',
  `portal_password` varchar(255) DEFAULT NULL,
  `portal_last_login` datetime DEFAULT NULL,
  `created_at` datetime NOT NULL DEFAULT current_timestamp(),
  `updated_at` datetime NOT NULL DEFAULT current_timestamp() ON UPDATE current_timestamp(),
  PRIMARY KEY (`id`),
  UNIQUE KEY `employee_number` (`employee_number`),
  KEY `project_id` (`project_id`),
  KEY `site_id` (`site_id`),
  CONSTRAINT `temp_employees_ibfk_1` FOREIGN KEY (`project_id`) REFERENCES `temp_projects` (`id`) ON DELETE SET NULL,
  CONSTRAINT `temp_employees_ibfk_2` FOREIGN KEY (`site_id`) REFERENCES `temp_sites` (`id`) ON DELETE SET NULL
) ENGINE=InnoDB AUTO_INCREMENT=9 DEFAULT CHARSET=utf8mb4 COLLATE=utf8mb4_unicode_ci;
/*!40101 SET character_set_client = @saved_cs_client */;

--
-- Dumping data for table `temp_employees`
--

LOCK TABLES `temp_employees` WRITE;
/*!40000 ALTER TABLE `temp_employees` DISABLE KEYS */;
INSERT INTO `temp_employees` VALUES (1,'KOM-TMP-2026-0001','Benjamin','Moka','+675 7100 1001','b.moka@contractor.pg','Site Labourer',1,1,'2026-01-15','2026-06-30','active',180.00,'daily',NULL,0,'kiosk',NULL,'2026-07-11 23:36:17','2026-07-02 19:49:01','2026-07-11 23:36:24'),(2,'KOM-TMP-2026-0002','Grace','Tagari','+675 7100 1002','g.tagari@contractor.pg','Site Supervisor',1,2,'2026-01-20','2026-12-31','active',350.00,'daily',NULL,0,'kiosk',NULL,NULL,'2026-07-02 19:49:01','2026-07-02 19:49:01'),(3,'KOM-TMP-2026-0003','Peter','Avi','+675 7100 1003','p.avi@contractor.pg','Equipment Operator',1,1,'2026-02-01','2026-08-31','active',280.00,'daily',NULL,0,'kiosk',NULL,NULL,'2026-07-02 19:49:01','2026-07-02 19:49:01'),(4,'KOM-TMP-2026-0004','Susan','Teine','+675 7100 1004','s.teine@contractor.pg','Safety Officer',2,3,'2026-03-05','2026-12-31','active',320.00,'daily',NULL,0,'kiosk',NULL,NULL,'2026-07-02 19:49:01','2026-07-02 19:49:01'),(5,'KOM-TMP-2026-0005','Robert','Laka','+675 7100 1005','r.laka@contractor.pg','Concreter',2,3,'2026-03-10','2026-09-30','active',210.00,'daily',NULL,0,'kiosk',NULL,NULL,'2026-07-02 19:49:01','2026-07-02 19:49:01'),(6,'KOM-TMP-2026-0006','Mary','Kapi','+675 7100 1006','m.kapi@contractor.pg','Site Admin',2,4,'2026-03-01','2026-12-31','active',260.00,'daily',NULL,0,'kiosk',NULL,NULL,'2026-07-02 19:49:01','2026-07-02 19:49:01'),(7,'KOM-TMP-2026-0007','John','Wamugl','+675 7100 1007','j.wamugl@contractor.pg','Survey Technician',3,5,'2026-05-20','2026-09-30','completed',300.00,'daily','Survey phase completed early',0,'kiosk',NULL,NULL,'2026-07-02 19:49:01','2026-07-02 19:49:01'),(8,'KOM-TMP-2026-0008','Rachael','Poro','+675 7100 1008','r.poro@contractor.pg','Data Entry Clerk',2,4,'2026-04-01','2026-10-31','active',190.00,'daily',NULL,0,'kiosk',NULL,NULL,'2026-07-02 19:49:01','2026-07-02 19:49:01');
/*!40000 ALTER TABLE `temp_employees` ENABLE KEYS */;
UNLOCK TABLES;

--
-- Table structure for table `temp_projects`
--

DROP TABLE IF EXISTS `temp_projects`;
/*!40101 SET @saved_cs_client     = @@character_set_client */;
/*!40101 SET character_set_client = utf8 */;
CREATE TABLE `temp_projects` (
  `id` int(10) unsigned NOT NULL AUTO_INCREMENT,
  `name` varchar(200) NOT NULL,
  `code` varchar(30) NOT NULL,
  `client` varchar(200) DEFAULT NULL,
  `location` varchar(200) DEFAULT NULL,
  `description` text DEFAULT NULL,
  `status` enum('active','on_hold','completed') NOT NULL DEFAULT 'active',
  `start_date` date DEFAULT NULL,
  `end_date` date DEFAULT NULL,
  `created_at` datetime NOT NULL DEFAULT current_timestamp(),
  PRIMARY KEY (`id`),
  UNIQUE KEY `code` (`code`)
) ENGINE=InnoDB AUTO_INCREMENT=4 DEFAULT CHARSET=utf8mb4 COLLATE=utf8mb4_unicode_ci;
/*!40101 SET character_set_client = @saved_cs_client */;

--
-- Dumping data for table `temp_projects`
--

LOCK TABLES `temp_projects` WRITE;
/*!40000 ALTER TABLE `temp_projects` DISABLE KEYS */;
INSERT INTO `temp_projects` VALUES (1,'Port Moresby Road Upgrade','PRJ-001','NCD Works Authority','Port Moresby, NCD','Rehabilitation of Waigani Drive and adjacent arterial roads','active','2026-01-10','2026-12-31','2026-07-02 19:49:01'),(2,'Lae Industrial Zone Build','PRJ-002','Morobe Development','Lae, Morobe Province','Construction of new light industrial precinct in Lae','active','2026-03-01','2027-06-30','2026-07-02 19:49:01'),(3,'Highlands Highway Survey','PRJ-003','Dept of Works & Highways','Mt Hagen, WHP','Feasibility and geotechnical survey of Highlands Highway','on_hold','2026-05-15','2026-11-30','2026-07-02 19:49:01');
/*!40000 ALTER TABLE `temp_projects` ENABLE KEYS */;
UNLOCK TABLES;

--
-- Table structure for table `temp_sites`
--

DROP TABLE IF EXISTS `temp_sites`;
/*!40101 SET @saved_cs_client     = @@character_set_client */;
/*!40101 SET character_set_client = utf8 */;
CREATE TABLE `temp_sites` (
  `id` int(10) unsigned NOT NULL AUTO_INCREMENT,
  `project_id` int(10) unsigned NOT NULL,
  `name` varchar(200) NOT NULL,
  `location` varchar(200) DEFAULT NULL,
  `description` text DEFAULT NULL,
  `status` enum('active','inactive') NOT NULL DEFAULT 'active',
  `created_at` datetime NOT NULL DEFAULT current_timestamp(),
  PRIMARY KEY (`id`),
  KEY `project_id` (`project_id`),
  CONSTRAINT `temp_sites_ibfk_1` FOREIGN KEY (`project_id`) REFERENCES `temp_projects` (`id`) ON DELETE CASCADE
) ENGINE=InnoDB AUTO_INCREMENT=6 DEFAULT CHARSET=utf8mb4 COLLATE=utf8mb4_unicode_ci;
/*!40101 SET character_set_client = @saved_cs_client */;

--
-- Dumping data for table `temp_sites`
--

LOCK TABLES `temp_sites` WRITE;
/*!40000 ALTER TABLE `temp_sites` DISABLE KEYS */;
INSERT INTO `temp_sites` VALUES (1,1,'Section A, Waigani Drive','Waigani, NCD','Primary roadwork zone from Parliament to Gordon','active','2026-07-02 19:49:01'),(2,1,'Section B, Goro Road Interchange','Goro, NCD','Intersection upgrade and drainage works','active','2026-07-02 19:49:01'),(3,2,'Block 4 Industrial Site','Lae Tidal Basin','Main construction compound for industrial units','active','2026-07-02 19:49:01'),(4,2,'Site Office, Lae','Lae City Centre','Administrative and staging site','active','2026-07-02 19:49:01'),(5,3,'Survey Camp, Kainantu','Kainantu, EHP','Base camp for eastern survey corridor','inactive','2026-07-02 19:49:01');
/*!40000 ALTER TABLE `temp_sites` ENABLE KEYS */;
UNLOCK TABLES;

--
-- Table structure for table `training_attendance`
--

DROP TABLE IF EXISTS `training_attendance`;
/*!40101 SET @saved_cs_client     = @@character_set_client */;
/*!40101 SET character_set_client = utf8 */;
CREATE TABLE `training_attendance` (
  `id` int(10) unsigned NOT NULL AUTO_INCREMENT,
  `training_id` int(10) unsigned NOT NULL,
  `employee_id` int(10) unsigned NOT NULL,
  `attended` tinyint(1) DEFAULT 0,
  `certificate_file` varchar(255) DEFAULT NULL,
  `certificate_expiry` date DEFAULT NULL,
  `notes` text DEFAULT NULL,
  PRIMARY KEY (`id`),
  UNIQUE KEY `training_emp_unique` (`training_id`,`employee_id`),
  KEY `employee_id` (`employee_id`),
  CONSTRAINT `training_attendance_ibfk_1` FOREIGN KEY (`training_id`) REFERENCES `training_programs` (`id`) ON DELETE CASCADE,
  CONSTRAINT `training_attendance_ibfk_2` FOREIGN KEY (`employee_id`) REFERENCES `employees` (`id`) ON DELETE CASCADE
) ENGINE=InnoDB AUTO_INCREMENT=33 DEFAULT CHARSET=utf8mb4 COLLATE=utf8mb4_unicode_ci;
/*!40101 SET character_set_client = @saved_cs_client */;

--
-- Dumping data for table `training_attendance`
--

LOCK TABLES `training_attendance` WRITE;
/*!40000 ALTER TABLE `training_attendance` DISABLE KEYS */;
INSERT INTO `training_attendance` VALUES (1,6,1,1,NULL,NULL,NULL),(2,6,2,1,NULL,NULL,NULL),(3,6,3,1,NULL,NULL,NULL),(4,6,4,1,NULL,NULL,NULL),(5,6,5,1,NULL,NULL,NULL),(6,6,6,1,NULL,NULL,NULL),(7,6,7,1,NULL,NULL,NULL),(8,6,8,1,NULL,NULL,NULL),(9,6,9,1,NULL,NULL,NULL),(10,6,10,1,NULL,NULL,NULL),(11,6,11,1,NULL,NULL,NULL),(12,6,12,1,NULL,NULL,NULL),(13,6,13,1,NULL,NULL,NULL),(16,7,3,1,NULL,NULL,NULL),(17,7,4,1,NULL,NULL,NULL),(18,7,5,1,NULL,NULL,NULL),(19,7,6,1,NULL,NULL,NULL),(23,8,1,1,NULL,NULL,NULL),(24,8,2,1,NULL,NULL,NULL),(25,8,6,1,NULL,NULL,NULL),(26,8,8,1,NULL,NULL,NULL),(27,8,10,1,NULL,NULL,NULL),(28,8,13,1,NULL,NULL,NULL),(30,9,11,1,NULL,NULL,NULL),(31,9,12,1,NULL,NULL,NULL);
/*!40000 ALTER TABLE `training_attendance` ENABLE KEYS */;
UNLOCK TABLES;

--
-- Table structure for table `training_programs`
--

DROP TABLE IF EXISTS `training_programs`;
/*!40101 SET @saved_cs_client     = @@character_set_client */;
/*!40101 SET character_set_client = utf8 */;
CREATE TABLE `training_programs` (
  `id` int(10) unsigned NOT NULL AUTO_INCREMENT,
  `title` varchar(200) NOT NULL,
  `provider` varchar(200) DEFAULT NULL,
  `description` text DEFAULT NULL,
  `start_date` date DEFAULT NULL,
  `end_date` date DEFAULT NULL,
  `cost` decimal(12,2) DEFAULT NULL,
  `location` varchar(200) DEFAULT NULL,
  `status` enum('planned','ongoing','completed','cancelled') DEFAULT 'planned',
  `created_by` int(10) unsigned DEFAULT NULL,
  `created_at` timestamp NOT NULL DEFAULT current_timestamp(),
  PRIMARY KEY (`id`)
) ENGINE=InnoDB AUTO_INCREMENT=12 DEFAULT CHARSET=utf8mb4 COLLATE=utf8mb4_unicode_ci;
/*!40101 SET character_set_client = @saved_cs_client */;

--
-- Dumping data for table `training_programs`
--

LOCK TABLES `training_programs` WRITE;
/*!40000 ALTER TABLE `training_programs` DISABLE KEYS */;
INSERT INTO `training_programs` VALUES (1,'PHP 8 Advanced Workshop','Code Academy SA','Modern PHP development patterns and best practices','2026-02-10','2026-02-12',4500.00,'Johannesburg','completed',1,'2026-06-25 01:05:31'),(2,'Leadership Development Program','Business School','Developing leadership competencies for senior staff','2026-03-01','2026-03-05',12000.00,'Cape Town','completed',1,'2026-06-25 01:05:31'),(3,'Occupational Health & Safety','SafetyFirst Training','OHS compliance and workplace safety','2026-04-15','2026-04-15',800.00,'Head Office','completed',1,'2026-06-25 01:05:31'),(4,'Excel Advanced for Finance','Micro Training','Advanced Excel for financial reporting','2026-05-20','2026-05-21',2200.00,'Head Office','completed',1,'2026-06-25 01:05:31'),(5,'Welding Certification Renewal','Trade Institute','Renewal of welding certification','2026-07-01','2026-07-03',3500.00,'Workshop','planned',1,'2026-06-25 01:05:31'),(6,'Workplace Health & Safety Awareness','SafeWork PNG','Annual WHS compliance training for all staff','2026-02-10','2026-02-10',850.00,'Head Office ??? Boardroom','completed',1,'2026-06-27 12:10:44'),(7,'AutoCAD Fundamentals for Drafting','PNG Technical Institute','CAD software skills for draftsmen','2026-03-03','2026-03-07',2800.00,'Port Moresby ??? PTI Campus','completed',1,'2026-06-27 12:10:44'),(8,'Project Management Professional (PMP) Prep','PM Institute Online','PMP examination preparation course','2026-04-14','2026-05-16',5500.00,'Online (remote)','completed',1,'2026-06-27 12:10:44'),(9,'Advanced Excel & Financial Reporting','Business Skills PNG','Excel for finance and reporting','2026-05-19','2026-05-20',1200.00,'Head Office ??? Training Room','completed',1,'2026-06-27 12:10:44'),(10,'Leadership Essentials for Supervisors','Pacific Leadership Academy','Leadership and team management skills','2026-07-07','2026-07-09',4200.00,'Port Moresby ??? Ela Beach Hotel','planned',1,'2026-06-27 12:10:44'),(11,'ISO 9001 Quality Management Awareness','Bureau Veritas PNG','Quality management system introduction','2026-08-11','2026-08-11',950.00,'Head Office','planned',1,'2026-06-27 12:10:44');
/*!40000 ALTER TABLE `training_programs` ENABLE KEYS */;
UNLOCK TABLES;

--
-- Table structure for table `users`
--

DROP TABLE IF EXISTS `users`;
/*!40101 SET @saved_cs_client     = @@character_set_client */;
/*!40101 SET character_set_client = utf8 */;
CREATE TABLE `users` (
  `id` int(10) unsigned NOT NULL AUTO_INCREMENT,
  `employee_id` int(10) unsigned DEFAULT NULL,
  `username` varchar(80) NOT NULL,
  `email` varchar(150) NOT NULL,
  `first_name` varchar(100) DEFAULT NULL,
  `last_name` varchar(100) DEFAULT NULL,
  `job_title` varchar(150) DEFAULT NULL,
  `phone` varchar(30) DEFAULT NULL,
  `profile_photo` varchar(255) DEFAULT NULL,
  `bio` text DEFAULT NULL,
  `password_hash` varchar(255) NOT NULL,
  `role` enum('super_admin','hr_manager','hr_officer','supervisor','employee','finance_viewer','payroll_manager','payroll_officer','recruitment_officer','training_officer','kiosk_terminal') NOT NULL DEFAULT 'employee',
  `is_active` tinyint(1) DEFAULT 1,
  `must_change_password` tinyint(1) DEFAULT 0,
  `last_login` datetime DEFAULT NULL,
  `login_attempts` int(11) DEFAULT 0,
  `locked_until` datetime DEFAULT NULL,
  `created_by` int(10) unsigned DEFAULT NULL,
  `created_at` timestamp NOT NULL DEFAULT current_timestamp(),
  `updated_at` timestamp NOT NULL DEFAULT current_timestamp() ON UPDATE current_timestamp(),
  PRIMARY KEY (`id`),
  UNIQUE KEY `username` (`username`),
  UNIQUE KEY `email` (`email`),
  KEY `employee_id` (`employee_id`),
  CONSTRAINT `users_ibfk_1` FOREIGN KEY (`employee_id`) REFERENCES `employees` (`id`) ON DELETE SET NULL
) ENGINE=InnoDB AUTO_INCREMENT=51 DEFAULT CHARSET=utf8mb4 COLLATE=utf8mb4_unicode_ci;
/*!40101 SET character_set_client = @saved_cs_client */;

--
-- Dumping data for table `users`
--

LOCK TABLES `users` WRITE;
/*!40000 ALTER TABLE `users` DISABLE KEYS */;
INSERT INTO `users` VALUES (1,NULL,'superadmin','admin@komagin.com','Mathew','Jonathan','System Admin','675 79913335','uploads/avatars/6a50409a872f31.98663728_1783644314.jpg',NULL,'$2y$10$Ad.cRs9VYqt50aDnlCc5aO7o01ueEOkaS2a6SedC1vzODE1seN83S','super_admin',1,0,'2026-07-11 23:35:41',0,NULL,NULL,'2026-06-09 23:28:19','2026-07-11 13:35:41'),(2,NULL,'payroll','payroll@komagin.com',NULL,NULL,NULL,NULL,NULL,NULL,'$2y$10$Ad.cRs9VYqt50aDnlCc5aO7o01ueEOkaS2a6SedC1vzODE1seN83S','payroll_officer',1,0,'2026-07-11 20:38:52',0,NULL,NULL,'2026-06-10 03:20:21','2026-07-11 10:38:52'),(3,NULL,'hrmanager','hrmanager@komagin.com',NULL,NULL,NULL,NULL,NULL,NULL,'$2y$10$Ad.cRs9VYqt50aDnlCc5aO7o01ueEOkaS2a6SedC1vzODE1seN83S','hr_manager',1,0,'2026-07-11 20:38:43',0,NULL,NULL,'2026-06-24 22:55:54','2026-07-11 10:38:43'),(4,NULL,'hrofficer','hrofficer@komagin.com',NULL,NULL,NULL,NULL,NULL,NULL,'$2y$10$Ad.cRs9VYqt50aDnlCc5aO7o01ueEOkaS2a6SedC1vzODE1seN83S','hr_officer',1,0,'2026-07-11 20:38:47',0,NULL,NULL,'2026-06-24 22:55:54','2026-07-11 10:38:47'),(36,1,'KOM-EMP-2026-0001','taliban.david@komagin.com',NULL,NULL,NULL,NULL,NULL,NULL,'$2y$10$Ad.cRs9VYqt50aDnlCc5aO7o01ueEOkaS2a6SedC1vzODE1seN83S','employee',1,0,NULL,0,NULL,NULL,'2026-06-25 09:50:48','2026-06-25 09:50:48'),(37,2,'KOM-EMP-2026-0002','charles.richard@komagin.com',NULL,NULL,NULL,NULL,NULL,NULL,'$2y$10$Ad.cRs9VYqt50aDnlCc5aO7o01ueEOkaS2a6SedC1vzODE1seN83S','employee',1,0,NULL,0,NULL,NULL,'2026-06-25 09:50:48','2026-06-25 09:50:48'),(38,3,'KOM-EMP-2026-0003','benson.barua@komagin.com',NULL,NULL,NULL,NULL,NULL,NULL,'$2y$10$Ad.cRs9VYqt50aDnlCc5aO7o01ueEOkaS2a6SedC1vzODE1seN83S','employee',1,0,NULL,0,NULL,NULL,'2026-06-25 09:50:48','2026-06-25 09:50:48'),(39,4,'KOM-EMP-2026-0004','david.max@komagin.com',NULL,NULL,NULL,NULL,NULL,NULL,'$2y$10$Ad.cRs9VYqt50aDnlCc5aO7o01ueEOkaS2a6SedC1vzODE1seN83S','employee',1,0,NULL,0,NULL,NULL,'2026-06-25 09:50:48','2026-06-25 09:50:48'),(40,5,'KOM-EMP-2026-0005','issac.jim@komagin.com',NULL,NULL,NULL,NULL,NULL,NULL,'$2y$10$Ad.cRs9VYqt50aDnlCc5aO7o01ueEOkaS2a6SedC1vzODE1seN83S','employee',1,0,NULL,0,NULL,NULL,'2026-06-25 09:50:48','2026-06-25 09:50:48'),(41,6,'KOM-EMP-2026-0006','joe.tengdui@komagin.com',NULL,NULL,NULL,NULL,NULL,NULL,'$2y$10$Ad.cRs9VYqt50aDnlCc5aO7o01ueEOkaS2a6SedC1vzODE1seN83S','employee',1,0,NULL,0,NULL,NULL,'2026-06-25 09:50:48','2026-06-25 09:50:48'),(42,7,'KOM-EMP-2026-0007','joshua.paul@komagin.com',NULL,NULL,NULL,NULL,NULL,NULL,'$2y$10$Ad.cRs9VYqt50aDnlCc5aO7o01ueEOkaS2a6SedC1vzODE1seN83S','employee',1,0,NULL,0,NULL,NULL,'2026-06-25 09:50:48','2026-06-25 09:50:48'),(43,8,'KOM-EMP-2026-0008','frank.david@komagin.com',NULL,NULL,NULL,NULL,NULL,NULL,'$2y$10$Ad.cRs9VYqt50aDnlCc5aO7o01ueEOkaS2a6SedC1vzODE1seN83S','employee',1,0,NULL,0,NULL,NULL,'2026-06-25 09:50:48','2026-06-25 09:50:48'),(44,9,'KOM-EMP-2026-0009','mathew.jonathan@komagin.com',NULL,NULL,NULL,NULL,NULL,NULL,'$2y$10$Ad.cRs9VYqt50aDnlCc5aO7o01ueEOkaS2a6SedC1vzODE1seN83S','employee',1,0,NULL,0,NULL,NULL,'2026-06-25 09:50:48','2026-06-25 09:50:48'),(45,10,'KOM-EMP-2026-0010','kohn.digan@komagin.com',NULL,NULL,NULL,NULL,NULL,NULL,'$2y$10$Ad.cRs9VYqt50aDnlCc5aO7o01ueEOkaS2a6SedC1vzODE1seN83S','employee',1,0,NULL,0,NULL,NULL,'2026-06-25 09:50:48','2026-06-25 09:50:48'),(46,11,'KOM-EMP-2026-0011','norman.simon@komagin.com',NULL,NULL,NULL,NULL,NULL,NULL,'$2y$10$Ad.cRs9VYqt50aDnlCc5aO7o01ueEOkaS2a6SedC1vzODE1seN83S','employee',1,0,NULL,0,NULL,NULL,'2026-06-25 09:50:48','2026-06-25 09:50:48'),(47,12,'KOM-EMP-2026-0012','david.komane@komagin.com',NULL,NULL,NULL,NULL,NULL,NULL,'$2y$10$Ad.cRs9VYqt50aDnlCc5aO7o01ueEOkaS2a6SedC1vzODE1seN83S','employee',1,0,NULL,0,NULL,NULL,'2026-06-25 09:50:48','2026-06-25 09:50:48'),(48,13,'KOM-EMP-2026-0013','zianna.koma@komagin.com',NULL,NULL,NULL,NULL,NULL,NULL,'$2y$10$Ad.cRs9VYqt50aDnlCc5aO7o01ueEOkaS2a6SedC1vzODE1seN83S','employee',1,0,NULL,0,NULL,NULL,'2026-06-25 09:50:48','2026-06-25 09:50:48');
/*!40000 ALTER TABLE `users` ENABLE KEYS */;
UNLOCK TABLES;

--
-- Dumping routines for database 'komagin_hr'
--
/*!40103 SET TIME_ZONE=@OLD_TIME_ZONE */;

/*!40101 SET SQL_MODE=@OLD_SQL_MODE */;
/*!40014 SET FOREIGN_KEY_CHECKS=@OLD_FOREIGN_KEY_CHECKS */;
/*!40014 SET UNIQUE_CHECKS=@OLD_UNIQUE_CHECKS */;
/*!40101 SET CHARACTER_SET_CLIENT=@OLD_CHARACTER_SET_CLIENT */;
/*!40101 SET CHARACTER_SET_RESULTS=@OLD_CHARACTER_SET_RESULTS */;
/*!40101 SET COLLATION_CONNECTION=@OLD_COLLATION_CONNECTION */;
/*!40111 SET SQL_NOTES=@OLD_SQL_NOTES */;

-- Dump completed on 2026-07-12  8:23:45
